Prod Type,Series,Operation Name,Prod Line,Job Name,Job Type,Part Number,Vendor PN,Release Date,First Operation Date,Close Date,Lead Time,DueDate,Gross Qty,Scrap Qty,Complete Qty
NEO,PSL B2,DummyEnd,Ta NEO Capacitor PSL series B2 case,6D27N12144,N,TEPSLB21A476M(35)8R,NEO B2 CAPACITOR,4/10/2026 16:02,6/24/2026 19:30,7/6/2026 4:55,11.4,4/27/2026 0:00,14418,2418,12000
NEO,PSL B2,DummyEnd,Ta NEO Capacitor PSL series B2 case,6D27N12145,N,TEPSLB21A476M(35)8R,NEO B2 CAPACITOR,4/10/2026 16:02,6/24/2026 19:31,7/8/2026 11:27,13.7,4/27/2026 0:00,14418,8418,6000
NEO,PSL B2,DummyEnd,Ta NEO Capacitor PSL series B2 case,6E06N03528,N,TEPSLB21E685M8RSY,NEO B2 CAPACITOR,4/22/2026 9:07,5/21/2026 2:19,7/14/2026 17:48,54.6,5/6/2026 0:00,14371,2371,12000
NEO,PSL B2,DummyEnd,Ta NEO Capacitor PSL series B2 case,6E19N10089,N,TEPSLB21E226M908RKT2,NEO B2 CAPACITOR,5/6/2026 6:56,5/9/2026 5:59,7/17/2026 23:13,69.8,5/19/2026 0:00,11664,1659,12000
NEO,PSL B2,DummyEnd,Ta NEO Capacitor PSL series B2 case,6F03N02495,N,TEPSLB20J227M25SK8R,NEO B2 CAPACITOR,5/20/2026 8:48,5/25/2026 5:48,7/13/2026 23:16,49.8,6/3/2026 0:00,11664,1664,10000
NEO,PSL B2,DummyEnd,Ta NEO Capacitor PSL series B2 case,6F08N05422,N,TEPSLB20J227M(35)8R,NEO B2 CAPACITOR,5/27/2026 7:19,6/7/2026 20:53,7/1/2026 13:41,23.7,6/8/2026 0:00,11664,3664,8000
NEO,PSL B2,DummyEnd,Ta NEO Capacitor PSL series B2 case,6F08N05479,N,TEPSLB20J227M258RKT2,NEO B2 CAPACITOR,5/27/2026 7:25,6/2/2026 22:15,7/9/2026 3:30,36.2,6/8/2026 0:00,11664,1254,12000
NEO,PSL B2,DummyEnd,Ta NEO Capacitor PSL series B2 case,6F08N05490,N,TEPSLB21A107M708RKT,NEO B2 CAPACITOR,5/27/2026 7:26,5/31/2026 22:52,7/2/2026 16:14,31.8,6/8/2026 0:00,11664,1664,10000
NEO,PSL B2,DummyEnd,Ta NEO Capacitor PSL series B2 case,6F08N05494,N,TEPSLB21A107M708RKT,NEO B2 CAPACITOR,5/27/2026 7:38,5/31/2026 22:52,7/1/2026 13:11,30.6,6/8/2026 0:00,11664,1664,10000
NEO,PSL B2,DummyEnd,Ta NEO Capacitor PSL series B2 case,6F08N05495,N,TEPSLB21A107M708RKT,NEO B2 CAPACITOR,5/27/2026 7:38,5/31/2026 22:52,7/6/2026 17:22,35.8,6/8/2026 0:00,11607,1607,10000
NEO,PSL B2,DummyEnd,Ta NEO Capacitor PSL series B2 case,6F09N05731,N,TEPSLB20J157M(25)8RF,NEO B2 CAPACITOR,5/28/2026 5:26,6/7/2026 12:55,7/6/2026 4:58,28.7,6/9/2026 0:00,11660,1660,10000
NEO,PSL B2,DummyEnd,Ta NEO Capacitor PSL series B2 case,6F09N05804,N,TEPSLB20E227M(15)8R,NEO B2 CAPACITOR,5/28/2026 5:36,6/3/2026 2:24,7/3/2026 15:44,30.5,6/9/2026 0:00,11664,1664,10000
NEO,PSL B2,DummyEnd,Ta NEO Capacitor PSL series B2 case,6F11N07005,N,TEPSLB20E227M(15)8R,NEO B2 CAPACITOR,5/29/2026 9:02,6/2/2026 22:27,7/3/2026 2:59,30.2,6/11/2026 0:00,11664,1664,10000
NEO,PSL B2,DummyEnd,Ta NEO Capacitor PSL series B2 case,6F13N07709,N,TEPSLB20E227M(15)8R,NEO B2 CAPACITOR,6/1/2026 9:23,6/3/2026 8:33,7/12/2026 15:33,39.3,6/13/2026 0:00,11664,1664,10000
NEO,PSL B2,DummyEnd,Ta NEO Capacitor PSL series B2 case,6F13N07747,N,TEPSLB20J337M(45)8RFL,NEO B2 CAPACITOR,6/1/2026 9:27,6/8/2026 1:33,7/3/2026 2:32,25,6/13/2026 0:00,11664,1664,10000
NEO,PSL B2,DummyEnd,Ta NEO Capacitor PSL series B2 case,6F13N07748,N,TEPSLB20J337M(45)8RFL,NEO B2 CAPACITOR,6/1/2026 9:27,6/11/2026 12:58,7/3/2026 2:41,21.6,6/13/2026 0:00,11664,3664,8000
NEO,PSL B2,DummyEnd,Ta NEO Capacitor PSL series B2 case,6F13N07749,N,TEPSLB20J337M(45)8RFL,NEO B2 CAPACITOR,6/1/2026 9:27,6/9/2026 2:36,7/2/2026 16:03,23.6,6/13/2026 0:00,11664,1664,10000
NEO,PSL B2,DummyEnd,Ta NEO Capacitor PSL series B2 case,6F13N07751,N,TEPSLB20J337M(45)8RFL,NEO B2 CAPACITOR,6/1/2026 9:27,6/9/2026 0:09,7/3/2026 2:46,24.1,6/13/2026 0:00,11627,1627,10000
NEO,PSL B2,DummyEnd,Ta NEO Capacitor PSL series B2 case,6F13N07762,N,TEPSLB20J337M(45)8RFL,NEO B2 CAPACITOR,6/1/2026 9:28,6/9/2026 0:08,7/4/2026 7:16,25.3,6/13/2026 0:00,11664,1664,10000
NEO,PSL B2,DummyEnd,Ta NEO Capacitor PSL series B2 case,6F13N07763,N,TEPSLB20J337M(45)8RFL,NEO B2 CAPACITOR,6/1/2026 9:28,6/9/2026 0:08,7/2/2026 6:35,23.3,6/13/2026 0:00,11664,2210,10000
NEO,PSL B2,DummyEnd,Ta NEO Capacitor PSL series B2 case,6F13N07766,N,TEPSLB20J337M(45)8RFL,NEO B2 CAPACITOR,6/1/2026 9:29,6/15/2026 22:32,7/2/2026 9:35,16.5,6/13/2026 0:00,11664,2496,10000
NEO,PSL B2,DummyEnd,Ta NEO Capacitor PSL series B2 case,6F13N07767,N,TEPSLB20J337M(45)8RFL,NEO B2 CAPACITOR,6/1/2026 9:29,6/16/2026 2:29,7/2/2026 6:14,16.2,6/13/2026 0:00,11642,1642,10000
NEO,PSL B2,DummyEnd,Ta NEO Capacitor PSL series B2 case,6F14N08431,N,TEPSLB20E477M148RKT,NEO B2 CAPACITOR,6/2/2026 9:39,6/5/2026 21:58,7/3/2026 15:28,27.8,6/14/2026 0:00,11664,5664,6000
NEO,PSL B2,DummyEnd,Ta NEO Capacitor PSL series B2 case,6F14N08473,N,TEPSLB20E477M148RKT,NEO B2 CAPACITOR,6/2/2026 9:41,6/6/2026 9:24,7/1/2026 13:45,25.2,6/14/2026 0:00,11664,6984,6000
NEO,PSL B2,DummyEnd,Ta NEO Capacitor PSL series B2 case,6F14N08541,N,TEPSLB21E226M8R,NEO B2 CAPACITOR,6/2/2026 9:44,6/9/2026 10:28,7/2/2026 6:41,22.8,6/14/2026 0:00,11634,1585,12000
NEO,PSL B2,DummyEnd,Ta NEO Capacitor PSL series B2 case,6F16N09366,N,TEPSLB20E337M(15)8R,NEO B2 CAPACITOR,6/4/2026 8:55,6/15/2026 20:31,7/2/2026 13:47,16.7,6/16/2026 0:00,11664,1664,10000
NEO,PSL B2,DummyEnd,Ta NEO Capacitor PSL series B2 case,6F16N09367,N,TEPSLB20E337M(15)8R,NEO B2 CAPACITOR,6/4/2026 8:55,6/15/2026 20:31,7/3/2026 4:52,17.3,6/16/2026 0:00,11664,1672,10000
NEO,PSL B2,DummyEnd,Ta NEO Capacitor PSL series B2 case,6F16N09368,N,TEPSLB20E337M(15)8R,NEO B2 CAPACITOR,6/4/2026 8:55,6/15/2026 20:31,7/8/2026 5:12,22.4,6/16/2026 0:00,11664,3664,8000
NEO,PSL B2,DummyEnd,Ta NEO Capacitor PSL series B2 case,6F16N09371,N,TEPSLB20E337M(15)8R,NEO B2 CAPACITOR,6/4/2026 8:55,6/14/2026 18:40,7/2/2026 16:05,17.9,6/16/2026 0:00,11664,1664,10000
NEO,PSL B2,DummyEnd,Ta NEO Capacitor PSL series B2 case,6F16N09411,N,TEPSLB20J157M18HF8R,NEO B2 CAPACITOR,6/4/2026 8:59,6/11/2026 20:29,7/4/2026 6:04,22.4,6/16/2026 0:00,11664,767,12000
NEO,PSL B2,DummyEnd,Ta NEO Capacitor PSL series B2 case,6F16N09493,N,TEPSLB20E477M148RKT,NEO B2 CAPACITOR,6/4/2026 9:07,6/16/2026 10:50,7/2/2026 6:47,15.8,6/16/2026 0:00,11664,5175,8000
NEO,PSL B2,DummyEnd,Ta NEO Capacitor PSL series B2 case,6F16N09495,N,TEPSLB20E477M148RKT,NEO B2 CAPACITOR,6/4/2026 9:07,6/17/2026 10:55,7/1/2026 6:41,13.8,6/16/2026 0:00,11664,5708,6000
NEO,PSL B2,DummyEnd,Ta NEO Capacitor PSL series B2 case,6F16N09499,N,TEPSLB20E477M148RKT,NEO B2 CAPACITOR,6/4/2026 9:07,6/16/2026 5:09,7/2/2026 10:03,16.2,6/16/2026 0:00,11664,1664,10000
NEO,PSL B2,DummyEnd,Ta NEO Capacitor PSL series B2 case,6F16N09508,N,TEPSLB20E477M148RKT,NEO B2 CAPACITOR,6/4/2026 9:08,6/17/2026 13:44,7/1/2026 8:00,13.8,6/16/2026 0:00,11664,4008,8000
NEO,PSL B2,DummyEnd,Ta NEO Capacitor PSL series B2 case,6F16N09510,N,TEPSLB20E477M148RKT,NEO B2 CAPACITOR,6/4/2026 9:08,6/17/2026 10:41,7/1/2026 5:42,13.8,6/16/2026 0:00,11664,3873,8000
NEO,PSL B2,DummyEnd,Ta NEO Capacitor PSL series B2 case,6F16N09514,N,TEPSLB20E477M148RKT,NEO B2 CAPACITOR,6/4/2026 9:09,6/17/2026 5:10,7/11/2026 23:13,24.8,6/16/2026 0:00,11664,3203,10000
NEO,PSL B2,DummyEnd,Ta NEO Capacitor PSL series B2 case,6F16N09515,N,TEPSLB20E477M148RKT,NEO B2 CAPACITOR,6/4/2026 9:09,6/17/2026 5:10,7/11/2026 21:43,24.7,6/16/2026 0:00,11664,3664,8000
NEO,PSL B2,DummyEnd,Ta NEO Capacitor PSL series B2 case,6F18N10209,N,TEPSLB20E477M148RKT,NEO B2 CAPACITOR,6/5/2026 9:21,6/18/2026 6:58,7/1/2026 15:49,13.4,6/18/2026 0:00,11664,3823,8000
NEO,PSL B2,DummyEnd,Ta NEO Capacitor PSL series B2 case,6F18N10211,N,TEPSLB20E477M148RKT,NEO B2 CAPACITOR,6/5/2026 9:21,6/18/2026 7:04,7/1/2026 8:04,13,6/18/2026 0:00,11664,3664,8000
NEO,PSL B2,DummyEnd,Ta NEO Capacitor PSL series B2 case,6F18N10213,N,TEPSLB20E477M148RKT,NEO B2 CAPACITOR,6/5/2026 9:21,6/19/2026 2:20,7/12/2026 20:24,23.8,6/18/2026 0:00,11664,3664,8000
NEO,PSL B2,DummyEnd,Ta NEO Capacitor PSL series B2 case,6F18N10214,N,TEPSLB20E477M148RKT,NEO B2 CAPACITOR,6/5/2026 9:21,6/19/2026 11:03,7/2/2026 6:11,12.8,6/18/2026 0:00,11664,3078,10000
NEO,PSL B2,DummyEnd,Ta NEO Capacitor PSL series B2 case,6F18N10219,N,TEPSLB20E477M148RKT,NEO B2 CAPACITOR,6/5/2026 9:21,6/19/2026 13:02,7/7/2026 22:56,18.4,6/18/2026 0:00,11618,3618,8000
NEO,PSL B2,DummyEnd,Ta NEO Capacitor PSL series B2 case,6F18N10223,N,TEPSLB20E477M148RKT,NEO B2 CAPACITOR,6/5/2026 9:21,6/18/2026 14:20,7/1/2026 5:53,12.6,6/18/2026 0:00,11649,5649,6000
NEO,PSL B2,DummyEnd,Ta NEO Capacitor PSL series B2 case,6F18N10229,N,TEPSLB20E477M148RKT,NEO B2 CAPACITOR,6/5/2026 9:22,6/18/2026 11:54,7/1/2026 14:44,13.1,6/18/2026 0:00,11664,3309,10000
NEO,PSL B2,DummyEnd,Ta NEO Capacitor PSL series B2 case,6F18N10237,N,TEPSLB20E477M148RKT,NEO B2 CAPACITOR,6/5/2026 9:22,6/18/2026 11:54,7/2/2026 13:17,14.1,6/18/2026 0:00,11664,1525,12000
NEO,PSL B2,DummyEnd,Ta NEO Capacitor PSL series B2 case,6F18N10239,N,TEPSLB20E477M148RKT,NEO B2 CAPACITOR,6/5/2026 9:22,6/18/2026 13:07,7/3/2026 15:22,15.1,6/18/2026 0:00,11664,5664,6000
NEO,PSL B2,DummyEnd,Ta NEO Capacitor PSL series B2 case,6F18N10249,N,TEPSLB20E477M148RKT,NEO B2 CAPACITOR,6/5/2026 9:23,6/18/2026 7:00,7/2/2026 9:36,14.1,6/18/2026 0:00,11664,3664,8000
NEO,PSL B2,DummyEnd,Ta NEO Capacitor PSL series B2 case,6F18N10251,N,TEPSLB20E477M148RKT,NEO B2 CAPACITOR,6/5/2026 9:23,6/18/2026 7:00,7/1/2026 10:22,13.1,6/18/2026 0:00,11654,2505,10000
NEO,PSL B2,DummyEnd,Ta NEO Capacitor PSL series B2 case,6F18N10253,N,TEPSLB20E477M148RKT,NEO B2 CAPACITOR,6/5/2026 9:23,6/19/2026 2:20,7/1/2026 7:29,12.2,6/18/2026 0:00,11664,5664,6000
NEO,PSL B2,DummyEnd,Ta NEO Capacitor PSL series B2 case,6F18N10255,N,TEPSLB20E477M148RKT,NEO B2 CAPACITOR,6/5/2026 9:23,6/19/2026 2:20,7/1/2026 13:26,12.5,6/18/2026 0:00,11547,3373,10000
NEO,PSL B2,DummyEnd,Ta NEO Capacitor PSL series B2 case,6F18N10257,N,TEPSLB20E477M148RKT,NEO B2 CAPACITOR,6/5/2026 9:23,6/18/2026 0:53,7/2/2026 6:46,14.3,6/18/2026 0:00,11664,2670,10000
NEO,PSL B2,DummyEnd,Ta NEO Capacitor PSL series B2 case,6F18N10263,N,TEPSLB20E477M148RKT,NEO B2 CAPACITOR,6/5/2026 9:23,6/19/2026 11:00,7/1/2026 7:30,11.8,6/18/2026 0:00,11664,3238,10000
NEO,PSL B2,DummyEnd,Ta NEO Capacitor PSL series B2 case,6F18N10266,N,TEPSLB20E477M148RKT,NEO B2 CAPACITOR,6/5/2026 9:23,6/18/2026 8:31,7/1/2026 7:28,13,6/18/2026 0:00,11645,2848,10000
NEO,PSL B2,DummyEnd,Ta NEO Capacitor PSL series B2 case,6F19N10729,N,TEPSLB20J157M(35)8R,NEO B2 CAPACITOR,6/8/2026 6:52,6/14/2026 1:18,7/4/2026 14:52,20.5,6/19/2026 0:00,11662,1662,10000
NEO,PSL B2,DummyEnd,Ta NEO Capacitor PSL series B2 case,6F21N11600,N,TEPSLB20J157M18HF8R,NEO B2 CAPACITOR,6/9/2026 8:47,6/14/2026 5:14,7/1/2026 5:50,17,6/21/2026 0:00,11626,1540,12000
NEO,PSL B2,DummyEnd,Ta NEO Capacitor PSL series B2 case,6F21N11615,N,TEPSLB20J157M(35)8R,NEO B2 CAPACITOR,6/9/2026 8:49,6/17/2026 2:43,7/2/2026 19:10,15.7,6/21/2026 0:00,11664,1664,10000
NEO,PSL B2,DummyEnd,Ta NEO Capacitor PSL series B2 case,6F21N11742,N,TEPSLB21D336M908RKT,NEO B2 CAPACITOR,6/9/2026 9:11,6/16/2026 1:10,7/1/2026 15:29,15.6,6/21/2026 0:00,11664,1664,10000
NEO,PSL B2,DummyEnd,Ta NEO Capacitor PSL series B2 case,6F21N11746,N,TEPSLB21E226M8R,NEO B2 CAPACITOR,6/9/2026 9:11,6/17/2026 8:25,7/1/2026 8:06,14,6/21/2026 0:00,11664,1889,2000
NEO,PSL B2,DummyEnd,Ta NEO Capacitor PSL series B2 case,6F23N11963,N,TEPSLB20J157M18HF8R,NEO B2 CAPACITOR,6/10/2026 8:50,6/15/2026 1:52,7/3/2026 6:41,18.2,6/23/2026 0:00,11664,2064,10000
NEO,PSL B2,DummyEnd,Ta NEO Capacitor PSL series B2 case,6F23N12055,N,TEPSLB20E227M(35)8R,NEO B2 CAPACITOR,6/10/2026 8:59,6/14/2026 20:01,7/14/2026 10:46,29.6,6/23/2026 0:00,11664,2236,10000
NEO,PSL B2,DummyEnd,Ta NEO Capacitor PSL series B2 case,6F23N12082,N,TEPSLB20J227M(25)8R,NEO B2 CAPACITOR,6/10/2026 9:02,6/14/2026 2:34,7/2/2026 15:37,18.5,6/23/2026 0:00,11664,3664,8000
NEO,PSL B2,DummyEnd,Ta NEO Capacitor PSL series B2 case,6F25N12861,N,TEPSLB20E337M(15)8R,NEO B2 CAPACITOR,6/11/2026 9:06,6/16/2026 9:27,7/3/2026 10:25,17,6/25/2026 0:00,11664,1664,10000
NEO,PSL B2,DummyEnd,Ta NEO Capacitor PSL series B2 case,6F25N12862,N,TEPSLB20E337M(15)8R,NEO B2 CAPACITOR,6/11/2026 9:07,6/16/2026 13:21,7/3/2026 10:06,16.9,6/25/2026 0:00,11664,1664,10000
NEO,PSL B2,DummyEnd,Ta NEO Capacitor PSL series B2 case,6F25N12863,N,TEPSLB20E337M(15)8R,NEO B2 CAPACITOR,6/11/2026 9:07,6/16/2026 9:41,7/3/2026 6:49,16.9,6/25/2026 0:00,11635,1635,10000
NEO,PSL B2,DummyEnd,Ta NEO Capacitor PSL series B2 case,6F25N12864,N,TEPSLB20E337M(15)8R,NEO B2 CAPACITOR,6/11/2026 9:07,6/16/2026 4:14,7/2/2026 13:29,16.4,6/25/2026 0:00,11664,1664,10000
NEO,PSL B2,DummyEnd,Ta NEO Capacitor PSL series B2 case,6F25N12865,N,TEPSLB20E337M(15)8R,NEO B2 CAPACITOR,6/11/2026 9:07,6/16/2026 4:14,7/3/2026 2:40,16.9,6/25/2026 0:00,11664,1028,12000
NEO,PSL B2,DummyEnd,Ta NEO Capacitor PSL series B2 case,6F25N12866,N,TEPSLB20E337M(15)8R,NEO B2 CAPACITOR,6/11/2026 9:07,6/16/2026 9:27,7/3/2026 2:58,16.7,6/25/2026 0:00,11664,1664,10000
NEO,PSL B2,DummyEnd,Ta NEO Capacitor PSL series B2 case,6F25N12867,N,TEPSLB20E337M(15)8R,NEO B2 CAPACITOR,6/11/2026 9:07,6/16/2026 14:46,7/2/2026 15:35,16,6/25/2026 0:00,11664,649,12000
NEO,PSL B2,DummyEnd,Ta NEO Capacitor PSL series B2 case,6F25N12869,N,TEPSLB20E337M(15)8R,NEO B2 CAPACITOR,6/11/2026 9:07,6/16/2026 14:10,7/3/2026 2:45,16.5,6/25/2026 0:00,11632,1632,10000
NEO,PSL B2,DummyEnd,Ta NEO Capacitor PSL series B2 case,6F25N12887,N,TEPSLB20J157M18HF8R,NEO B2 CAPACITOR,6/11/2026 9:09,6/18/2026 9:33,7/1/2026 15:44,13.3,6/25/2026 0:00,10337,337,10000
NEO,PSL B2,DummyEnd,Ta NEO Capacitor PSL series B2 case,6F25N12915,N,TEPSLB20J157M(35)8R,NEO B2 CAPACITOR,6/11/2026 9:11,6/17/2026 12:54,7/2/2026 19:06,15.3,6/25/2026 0:00,11664,1664,10000
NEO,PSL B2,DummyEnd,Ta NEO Capacitor PSL series B2 case,6F25N12921,N,TEPSLB20J157M(35)8R,NEO B2 CAPACITOR,6/11/2026 9:12,6/16/2026 15:36,7/3/2026 14:47,17,6/25/2026 0:00,11664,1664,10000
NEO,PSL B2,DummyEnd,Ta NEO Capacitor PSL series B2 case,6F25N12922,N,TEPSLB20J157M(35)8R,NEO B2 CAPACITOR,6/11/2026 9:12,6/17/2026 14:57,7/2/2026 10:17,14.8,6/25/2026 0:00,11664,1664,10000
NEO,PSL B2,DummyEnd,Ta NEO Capacitor PSL series B2 case,6F25N12924,N,TEPSLB20J157M(35)8R,NEO B2 CAPACITOR,6/11/2026 9:12,6/17/2026 14:55,7/3/2026 18:26,16.2,6/25/2026 0:00,11655,1655,10000
NEO,PSL B2,DummyEnd,Ta NEO Capacitor PSL series B2 case,6F25N12982,N,TEPSLB20E227M(15)8R,NEO B2 CAPACITOR,6/11/2026 9:19,6/14/2026 19:08,7/3/2026 4:34,18.4,6/25/2026 0:00,11664,2586,10000
NEO,PSL B2,DummyEnd,Ta NEO Capacitor PSL series B2 case,6F25N13003,N,TEPSLB20J227M(25)8R,NEO B2 CAPACITOR,6/11/2026 9:21,6/17/2026 4:05,7/2/2026 13:31,15.4,6/25/2026 0:00,11664,1664,10000
NEO,PSL B2,DummyEnd,Ta NEO Capacitor PSL series B2 case,6F25N13005,N,TEPSLB20J227M(25)8R,NEO B2 CAPACITOR,6/11/2026 9:21,6/17/2026 6:20,7/1/2026 13:08,14.3,6/25/2026 0:00,11611,1611,10000
NEO,PSL B2,DummyEnd,Ta NEO Capacitor PSL series B2 case,6F25N13015,N,TEPSLB20J227M(25)8R,NEO B2 CAPACITOR,6/11/2026 9:22,6/17/2026 2:55,7/11/2026 10:46,24.3,6/25/2026 0:00,11664,5664,6000
NEO,PSL B2,DummyEnd,Ta NEO Capacitor PSL series B2 case,6F25N13036,N,TEPSLB20J227M(35)8R,NEO B2 CAPACITOR,6/11/2026 9:24,6/17/2026 18:57,7/3/2026 2:33,15.3,6/25/2026 0:00,11664,1664,10000
NEO,PSL B2,DummyEnd,Ta NEO Capacitor PSL series B2 case,6F26N13466,N,TEPSLB20J157M18HF8R,NEO B2 CAPACITOR,6/12/2026 7:42,6/18/2026 9:29,7/3/2026 10:36,15,6/26/2026 0:00,11664,1664,10000
NEO,PSL B2,DummyEnd,Ta NEO Capacitor PSL series B2 case,6F26N13467,N,TEPSLB20J157M18HF8R,NEO B2 CAPACITOR,6/12/2026 7:42,6/18/2026 7:11,7/5/2026 19:24,17.5,6/26/2026 0:00,11664,698,12000
NEO,PSL B2,DummyEnd,Ta NEO Capacitor PSL series B2 case,6F26N13469,N,TEPSLB20J157M18HF8R,NEO B2 CAPACITOR,6/12/2026 7:42,6/18/2026 21:56,7/14/2026 23:17,26.1,6/26/2026 0:00,11664,329,12000
NEO,PSL B2,DummyEnd,Ta NEO Capacitor PSL series B2 case,6F26N13471,N,TEPSLB20J157M18HF8R,NEO B2 CAPACITOR,6/12/2026 7:42,6/19/2026 2:36,7/1/2026 10:10,12.3,6/26/2026 0:00,11664,1664,10000
NEO,PSL B2,DummyEnd,Ta NEO Capacitor PSL series B2 case,6F26N13475,N,TEPSLB20J157M18HF8R,NEO B2 CAPACITOR,6/12/2026 7:42,6/19/2026 1:06,7/3/2026 2:36,14,6/26/2026 0:00,11664,1664,10000
NEO,PSL B2,DummyEnd,Ta NEO Capacitor PSL series B2 case,6F26N13478,N,TEPSLB20J157M18HF8R,NEO B2 CAPACITOR,6/12/2026 7:43,6/19/2026 5:05,7/4/2026 9:31,15.2,6/26/2026 0:00,11664,2109,10000
NEO,PSL B2,DummyEnd,Ta NEO Capacitor PSL series B2 case,6F26N13480,N,TEPSLB20J157M18HF8R,NEO B2 CAPACITOR,6/12/2026 7:43,6/19/2026 7:25,7/4/2026 6:26,15,6/26/2026 0:00,10973,973,10000
NEO,PSL B2,DummyEnd,Ta NEO Capacitor PSL series B2 case,6F26N13484,N,TEPSLB20J157M18HF8R,NEO B2 CAPACITOR,6/12/2026 7:43,6/18/2026 2:49,7/1/2026 5:21,13.1,6/26/2026 0:00,11664,928,12000
NEO,PSL B2,DummyEnd,Ta NEO Capacitor PSL series B2 case,6F26N13501,N,TEPSLB20J157M18HF8R,NEO B2 CAPACITOR,6/12/2026 7:45,6/18/2026 6:46,7/3/2026 4:49,14.9,6/26/2026 0:00,10758,2370,10000
NEO,PSL B2,DummyEnd,Ta NEO Capacitor PSL series B2 case,6F26N13504,N,TEPSLB20J157M18HF8R,NEO B2 CAPACITOR,6/12/2026 7:45,6/17/2026 2:56,7/1/2026 7:07,14.2,6/26/2026 0:00,11664,1664,10000
NEO,PSL B2,DummyEnd,Ta NEO Capacitor PSL series B2 case,6F26N13506,N,TEPSLB20J157M18HF8R,NEO B2 CAPACITOR,6/12/2026 7:45,6/18/2026 12:56,7/3/2026 3:18,14.6,6/26/2026 0:00,11664,1664,10000
NEO,PSL B2,DummyEnd,Ta NEO Capacitor PSL series B2 case,6F26N13511,N,TEPSLB20J157M18HF8R,NEO B2 CAPACITOR,6/12/2026 7:45,6/18/2026 2:06,7/1/2026 14:06,13.5,6/26/2026 0:00,11664,1664,10000
NEO,PSL B2,DummyEnd,Ta NEO Capacitor PSL series B2 case,6F26N13513,N,TEPSLB20J157M18HF8R,NEO B2 CAPACITOR,6/12/2026 7:46,6/18/2026 3:25,7/4/2026 9:25,16.3,6/26/2026 0:00,11658,1658,10000
NEO,PSL B2,DummyEnd,Ta NEO Capacitor PSL series B2 case,6F26N13517,N,TEPSLB20J157M(35)8R,NEO B2 CAPACITOR,6/12/2026 7:46,6/18/2026 21:56,7/3/2026 15:13,14.8,6/26/2026 0:00,11664,1664,10000
NEO,PSL B2,DummyEnd,Ta NEO Capacitor PSL series B2 case,6F26N13518,N,TEPSLB20J157M(35)8R,NEO B2 CAPACITOR,6/12/2026 7:46,6/19/2026 1:07,7/2/2026 13:27,13.5,6/26/2026 0:00,11664,1664,10000
NEO,PSL B2,DummyEnd,Ta NEO Capacitor PSL series B2 case,6F26N13519,N,TEPSLB20J157M(35)8R,NEO B2 CAPACITOR,6/12/2026 7:46,6/19/2026 2:36,7/3/2026 10:05,14.3,6/26/2026 0:00,11656,1656,10000
NEO,PSL B2,DummyEnd,Ta NEO Capacitor PSL series B2 case,6F26N13561,N,TEPSLB20E227M(15)8R,NEO B2 CAPACITOR,6/12/2026 7:50,6/18/2026 1:53,7/1/2026 15:29,13.6,6/26/2026 0:00,11577,3007,10000
NEO,PSL B2,DummyEnd,Ta NEO Capacitor PSL series B2 case,6F26N13563,N,TEPSLB20E227M(15)8R,NEO B2 CAPACITOR,6/12/2026 7:50,6/17/2026 10:37,7/5/2026 2:44,17.7,6/26/2026 0:00,11664,1680,10000
NEO,PSL B2,DummyEnd,Ta NEO Capacitor PSL series B2 case,6F26N13564,N,TEPSLB20E227M(15)8R,NEO B2 CAPACITOR,6/12/2026 7:50,6/17/2026 13:23,7/1/2026 5:11,13.7,6/26/2026 0:00,11656,1656,10000
NEO,PSL B2,DummyEnd,Ta NEO Capacitor PSL series B2 case,6F26N13576,N,TEPSLB20E227M(15)8R,NEO B2 CAPACITOR,6/12/2026 7:51,6/17/2026 14:33,7/1/2026 13:59,14,6/26/2026 0:00,11664,1664,10000
NEO,PSL B2,DummyEnd,Ta NEO Capacitor PSL series B2 case,6F26N13592,N,TEPSLB20E227M(15)8R,NEO B2 CAPACITOR,6/12/2026 7:53,6/16/2026 19:59,7/1/2026 13:28,14.8,6/26/2026 0:00,11664,1664,10000
NEO,PSL B2,DummyEnd,Ta NEO Capacitor PSL series B2 case,6F26N13595,N,TEPSLB20E227M(15)8R,NEO B2 CAPACITOR,6/12/2026 7:53,6/16/2026 2:15,7/4/2026 14:56,18.5,6/26/2026 0:00,11664,1065,12000
NEO,PSL B2,DummyEnd,Ta NEO Capacitor PSL series B2 case,6F26N13681,N,TEPSLB21E226M8R,NEO B2 CAPACITOR,6/12/2026 8:01,6/16/2026 3:21,7/14/2026 6:52,28.1,6/26/2026 0:00,11664,1593,12000
NEO,PSL B2,DummyEnd,Ta NEO Capacitor PSL series B2 case,6F27N14377,N,TEPSLB21E156M8R,NEO B2 CAPACITOR,6/15/2026 9:39,6/20/2026 1:43,7/1/2026 15:41,11.6,6/27/2026 0:00,11664,1669,10000
NEO,PSL B2,DummyEnd,Ta NEO Capacitor PSL series B2 case,6F27N14419,N,TEPSLB21E156M8RFT,NEO B2 CAPACITOR,6/15/2026 9:41,6/18/2026 17:36,7/1/2026 15:45,12.9,6/27/2026 0:00,11528,1528,10000
NEO,PSL B2,DummyEnd,Ta NEO Capacitor PSL series B2 case,6F27N14442,N,TEPSLB21E226M8R,NEO B2 CAPACITOR,6/15/2026 9:42,6/19/2026 5:57,7/2/2026 15:24,13.4,6/27/2026 0:00,11664,2043,10000
NEO,PSL B2,DummyEnd,Ta NEO Capacitor PSL series B2 case,6F27N14454,N,TEPSLB21E226M8R,NEO B2 CAPACITOR,6/15/2026 9:43,6/19/2026 6:32,7/1/2026 10:20,12.2,6/27/2026 0:00,11664,1664,10000
NEO,PSL B2,DummyEnd,Ta NEO Capacitor PSL series B2 case,6F27N14455,N,TEPSLB21E226M8R,NEO B2 CAPACITOR,6/15/2026 9:43,6/19/2026 10:39,7/2/2026 6:13,12.8,6/27/2026 0:00,11664,1664,10000
NEO,PSL B2,DummyEnd,Ta NEO Capacitor PSL series B2 case,6F27N14457,N,TEPSLB21E226M8R,NEO B2 CAPACITOR,6/15/2026 9:43,6/20/2026 5:56,7/2/2026 6:15,12,6/27/2026 0:00,11578,909,12000
NEO,PSL B2,DummyEnd,Ta NEO Capacitor PSL series B2 case,6F27N14462,N,TEPSLB21E226M8R,NEO B2 CAPACITOR,6/15/2026 9:43,6/19/2026 10:20,7/1/2026 6:52,11.8,6/27/2026 0:00,11613,1613,10000
NEO,PSL B2,DummyEnd,Ta NEO Capacitor PSL series B2 case,6F27N14467,N,TEPSLB21E226M908RKT2,NEO B2 CAPACITOR,6/15/2026 9:44,6/19/2026 12:31,7/1/2026 6:31,11.8,6/27/2026 0:00,11664,1664,10000
NEO,PSL B2,DummyEnd,Ta NEO Capacitor PSL series B2 case,6F27N14470,N,TEPSLB21E226M908RKT2,NEO B2 CAPACITOR,6/15/2026 9:44,6/20/2026 3:15,7/1/2026 7:27,11.2,6/27/2026 0:00,11664,2692,8000
NEO,PSL B2,DummyEnd,Ta NEO Capacitor PSL series B2 case,6F27N14487,N,TEPSLB20E337M(15)8RF,NEO B2 CAPACITOR,6/16/2026 0:47,6/19/2026 23:47,7/3/2026 15:43,13.7,6/27/2026 0:00,11664,1664,10000
NEO,PSL B2,DummyEnd,Ta NEO Capacitor PSL series B2 case,6F27N14488,N,TEPSLB20E337M(15)8RF,NEO B2 CAPACITOR,6/16/2026 0:47,6/19/2026 23:47,7/4/2026 7:18,14.3,6/27/2026 0:00,11664,1664,10000
NEO,PSL B2,DummyEnd,Ta NEO Capacitor PSL series B2 case,6F27N14489,N,TEPSLB20E337M(15)8RF,NEO B2 CAPACITOR,6/16/2026 0:47,6/20/2026 0:39,7/4/2026 6:26,14.3,6/27/2026 0:00,11664,1664,10000
NEO,PSL B2,DummyEnd,Ta NEO Capacitor PSL series B2 case,6F27N14490,N,TEPSLB20J157M(35)8R,NEO B2 CAPACITOR,6/16/2026 0:47,6/19/2026 14:23,7/3/2026 3:03,13.5,6/27/2026 0:00,11664,1664,10000
NEO,PSL B2,DummyEnd,Ta NEO Capacitor PSL series B2 case,6F27N14491,N,TEPSLB20J157M(35)8R,NEO B2 CAPACITOR,6/16/2026 0:48,6/19/2026 14:23,7/2/2026 16:02,13.1,6/27/2026 0:00,11664,1664,10000
NEO,PSL B2,DummyEnd,Ta NEO Capacitor PSL series B2 case,6F27N14492,N,TEPSLB20J157M(35)8R,NEO B2 CAPACITOR,6/16/2026 0:48,6/19/2026 14:23,7/4/2026 17:45,15.1,6/27/2026 0:00,11653,788,12000
NEO,PSL B2,DummyEnd,Ta NEO Capacitor PSL series B2 case,6F27N14493,N,TEPSLB20J157M(35)8R,NEO B2 CAPACITOR,6/16/2026 0:48,6/19/2026 14:53,7/2/2026 16:35,13.1,6/27/2026 0:00,11664,1664,10000
NEO,PSL B2,DummyEnd,Ta NEO Capacitor PSL series B2 case,6F27N14494,N,TEPSLB20J157M(35)8R,NEO B2 CAPACITOR,6/16/2026 0:48,6/19/2026 19:25,7/4/2026 7:04,14.5,6/27/2026 0:00,11664,1664,10000
NEO,PSL B2,DummyEnd,Ta NEO Capacitor PSL series B2 case,6F27N14495,N,TEPSLB20J157M(35)8R,NEO B2 CAPACITOR,6/16/2026 0:48,6/19/2026 19:25,7/5/2026 4:11,15.4,6/27/2026 0:00,11583,959,12000
NEO,PSL B2,DummyEnd,Ta NEO Capacitor PSL series B2 case,6F27N14496,N,TEPSLB20J157M18HF8R,NEO B2 CAPACITOR,6/16/2026 0:48,6/19/2026 1:53,7/1/2026 14:07,12.5,6/27/2026 0:00,11664,1664,10000
NEO,PSL B2,DummyEnd,Ta NEO Capacitor PSL series B2 case,6F27N14497,N,TEPSLB20J157M18HF8R,NEO B2 CAPACITOR,6/16/2026 0:48,6/19/2026 3:38,7/3/2026 15:50,14.5,6/27/2026 0:00,11664,1664,10000
NEO,PSL B2,DummyEnd,Ta NEO Capacitor PSL series B2 case,6F27N14498,N,TEPSLB20J157M18HF8R,NEO B2 CAPACITOR,6/16/2026 0:48,6/19/2026 3:37,7/4/2026 17:45,15.6,6/27/2026 0:00,11654,982,12000
NEO,PSL B2,DummyEnd,Ta NEO Capacitor PSL series B2 case,6F27N14500,N,TEPSLB20J157M18HF8R,NEO B2 CAPACITOR,6/16/2026 0:48,6/19/2026 6:32,7/6/2026 17:27,17.5,6/27/2026 0:00,11664,847,12000
NEO,PSL B2,DummyEnd,Ta NEO Capacitor PSL series B2 case,6F27N14501,N,TEPSLB20J157M18HF8R,NEO B2 CAPACITOR,6/16/2026 0:49,6/19/2026 10:39,7/4/2026 7:09,14.9,6/27/2026 0:00,11575,1575,10000
NEO,PSL B2,DummyEnd,Ta NEO Capacitor PSL series B2 case,6F27N14506,N,TEPSLB20J157M18HF8R,NEO B2 CAPACITOR,6/16/2026 0:49,6/19/2026 23:40,7/1/2026 5:24,11.3,6/27/2026 0:00,11664,1664,10000
NEO,PSL B2,DummyEnd,Ta NEO Capacitor PSL series B2 case,6F27N14507,N,TEPSLB20J157M18HF8R,NEO B2 CAPACITOR,6/16/2026 0:49,6/20/2026 3:15,7/2/2026 6:24,12.1,6/27/2026 0:00,11664,2914,10000
NEO,PSL B2,DummyEnd,Ta NEO Capacitor PSL series B2 case,6F27N14508,N,TEPSLB20J157M18HF8R,NEO B2 CAPACITOR,6/16/2026 0:49,6/20/2026 3:16,7/3/2026 4:19,13,6/27/2026 0:00,11664,1664,10000
NEO,PSL B2,DummyEnd,Ta NEO Capacitor PSL series B2 case,6F27N14509,N,TEPSLB20J157M18HF8R,NEO B2 CAPACITOR,6/16/2026 0:49,6/20/2026 1:44,7/2/2026 8:37,12.3,6/27/2026 0:00,11664,1664,10000
NEO,PSL B2,DummyEnd,Ta NEO Capacitor PSL series B2 case,6F27N14510,N,TEPSLB20J157M18HF8R,NEO B2 CAPACITOR,6/16/2026 0:49,6/20/2026 1:45,7/3/2026 14:48,13.5,6/27/2026 0:00,11656,1656,10000
NEO,PSL B2,DummyEnd,Ta NEO Capacitor PSL series B2 case,6F27N14512,N,TEPSLB20J157M18HF8R,NEO B2 CAPACITOR,6/16/2026 0:50,6/20/2026 10:17,7/18/2026 16:43,28.3,6/27/2026 0:00,11664,2639,10000
NEO,PSL B2,DummyEnd,Ta NEO Capacitor PSL series B2 case,6F27N14513,N,TEPSLB20J157M18HF8R,NEO B2 CAPACITOR,6/16/2026 0:50,6/20/2026 10:17,7/5/2026 2:35,14.7,6/27/2026 0:00,11644,1644,10000
NEO,PSL B2,DummyEnd,Ta NEO Capacitor PSL series B2 case,6F27N14517,N,TEPSLB20J157M18HF8R,NEO B2 CAPACITOR,6/16/2026 0:50,6/19/2026 10:11,7/4/2026 7:06,14.9,6/27/2026 0:00,11664,1664,10000
NEO,PSL B2,DummyEnd,Ta NEO Capacitor PSL series B2 case,6F27N14519,N,TEPSLB20J157M18HF8R,NEO B2 CAPACITOR,6/16/2026 0:50,6/19/2026 10:12,7/2/2026 9:59,13,6/27/2026 0:00,11647,1647,10000
NEO,PSL B2,DummyEnd,Ta NEO Capacitor PSL series B2 case,6F27N14520,N,TEPSLB20J157M18HF8R,NEO B2 CAPACITOR,6/16/2026 0:50,6/18/2026 13:12,7/3/2026 6:49,14.7,6/27/2026 0:00,11664,1664,10000
NEO,PSL B2,DummyEnd,Ta NEO Capacitor PSL series B2 case,6F27N14522,N,TEPSLB20J157M18HF8R,NEO B2 CAPACITOR,6/16/2026 0:50,6/18/2026 13:12,7/5/2026 17:22,17.2,6/27/2026 0:00,11578,709,12000
NEO,PSL B2,DummyEnd,Ta NEO Capacitor PSL series B2 case,6F27N14523,N,TEPSLB20J157M18HF8R,NEO B2 CAPACITOR,6/16/2026 0:51,6/19/2026 5:06,7/3/2026 14:38,14.4,6/27/2026 0:00,11664,889,12000
NEO,PSL B2,DummyEnd,Ta NEO Capacitor PSL series B2 case,6F27N14524,N,TEPSLB20J157M18HF8R,NEO B2 CAPACITOR,6/16/2026 0:51,6/19/2026 6:33,7/3/2026 15:51,14.4,6/27/2026 0:00,11664,1664,10000
NEO,PSL B2,DummyEnd,Ta NEO Capacitor PSL series B2 case,6F27N14527,N,TEPSLB20J157M18HF8R,NEO B2 CAPACITOR,6/16/2026 0:51,6/20/2026 0:54,7/3/2026 3:14,13.1,6/27/2026 0:00,11664,1478,12000
NEO,PSL B2,DummyEnd,Ta NEO Capacitor PSL series B2 case,6F27N14528,N,TEPSLB20J157M18HF8R,NEO B2 CAPACITOR,6/16/2026 0:51,6/20/2026 3:16,7/2/2026 10:20,12.3,6/27/2026 0:00,11664,1229,12000
NEO,PSL B2,DummyEnd,Ta NEO Capacitor PSL series B2 case,6F27N14531,N,TEPSLB20J157M18HF8R,NEO B2 CAPACITOR,6/16/2026 0:51,6/19/2026 11:58,7/6/2026 5:29,16.8,6/27/2026 0:00,11630,882,12000
NEO,PSL B2,DummyEnd,Ta NEO Capacitor PSL series B2 case,6F27N14532,N,TEPSLB20J157M18HF8R,NEO B2 CAPACITOR,6/16/2026 0:51,6/19/2026 10:39,7/3/2026 15:50,14.2,6/27/2026 0:00,11664,1664,10000
NEO,PSL B2,DummyEnd,Ta NEO Capacitor PSL series B2 case,6F27N14534,N,TEPSLB20J157M18HF8R,NEO B2 CAPACITOR,6/16/2026 0:52,6/19/2026 10:19,7/3/2026 18:18,14.3,6/27/2026 0:00,11664,1664,10000
NEO,PSL B2,DummyEnd,Ta NEO Capacitor PSL series B2 case,6F27N14536,N,TEPSLB20J157M18HF8R,NEO B2 CAPACITOR,6/16/2026 0:52,6/18/2026 17:41,7/1/2026 15:29,12.9,6/27/2026 0:00,11664,1664,10000
NEO,PSL B2,DummyEnd,Ta NEO Capacitor PSL series B2 case,6F27N14539,N,TEPSLB20J157M18HF8R,NEO B2 CAPACITOR,6/16/2026 0:52,6/19/2026 11:58,7/2/2026 9:37,12.9,6/27/2026 0:00,11664,1664,10000
NEO,PSL B2,DummyEnd,Ta NEO Capacitor PSL series B2 case,6F27N14541,N,TEPSLB20J157M25HF8R,NEO B2 CAPACITOR,6/16/2026 0:52,6/17/2026 17:56,7/3/2026 4:59,15.5,6/27/2026 0:00,11664,5664,6000
NEO,PSL B2,DummyEnd,Ta NEO Capacitor PSL series B2 case,6F27N14543,N,TEPSLB20J157M25HF8R,NEO B2 CAPACITOR,6/16/2026 0:53,6/17/2026 17:56,7/3/2026 3:12,15.4,6/27/2026 0:00,11664,3664,8000
NEO,PSL B2,DummyEnd,Ta NEO Capacitor PSL series B2 case,6F27N14544,N,TEPSLB20J157M25HF8R,NEO B2 CAPACITOR,6/16/2026 0:53,6/17/2026 17:02,7/2/2026 15:31,14.9,6/27/2026 0:00,11664,1664,10000
NEO,PSL B2,DummyEnd,Ta NEO Capacitor PSL series B2 case,6F27N14545,N,TEPSLB20J157M25HF8R,NEO B2 CAPACITOR,6/16/2026 0:53,6/17/2026 17:01,7/3/2026 3:16,15.4,6/27/2026 0:00,11664,3664,8000
NEO,PSL B2,DummyEnd,Ta NEO Capacitor PSL series B2 case,6F27N14546,N,TEPSLB20J157M25HF8R,NEO B2 CAPACITOR,6/16/2026 0:53,6/17/2026 19:16,7/3/2026 4:23,15.4,6/27/2026 0:00,11664,1664,10000
NEO,PSL B2,DummyEnd,Ta NEO Capacitor PSL series B2 case,6F27N14549,N,TEPSLB20E227M(15)8R,NEO B2 CAPACITOR,6/16/2026 0:53,6/19/2026 4:13,7/1/2026 14:52,12.4,6/27/2026 0:00,11664,911,12000
NEO,PSL B2,DummyEnd,Ta NEO Capacitor PSL series B2 case,6F27N14551,N,TEPSLB20E227M(15)8R,NEO B2 CAPACITOR,6/16/2026 0:53,6/18/2026 14:34,7/1/2026 15:43,13,6/27/2026 0:00,11664,1664,10000
NEO,PSL B2,DummyEnd,Ta NEO Capacitor PSL series B2 case,6F27N14555,N,TEPSLB20E227M(15)8R,NEO B2 CAPACITOR,6/16/2026 0:54,6/18/2026 17:45,7/1/2026 14:08,12.9,6/27/2026 0:00,11664,1493,12000
NEO,PSL B2,DummyEnd,Ta NEO Capacitor PSL series B2 case,6F27N14560,N,TEPSLB20E227M(15)8R,NEO B2 CAPACITOR,6/16/2026 0:54,6/19/2026 10:24,7/1/2026 14:07,12.2,6/27/2026 0:00,11664,1664,10000
NEO,PSL B2,DummyEnd,Ta NEO Capacitor PSL series B2 case,6F27N14561,N,TEPSLB20E227M(15)8R,NEO B2 CAPACITOR,6/16/2026 0:54,6/19/2026 10:25,7/1/2026 14:04,12.2,6/27/2026 0:00,11664,1664,10000
NEO,PSL B2,DummyEnd,Ta NEO Capacitor PSL series B2 case,6F27N14563,N,TEPSLB20E227M(15)8R,NEO B2 CAPACITOR,6/16/2026 0:54,6/18/2026 13:07,7/1/2026 14:06,13,6/27/2026 0:00,11664,732,12000
NEO,PSL B2,DummyEnd,Ta NEO Capacitor PSL series B2 case,6F27N14567,N,TEPSLB20E227M(15)8R,NEO B2 CAPACITOR,6/16/2026 0:55,6/18/2026 21:27,7/16/2026 19:55,27.9,6/27/2026 0:00,11664,3664,8000
NEO,PSL B2,DummyEnd,Ta NEO Capacitor PSL series B2 case,6F27N14568,N,TEPSLB20E227M(15)8R,NEO B2 CAPACITOR,6/16/2026 0:55,6/17/2026 20:07,7/1/2026 15:45,13.8,6/27/2026 0:00,11664,2616,10000
NEO,PSL B2,DummyEnd,Ta NEO Capacitor PSL series B2 case,6F27N14573,N,TEPSLB20E227M(15)8R,NEO B2 CAPACITOR,6/16/2026 0:55,6/18/2026 3:53,7/1/2026 14:02,13.5,6/27/2026 0:00,11664,626,12000
NEO,PSL B2,DummyEnd,Ta NEO Capacitor PSL series B2 case,6F27N14574,N,TEPSLB20E227M(15)8R,NEO B2 CAPACITOR,6/16/2026 0:55,6/19/2026 1:04,7/1/2026 15:41,12.6,6/27/2026 0:00,11664,1664,10000
NEO,PSL B2,DummyEnd,Ta NEO Capacitor PSL series B2 case,6F27N14576,N,TEPSLB20E227M(15)8R,NEO B2 CAPACITOR,6/16/2026 0:56,6/19/2026 1:27,7/1/2026 14:03,12.5,6/27/2026 0:00,11664,1089,12000
NEO,PSL B2,DummyEnd,Ta NEO Capacitor PSL series B2 case,6F27N14578,N,TEPSLB20E227M(15)8R,NEO B2 CAPACITOR,6/16/2026 0:56,6/18/2026 16:42,7/2/2026 10:20,13.8,6/27/2026 0:00,11664,1664,10000
NEO,PSL B2,DummyEnd,Ta NEO Capacitor PSL series B2 case,6F27N14579,N,TEPSLB20E227M(15)8R,NEO B2 CAPACITOR,6/16/2026 0:56,6/18/2026 16:42,7/2/2026 6:49,13.6,6/27/2026 0:00,11664,1664,10000
NEO,PSL B2,DummyEnd,Ta NEO Capacitor PSL series B2 case,6F27N14580,N,TEPSLB20E227M(15)8R,NEO B2 CAPACITOR,6/16/2026 0:56,6/19/2026 13:03,7/1/2026 5:08,11.7,6/27/2026 0:00,11664,1664,10000
NEO,PSL B2,DummyEnd,Ta NEO Capacitor PSL series B2 case,6F27N14581,N,TEPSLB20E227M(15)8R,NEO B2 CAPACITOR,6/16/2026 0:56,6/19/2026 13:03,7/1/2026 13:32,12,6/27/2026 0:00,11664,1664,10000
NEO,PSL B2,DummyEnd,Ta NEO Capacitor PSL series B2 case,6F27N14582,N,TEPSLB20E227M(15)8R,NEO B2 CAPACITOR,6/16/2026 0:56,6/19/2026 13:03,7/5/2026 1:47,15.5,6/27/2026 0:00,11650,1520,12000
NEO,PSL B2,DummyEnd,Ta NEO Capacitor PSL series B2 case,6F27N14586,N,TEPSLB20E227M(15)8R,NEO B2 CAPACITOR,6/16/2026 0:57,6/19/2026 7:32,7/1/2026 15:40,12.3,6/27/2026 0:00,11664,1505,12000
NEO,PSL B2,DummyEnd,Ta NEO Capacitor PSL series B2 case,6F27N14587,N,TEPSLB20E227M(15)8R,NEO B2 CAPACITOR,6/16/2026 1:11,6/19/2026 7:32,7/1/2026 6:43,12,6/27/2026 0:00,11664,1664,10000
NEO,PSL B2,DummyEnd,Ta NEO Capacitor PSL series B2 case,6F27N14590,N,TEPSLB20E227M(15)8R,NEO B2 CAPACITOR,6/16/2026 1:11,6/19/2026 1:25,7/2/2026 6:15,13.2,6/27/2026 0:00,11664,1664,10000
NEO,PSL B2,DummyEnd,Ta NEO Capacitor PSL series B2 case,6F27N14593,N,TEPSLB20E227M(15)8R,NEO B2 CAPACITOR,6/16/2026 1:11,6/18/2026 7:02,7/1/2026 6:36,13,6/27/2026 0:00,11664,1664,10000
NEO,PSL B2,DummyEnd,Ta NEO Capacitor PSL series B2 case,6F27N14596,N,TEPSLB20E227M(15)8R,NEO B2 CAPACITOR,6/16/2026 1:12,6/18/2026 17:42,7/1/2026 6:36,12.5,6/27/2026 0:00,11664,988,12000
NEO,PSL B2,DummyEnd,Ta NEO Capacitor PSL series B2 case,6F27N14598,N,TEPSLB20E227M(35)8R,NEO B2 CAPACITOR,6/16/2026 1:12,6/19/2026 10:41,7/1/2026 13:38,12.1,6/27/2026 0:00,11664,3664,8000
NEO,PSL B2,DummyEnd,Ta NEO Capacitor PSL series B2 case,6F27N14599,N,TEPSLB20E227M(35)8R,NEO B2 CAPACITOR,6/16/2026 1:12,6/19/2026 10:41,7/2/2026 13:43,13.1,6/27/2026 0:00,11664,5664,6000
NEO,PSL B2,DummyEnd,Ta NEO Capacitor PSL series B2 case,6F27N14600,N,TEPSLB20E227M(35)8R,NEO B2 CAPACITOR,6/16/2026 1:12,6/19/2026 13:10,7/2/2026 16:50,13.1,6/27/2026 0:00,11553,1553,10000
NEO,PSL B2,DummyEnd,Ta NEO Capacitor PSL series B2 case,6F27N14601,N,TEPSLB20E227M(35)8R,NEO B2 CAPACITOR,6/16/2026 1:12,6/18/2026 6:57,7/1/2026 14:05,13.3,6/27/2026 0:00,11664,3664,8000
NEO,PSL B2,DummyEnd,Ta NEO Capacitor PSL series B2 case,6F27N14603,N,TEPSLB20E227M(35)8R,NEO B2 CAPACITOR,6/16/2026 1:12,6/18/2026 6:58,7/2/2026 6:47,14,6/27/2026 0:00,11664,1664,10000
NEO,PSL B2,DummyEnd,Ta NEO Capacitor PSL series B2 case,6F27N14605,N,TEPSLB20E227M(35)8R,NEO B2 CAPACITOR,6/16/2026 1:12,6/17/2026 4:04,7/1/2026 7:24,14.1,6/27/2026 0:00,11664,3664,8000
NEO,PSL B2,DummyEnd,Ta NEO Capacitor PSL series B2 case,6F27N14606,N,TEPSLB20E227M(35)8R,NEO B2 CAPACITOR,6/16/2026 1:13,6/17/2026 5:09,7/3/2026 2:48,15.9,6/27/2026 0:00,11649,3649,8000
NEO,PSL B2,DummyEnd,Ta NEO Capacitor PSL series B2 case,6F27N14607,N,TEPSLB20J227M(25)8R,NEO B2 CAPACITOR,6/16/2026 1:13,6/19/2026 13:54,7/2/2026 6:42,12.7,6/27/2026 0:00,11664,1851,10000
NEO,PSL B2,DummyEnd,Ta NEO Capacitor PSL series B2 case,6F27N14608,N,TEPSLB20J227M(25)8R,NEO B2 CAPACITOR,6/16/2026 1:13,6/19/2026 13:54,7/2/2026 15:34,13.1,6/27/2026 0:00,11664,1664,10000
NEO,PSL B2,DummyEnd,Ta NEO Capacitor PSL series B2 case,6F27N14609,N,TEPSLB20J227M(25)8R,NEO B2 CAPACITOR,6/16/2026 1:13,6/19/2026 13:54,7/4/2026 7:59,14.8,6/27/2026 0:00,11664,1664,10000
NEO,PSL B2,DummyEnd,Ta NEO Capacitor PSL series B2 case,6F27N14610,N,TEPSLB20J227M(25)8R,NEO B2 CAPACITOR,6/16/2026 1:13,6/19/2026 5:07,7/1/2026 15:03,12.4,6/27/2026 0:00,11664,2991,10000
NEO,PSL B2,DummyEnd,Ta NEO Capacitor PSL series B2 case,6F27N14611,N,TEPSLB20J227M(25)8R,NEO B2 CAPACITOR,6/16/2026 1:13,6/19/2026 6:47,7/3/2026 4:25,13.9,6/27/2026 0:00,11664,1664,10000
NEO,PSL B2,DummyEnd,Ta NEO Capacitor PSL series B2 case,6F27N14612,N,TEPSLB20J227M(25)8R,NEO B2 CAPACITOR,6/16/2026 1:13,6/19/2026 7:51,7/2/2026 16:36,13.4,6/27/2026 0:00,11588,1109,12000
NEO,PSL B2,DummyEnd,Ta NEO Capacitor PSL series B2 case,6F27N14616,N,TEPSLB20J227M(25)8R,NEO B2 CAPACITOR,6/16/2026 1:13,6/19/2026 5:06,7/1/2026 13:56,12.3,6/27/2026 0:00,11664,697,12000
NEO,PSL B2,DummyEnd,Ta NEO Capacitor PSL series B2 case,6F27N14617,N,TEPSLB20J227M(25)8R,NEO B2 CAPACITOR,6/16/2026 1:14,6/19/2026 6:46,7/1/2026 15:22,12.4,6/27/2026 0:00,11664,1187,12000
NEO,PSL B2,DummyEnd,Ta NEO Capacitor PSL series B2 case,6F27N14618,N,TEPSLB20J227M(25)8R,NEO B2 CAPACITOR,6/16/2026 1:14,6/19/2026 9:49,7/1/2026 13:17,12.2,6/27/2026 0:00,11664,1664,10000
NEO,PSL B2,DummyEnd,Ta NEO Capacitor PSL series B2 case,6F27N14619,N,TEPSLB20J227M(35)8R,NEO B2 CAPACITOR,6/16/2026 1:14,6/18/2026 8:30,7/1/2026 15:40,13.3,6/27/2026 0:00,11664,1664,10000
NEO,PSL B2,DummyEnd,Ta NEO Capacitor PSL series B2 case,6F27N14620,N,TEPSLB20J227M(35)8R,NEO B2 CAPACITOR,6/16/2026 1:14,6/18/2026 9:29,7/1/2026 5:18,12.8,6/27/2026 0:00,11664,1664,10000
NEO,PSL B2,DummyEnd,Ta NEO Capacitor PSL series B2 case,6F27N14621,N,TEPSLB20J227M(35)8R,NEO B2 CAPACITOR,6/16/2026 1:14,6/18/2026 12:51,7/2/2026 13:41,14,6/27/2026 0:00,11656,1656,10000
NEO,PSL B2,DummyEnd,Ta NEO Capacitor PSL series B2 case,6F27N14622,N,TEPSLB20J227M(35)8R,NEO B2 CAPACITOR,6/16/2026 1:14,6/19/2026 1:04,7/1/2026 8:03,12.3,6/27/2026 0:00,11664,1664,10000
NEO,PSL B2,DummyEnd,Ta NEO Capacitor PSL series B2 case,6F27N14623,N,TEPSLB20J227M(35)8R,NEO B2 CAPACITOR,6/16/2026 1:14,6/19/2026 1:52,7/2/2026 15:38,13.6,6/27/2026 0:00,11664,1664,10000
NEO,PSL B2,DummyEnd,Ta NEO Capacitor PSL series B2 case,6F27N14624,N,TEPSLB20J227M(35)8R,NEO B2 CAPACITOR,6/16/2026 1:14,6/19/2026 1:27,7/2/2026 6:46,13.2,6/27/2026 0:00,11664,1664,10000
NEO,PSL B2,DummyEnd,Ta NEO Capacitor PSL series B2 case,6F28N14802,N,TEPSLB21A107M708RKT,NEO B2 CAPACITOR,6/16/2026 8:04,6/17/2026 13:43,7/1/2026 8:04,13.8,6/28/2026 0:00,11664,5664,6000
NEO,PSL B2,DummyEnd,Ta NEO Capacitor PSL series B2 case,6F28N14804,N,TEPSLB21A107M708RKT,NEO B2 CAPACITOR,6/16/2026 8:05,6/17/2026 13:43,7/2/2026 6:37,14.7,6/28/2026 0:00,11664,5664,6000
NEO,PSL B2,DummyEnd,Ta NEO Capacitor PSL series B2 case,6F29N14684,N,TEPSLB20J157M(45)8R,NEO B2 CAPACITOR,6/16/2026 7:53,6/19/2026 10:02,7/4/2026 15:15,15.2,6/29/2026 0:00,11663,1678,10000
NEO,PSL B2,DummyEnd,Ta NEO Capacitor PSL series B2 case,6F29N14687,N,TEPSLB21E156M8R,NEO B2 CAPACITOR,6/16/2026 7:53,6/20/2026 12:47,7/3/2026 15:27,13.1,6/29/2026 0:00,11664,1678,10000
NEO,PSL B2,DummyEnd,Ta NEO Capacitor PSL series B2 case,6F29N14688,N,TEPSLB21E156M8RFT,NEO B2 CAPACITOR,6/16/2026 7:53,6/20/2026 7:26,7/2/2026 6:25,12,6/29/2026 0:00,11664,1664,10000
NEO,PSL B2,DummyEnd,Ta NEO Capacitor PSL series B2 case,6F29N14689,N,TEPSLB21E156M8RFT,NEO B2 CAPACITOR,6/16/2026 7:53,6/20/2026 12:02,7/1/2026 13:09,11,6/29/2026 0:00,11664,1664,10000
NEO,PSL B2,DummyEnd,Ta NEO Capacitor PSL series B2 case,6F29N14690,N,TEPSLB21E156M8RFT,NEO B2 CAPACITOR,6/16/2026 7:53,6/20/2026 10:00,7/2/2026 6:43,11.8,6/29/2026 0:00,11605,1659,10000
NEO,PSL B2,DummyEnd,Ta NEO Capacitor PSL series B2 case,6F29N14698,N,TEPSLB21E156M8RFT,NEO B2 CAPACITOR,6/16/2026 7:54,6/19/2026 23:41,7/2/2026 19:24,12.8,6/29/2026 0:00,11664,1669,10000
NEO,PSL B2,DummyEnd,Ta NEO Capacitor PSL series B2 case,6F29N14702,N,TEPSLB21E156M8RFT,NEO B2 CAPACITOR,6/16/2026 7:54,6/19/2026 13:16,7/2/2026 13:33,13,6/29/2026 0:00,11317,624,12000
NEO,PSL B2,DummyEnd,Ta NEO Capacitor PSL series B2 case,6F29N14703,N,TEPSLB21E156M8RFT,NEO B2 CAPACITOR,6/16/2026 7:54,6/20/2026 2:07,7/1/2026 6:22,11.2,6/29/2026 0:00,11664,1664,10000
NEO,PSL B2,DummyEnd,Ta NEO Capacitor PSL series B2 case,6F29N14705,N,TEPSLB21E156M8RFT,NEO B2 CAPACITOR,6/16/2026 7:55,6/20/2026 2:08,7/2/2026 6:12,12.2,6/29/2026 0:00,11588,1588,10000
NEO,PSL B2,DummyEnd,Ta NEO Capacitor PSL series B2 case,6F29N14707,N,TEPSLB21E156M8RFT,NEO B2 CAPACITOR,6/16/2026 7:55,6/20/2026 1:18,7/2/2026 6:39,12.2,6/29/2026 0:00,11664,1664,10000
NEO,PSL B2,DummyEnd,Ta NEO Capacitor PSL series B2 case,6F29N14708,N,TEPSLB21E156M8RFT,NEO B2 CAPACITOR,6/16/2026 7:55,6/20/2026 1:19,7/1/2026 16:04,11.6,6/29/2026 0:00,11650,1650,10000
NEO,PSL B2,DummyEnd,Ta NEO Capacitor PSL series B2 case,6F29N14709,N,TEPSLB21E156M1008RKT2,NEO B2 CAPACITOR,6/16/2026 7:55,6/20/2026 12:02,7/1/2026 10:25,10.9,6/29/2026 0:00,11664,1664,10000
NEO,PSL B2,DummyEnd,Ta NEO Capacitor PSL series B2 case,6F29N14710,N,TEPSLB21E156M1008RKT2,NEO B2 CAPACITOR,6/16/2026 7:55,6/20/2026 12:02,7/1/2026 7:59,10.8,6/29/2026 0:00,11664,2585,10000
NEO,PSL B2,DummyEnd,Ta NEO Capacitor PSL series B2 case,6F29N14711,N,TEPSLB21E156M1008RKT2,NEO B2 CAPACITOR,6/16/2026 7:55,6/20/2026 10:00,7/2/2026 8:48,11.9,6/29/2026 0:00,11523,1523,10000
NEO,PSL B2,DummyEnd,Ta NEO Capacitor PSL series B2 case,6F29N14712,N,TEPSLB21E156M1008RKT2,NEO B2 CAPACITOR,6/16/2026 7:55,6/19/2026 12:44,7/1/2026 15:06,12.1,6/29/2026 0:00,11664,1664,10000
NEO,PSL B2,DummyEnd,Ta NEO Capacitor PSL series B2 case,6F29N14715,N,TEPSLB21E156M1008RKT2,NEO B2 CAPACITOR,6/16/2026 7:56,6/19/2026 18:48,7/1/2026 7:58,11.5,6/29/2026 0:00,11664,1664,10000
NEO,PSL B2,DummyEnd,Ta NEO Capacitor PSL series B2 case,6F29N14716,N,TEPSLB21E156M1008RKT2,NEO B2 CAPACITOR,6/16/2026 7:56,6/19/2026 18:48,7/1/2026 13:30,11.8,6/29/2026 0:00,11664,1664,10000
NEO,PSL B2,DummyEnd,Ta NEO Capacitor PSL series B2 case,6F29N14717,N,TEPSLB21E156M1008RKT2,NEO B2 CAPACITOR,6/16/2026 7:56,6/19/2026 18:48,7/3/2026 17:46,14,6/29/2026 0:00,11554,1554,10000
NEO,PSL B2,DummyEnd,Ta NEO Capacitor PSL series B2 case,6F29N14718,N,TEPSLB21E156M1008RKT2,NEO B2 CAPACITOR,6/16/2026 7:56,6/20/2026 7:24,7/1/2026 13:38,11.3,6/29/2026 0:00,11664,1654,12000
NEO,PSL B2,DummyEnd,Ta NEO Capacitor PSL series B2 case,6F29N14719,N,TEPSLB21E156M1008RKT2,NEO B2 CAPACITOR,6/16/2026 7:56,6/20/2026 13:32,7/2/2026 19:04,12.3,6/29/2026 0:00,11664,1664,10000
NEO,PSL B2,DummyEnd,Ta NEO Capacitor PSL series B2 case,6F29N14720,N,TEPSLB21E156M1008RKT2,NEO B2 CAPACITOR,6/16/2026 7:56,6/20/2026 9:51,7/2/2026 19:45,12.4,6/29/2026 0:00,11526,1526,10000
NEO,PSL B2,DummyEnd,Ta NEO Capacitor PSL series B2 case,6F29N14723,N,TEPSLB20E227M(15)8R,NEO B2 CAPACITOR,6/16/2026 7:56,6/19/2026 6:46,7/1/2026 5:18,12,6/29/2026 0:00,11664,1664,10000
NEO,PSL B2,DummyEnd,Ta NEO Capacitor PSL series B2 case,6F29N14724,N,TEPSLB20E227M(15)8R,NEO B2 CAPACITOR,6/16/2026 7:56,6/20/2026 1:42,7/1/2026 5:11,11.2,6/29/2026 0:00,11664,1664,10000
NEO,PSL B2,DummyEnd,Ta NEO Capacitor PSL series B2 case,6F29N14725,N,TEPSLB20E227M(15)8R,NEO B2 CAPACITOR,6/16/2026 7:56,6/20/2026 1:43,7/1/2026 5:07,11.2,6/29/2026 0:00,11664,1664,10000
NEO,PSL B2,DummyEnd,Ta NEO Capacitor PSL series B2 case,6F29N14726,N,TEPSLB20E227M(15)8R,NEO B2 CAPACITOR,6/16/2026 7:57,6/20/2026 1:43,7/1/2026 10:20,11.4,6/29/2026 0:00,11647,1647,10000
NEO,PSL B2,DummyEnd,Ta NEO Capacitor PSL series B2 case,6F29N14727,N,TEPSLB20E227M(15)8R,NEO B2 CAPACITOR,6/16/2026 7:57,6/19/2026 18:08,7/1/2026 6:56,11.5,6/29/2026 0:00,11664,1664,10000
NEO,PSL B2,DummyEnd,Ta NEO Capacitor PSL series B2 case,6F29N14728,N,TEPSLB20E227M(15)8R,NEO B2 CAPACITOR,6/16/2026 7:57,6/20/2026 14:28,7/2/2026 13:38,12,6/29/2026 0:00,11664,1664,10000
NEO,PSL B2,DummyEnd,Ta NEO Capacitor PSL series B2 case,6F29N14729,N,TEPSLB20E227M(15)8R,NEO B2 CAPACITOR,6/16/2026 7:57,6/20/2026 14:29,7/3/2026 2:42,12.5,6/29/2026 0:00,11616,1616,10000
NEO,PSL B2,DummyEnd,Ta NEO Capacitor PSL series B2 case,6F29N14730,N,TEPSLB20J227M(25)8R,NEO B2 CAPACITOR,6/16/2026 7:57,6/19/2026 10:41,7/3/2026 4:46,13.8,6/29/2026 0:00,11664,1664,10000
NEO,PSL B2,DummyEnd,Ta NEO Capacitor PSL series B2 case,6F29N14731,N,TEPSLB20J227M(25)8R,NEO B2 CAPACITOR,6/16/2026 7:57,6/19/2026 13:10,7/3/2026 4:51,13.6,6/29/2026 0:00,11664,1700,10000
NEO,PSL B2,DummyEnd,Ta NEO Capacitor PSL series B2 case,6F29N14732,N,TEPSLB20J227M(25)8R,NEO B2 CAPACITOR,6/16/2026 7:57,6/19/2026 14:47,7/1/2026 5:12,11.6,6/29/2026 0:00,11664,1095,12000
NEO,PSL B2,DummyEnd,Ta NEO Capacitor PSL series B2 case,6F29N14733,N,TEPSLB20J227M(25)8R,NEO B2 CAPACITOR,6/16/2026 7:57,6/20/2026 14:29,7/2/2026 13:42,12,6/29/2026 0:00,11664,1664,10000
NEO,PSL B2,DummyEnd,Ta NEO Capacitor PSL series B2 case,6F29N14734,N,TEPSLB20J227M(25)8R,NEO B2 CAPACITOR,6/16/2026 7:57,6/20/2026 14:29,7/3/2026 10:15,12.8,6/29/2026 0:00,11664,1664,10000
NEO,PSL B2,DummyEnd,Ta NEO Capacitor PSL series B2 case,6F29N14735,N,TEPSLB20J227M(25)8R,NEO B2 CAPACITOR,6/16/2026 7:57,6/20/2026 14:29,7/3/2026 15:24,13,6/29/2026 0:00,11660,1660,10000
NEO,PSL B2,DummyEnd,Ta NEO Capacitor PSL series B2 case,6F29N14736,N,TEPSLB20J227M(25)8R,NEO B2 CAPACITOR,6/16/2026 7:58,6/19/2026 1:04,7/2/2026 19:22,13.8,6/29/2026 0:00,11664,1664,10000
NEO,PSL B2,DummyEnd,Ta NEO Capacitor PSL series B2 case,6F29N14737,N,TEPSLB20J227M(25)8R,NEO B2 CAPACITOR,6/16/2026 7:58,6/19/2026 1:52,7/1/2026 6:30,12.2,6/29/2026 0:00,11664,1664,10000
NEO,PSL B2,DummyEnd,Ta NEO Capacitor PSL series B2 case,6F29N14738,N,TEPSLB20J227M(25)8R,NEO B2 CAPACITOR,6/16/2026 7:58,6/19/2026 5:06,7/1/2026 7:34,12.1,6/29/2026 0:00,11664,2985,10000
NEO,PSL B2,DummyEnd,Ta NEO Capacitor PSL series B2 case,6F29N14739,N,TEPSLB20J227M(25)8R,NEO B2 CAPACITOR,6/16/2026 7:58,6/20/2026 10:26,7/3/2026 14:49,13.2,6/29/2026 0:00,11664,1664,10000
NEO,PSL B2,DummyEnd,Ta NEO Capacitor PSL series B2 case,6F29N14740,N,TEPSLB20J227M(25)8R,NEO B2 CAPACITOR,6/16/2026 7:58,6/20/2026 9:23,7/2/2026 6:56,11.9,6/29/2026 0:00,11664,1664,10000
NEO,PSL B2,DummyEnd,Ta NEO Capacitor PSL series B2 case,6F29N14741,N,TEPSLB20J227M(25)8R,NEO B2 CAPACITOR,6/16/2026 7:58,6/20/2026 9:23,7/2/2026 15:38,12.3,6/29/2026 0:00,11637,2301,10000
NEO,PSL B2,DummyEnd,Ta NEO Capacitor PSL series B2 case,6F29N14742,N,TEPSLB20J227M(25)8R,NEO B2 CAPACITOR,6/16/2026 7:58,6/20/2026 1:51,7/2/2026 6:45,12.2,6/29/2026 0:00,11664,1664,10000
NEO,PSL B2,DummyEnd,Ta NEO Capacitor PSL series B2 case,6F29N14743,N,TEPSLB20J227M(25)8R,NEO B2 CAPACITOR,6/16/2026 7:58,6/20/2026 1:42,7/2/2026 10:13,12.4,6/29/2026 0:00,11664,1688,10000
NEO,PSL B2,DummyEnd,Ta NEO Capacitor PSL series B2 case,6F29N14744,N,TEPSLB20J227M(25)8R,NEO B2 CAPACITOR,6/16/2026 7:58,6/20/2026 1:42,7/2/2026 6:41,12.2,6/29/2026 0:00,11664,3203,10000
NEO,PSL B2,DummyEnd,Ta NEO Capacitor PSL series B2 case,6F29N14745,N,TEPSLB20J227M(25)8R,NEO B2 CAPACITOR,6/16/2026 7:58,6/19/2026 23:45,7/2/2026 6:45,12.3,6/29/2026 0:00,11664,1664,10000
NEO,PSL B2,DummyEnd,Ta NEO Capacitor PSL series B2 case,6F29N14746,N,TEPSLB20J227M(25)8R,NEO B2 CAPACITOR,6/16/2026 7:59,6/19/2026 23:45,7/2/2026 8:49,12.4,6/29/2026 0:00,11664,1664,10000
NEO,PSL B2,DummyEnd,Ta NEO Capacitor PSL series B2 case,6F29N14747,N,TEPSLB20J227M(25)8R,NEO B2 CAPACITOR,6/16/2026 7:59,6/20/2026 1:32,7/16/2026 19:51,26.8,6/29/2026 0:00,11642,7642,4000
NEO,PSL B2,DummyEnd,Ta NEO Capacitor PSL series B2 case,6F29N14748,N,TEPSLB20J227M(25)8R,NEO B2 CAPACITOR,6/16/2026 7:59,6/20/2026 1:29,7/2/2026 13:40,12.5,6/29/2026 0:00,11664,1664,10000
NEO,PSL B2,DummyEnd,Ta NEO Capacitor PSL series B2 case,6F29N14749,N,TEPSLB20J227M(25)8R,NEO B2 CAPACITOR,6/16/2026 7:59,6/20/2026 1:29,7/2/2026 15:32,12.6,6/29/2026 0:00,11664,1664,10000
NEO,PSL B2,DummyEnd,Ta NEO Capacitor PSL series B2 case,6F29N14750,N,TEPSLB20J227M(25)8R,NEO B2 CAPACITOR,6/16/2026 7:59,6/20/2026 1:29,7/2/2026 13:18,12.5,6/29/2026 0:00,11664,1664,10000
NEO,PSL B2,DummyEnd,Ta NEO Capacitor PSL series B2 case,6F29N14751,N,TEPSLB20J227M(25)8R,NEO B2 CAPACITOR,6/16/2026 7:59,6/20/2026 10:25,7/2/2026 13:15,12.1,6/29/2026 0:00,11664,2614,10000
NEO,PSL B2,DummyEnd,Ta NEO Capacitor PSL series B2 case,6F29N14752,N,TEPSLB20J227M(25)8R,NEO B2 CAPACITOR,6/16/2026 7:59,6/20/2026 9:23,7/3/2026 15:09,13.3,6/29/2026 0:00,11664,1664,10000
NEO,PSL B2,DummyEnd,Ta NEO Capacitor PSL series B2 case,6F29N14753,N,TEPSLB20J227M(25)8R,NEO B2 CAPACITOR,6/16/2026 7:59,6/20/2026 9:23,7/3/2026 17:45,13.3,6/29/2026 0:00,11640,1640,10000
NEO,PSL B2,DummyEnd,Ta NEO Capacitor PSL series B2 case,6F29N14754,N,TEPSLB20J227M(25)8R,NEO B2 CAPACITOR,6/16/2026 7:59,6/20/2026 0:58,7/1/2026 16:03,11.7,6/29/2026 0:00,11664,1664,10000
NEO,PSL B2,DummyEnd,Ta NEO Capacitor PSL series B2 case,6F29N14755,N,TEPSLB20J227M(25)8R,NEO B2 CAPACITOR,6/16/2026 7:59,6/20/2026 0:54,7/2/2026 6:04,12.3,6/29/2026 0:00,11664,1586,12000
NEO,PSL B2,DummyEnd,Ta NEO Capacitor PSL series B2 case,6F29N14756,N,TEPSLB20J227M(25)8R,NEO B2 CAPACITOR,6/16/2026 7:59,6/20/2026 1:53,7/1/2026 13:37,11.5,6/29/2026 0:00,11664,2725,10000
NEO,PSL B2,DummyEnd,Ta NEO Capacitor PSL series B2 case,6F29N14757,N,TEPSLB20J227M(25)8R,NEO B2 CAPACITOR,6/16/2026 8:00,6/20/2026 1:45,7/2/2026 19:09,12.8,6/29/2026 0:00,11664,434,12000
NEO,PSL B2,DummyEnd,Ta NEO Capacitor PSL series B2 case,6F29N14758,N,TEPSLB20J227M(25)8R,NEO B2 CAPACITOR,6/16/2026 8:00,6/20/2026 1:45,7/2/2026 13:40,12.5,6/29/2026 0:00,11664,1472,12000
NEO,PSL B2,DummyEnd,Ta NEO Capacitor PSL series B2 case,6F29N14759,N,TEPSLB20J227M(25)8R,NEO B2 CAPACITOR,6/16/2026 8:00,6/20/2026 1:46,7/2/2026 15:56,12.6,6/29/2026 0:00,11647,1647,10000
NEO,PSL B2,DummyEnd,Ta NEO Capacitor PSL series B2 case,6F29N14760,N,TEPSLB20J227M(25)8R,NEO B2 CAPACITOR,6/16/2026 8:00,6/19/2026 23:45,7/3/2026 2:40,13.1,6/29/2026 0:00,11664,1685,10000
NEO,PSL B2,DummyEnd,Ta NEO Capacitor PSL series B2 case,6F29N14761,N,TEPSLB20J227M(25)8R,NEO B2 CAPACITOR,6/16/2026 8:00,6/19/2026 23:45,7/1/2026 13:28,11.6,6/29/2026 0:00,11664,1678,10000
NEO,PSL B2,DummyEnd,Ta NEO Capacitor PSL series B2 case,6F29N14762,N,TEPSLB20J227M(25)8R,NEO B2 CAPACITOR,6/16/2026 8:00,6/20/2026 1:32,7/1/2026 13:37,11.5,6/29/2026 0:00,11629,2131,10000
NEO,PSL B2,DummyEnd,Ta NEO Capacitor PSL series B2 case,6F29N14763,N,TEPSLB20J227M(25)8R,NEO B2 CAPACITOR,6/16/2026 8:00,6/19/2026 5:25,7/1/2026 14:01,12.4,6/29/2026 0:00,11664,1664,10000
NEO,PSL B2,DummyEnd,Ta NEO Capacitor PSL series B2 case,6F29N14764,N,TEPSLB20J227M(25)8R,NEO B2 CAPACITOR,6/16/2026 8:00,6/19/2026 6:47,7/1/2026 10:24,12.2,6/29/2026 0:00,11664,2282,10000
NEO,PSL B2,DummyEnd,Ta NEO Capacitor PSL series B2 case,6F29N14765,N,TEPSLB20J227M(25)8R,NEO B2 CAPACITOR,6/16/2026 8:00,6/19/2026 9:49,7/1/2026 13:53,12.2,6/29/2026 0:00,11664,1664,10000
NEO,PSL B2,DummyEnd,Ta NEO Capacitor PSL series B2 case,6F29N14766,N,TEPSLB20J227M(25)8R,NEO B2 CAPACITOR,6/16/2026 8:01,6/20/2026 1:28,7/2/2026 13:23,12.5,6/29/2026 0:00,11664,1664,10000
NEO,PSL B2,DummyEnd,Ta NEO Capacitor PSL series B2 case,6F29N14767,N,TEPSLB20J227M(25)8R,NEO B2 CAPACITOR,6/16/2026 8:01,6/20/2026 1:28,7/1/2026 7:52,11.3,6/29/2026 0:00,11664,1898,10000
NEO,PSL B2,DummyEnd,Ta NEO Capacitor PSL series B2 case,6F29N14768,N,TEPSLB20J227M(25)8R,NEO B2 CAPACITOR,6/16/2026 8:01,6/20/2026 1:29,7/1/2026 15:13,11.6,6/29/2026 0:00,11664,1664,10000
NEO,PSL B2,DummyEnd,Ta NEO Capacitor PSL series B2 case,6F29N14769,N,TEPSLB20J227M(25)8R,NEO B2 CAPACITOR,6/16/2026 8:01,6/19/2026 11:57,7/1/2026 14:04,12.1,6/29/2026 0:00,11664,1664,10000
NEO,PSL B2,DummyEnd,Ta NEO Capacitor PSL series B2 case,6F29N14770,N,TEPSLB20J227M(25)8R,NEO B2 CAPACITOR,6/16/2026 8:01,6/19/2026 10:23,7/1/2026 15:42,12.2,6/29/2026 0:00,11664,1664,10000
NEO,PSL B2,DummyEnd,Ta NEO Capacitor PSL series B2 case,6F29N14771,N,TEPSLB20J227M(25)8R,NEO B2 CAPACITOR,6/16/2026 8:01,6/19/2026 10:23,7/2/2026 15:36,13.2,6/29/2026 0:00,11651,1564,12000
NEO,PSL B2,DummyEnd,Ta NEO Capacitor PSL series B2 case,6F29N14783,N,TEPSLB21E226M8R,NEO B2 CAPACITOR,6/16/2026 8:03,6/19/2026 23:40,7/1/2026 10:15,11.5,6/29/2026 0:00,11653,1626,12000
NEO,PSL B2,DummyEnd,Ta NEO Capacitor PSL series B2 case,6F29N14795,N,TEPSLB21E226M8R,NEO B2 CAPACITOR,6/16/2026 8:04,6/20/2026 10:28,7/2/2026 13:16,12.1,6/29/2026 0:00,11658,3969,8000
NEO,PSL B2,DummyEnd,Ta NEO Capacitor PSL series B2 case,6F30N14066,N,TEPSLB21A107M708RKT,NEO B2 CAPACITOR,6/15/2026 4:32,6/15/2026 9:26,7/10/2026 11:32,25.1,6/30/2026 0:00,11664,3664,8000
NEO,PSL B2,DummyEnd,Ta NEO Capacitor PSL series B2 case,6F30N15022,N,TEPSLB21D336M8RFL,NEO B2 CAPACITOR,6/18/2026 8:33,6/19/2026 23:40,7/1/2026 16:00,11.7,6/30/2026 0:00,11664,2598,10000
NEO,PSL B2,DummyEnd,Ta NEO Capacitor PSL series B2 case,6F30N15024,N,TEPSLB21D336M8RFL,NEO B2 CAPACITOR,6/18/2026 8:33,6/20/2026 10:00,7/1/2026 15:44,11.2,6/30/2026 0:00,11664,735,12000
NEO,PSL B2,DummyEnd,Ta NEO Capacitor PSL series B2 case,6F30N15025,N,TEPSLB21D336M8RFL,NEO B2 CAPACITOR,6/18/2026 8:33,6/20/2026 10:00,7/4/2026 7:15,13.9,6/30/2026 0:00,11664,1715,10000
NEO,PSL B2,DummyEnd,Ta NEO Capacitor PSL series B2 case,6F30N15026,N,TEPSLB21D336M8RFL,NEO B2 CAPACITOR,6/18/2026 8:33,6/20/2026 7:26,7/1/2026 13:12,11.3,6/30/2026 0:00,11664,1716,10000
NEO,PSL B2,DummyEnd,Ta NEO Capacitor PSL series B2 case,6F30N15027,N,TEPSLB21D336M8RFL,NEO B2 CAPACITOR,6/18/2026 8:33,6/20/2026 13:01,7/1/2026 13:07,11,6/30/2026 0:00,11664,1664,10000
NEO,PSL B2,DummyEnd,Ta NEO Capacitor PSL series B2 case,6F30N15028,N,TEPSLB21D336M8RFL,NEO B2 CAPACITOR,6/18/2026 8:33,6/20/2026 5:20,7/1/2026 13:06,11.3,6/30/2026 0:00,11664,1664,10000
NEO,PSL B2,DummyEnd,Ta NEO Capacitor PSL series B2 case,6F30N15029,N,TEPSLB21D336M8RFL,NEO B2 CAPACITOR,6/18/2026 8:33,6/20/2026 5:56,7/1/2026 15:46,11.4,6/30/2026 0:00,11589,1589,10000
NEO,PSL B2,DummyEnd,Ta NEO Capacitor PSL series B2 case,6F30N15030,N,TEPSLB21E226M8R,NEO B2 CAPACITOR,6/18/2026 8:33,6/21/2026 1:23,7/2/2026 10:01,11.4,6/30/2026 0:00,11590,2230,10000
NEO,PSL B2,DummyEnd,Ta NEO Capacitor PSL series B2 case,6F30N15031,N,TEPSLB21E226M8R,NEO B2 CAPACITOR,6/18/2026 8:34,6/19/2026 23:35,7/1/2026 6:47,11.3,6/30/2026 0:00,11664,868,12000
NEO,PSL B2,DummyEnd,Ta NEO Capacitor PSL series B2 case,6F30N15032,N,TEPSLB21E226M8R,NEO B2 CAPACITOR,6/18/2026 8:34,6/19/2026 23:42,7/2/2026 6:14,12.3,6/30/2026 0:00,11646,1646,10000
NEO,PSL B2,DummyEnd,Ta NEO Capacitor PSL series B2 case,6F30N15035,N,TEPSLB21E226M8R,NEO B2 CAPACITOR,6/18/2026 8:34,6/19/2026 18:33,7/1/2026 14:08,11.8,6/30/2026 0:00,11014,2107,10000
NEO,PSL B2,DummyEnd,Ta NEO Capacitor PSL series B2 case,6F30N15036,N,TEPSLB21E226M8R,NEO B2 CAPACITOR,6/18/2026 8:34,6/19/2026 18:33,7/1/2026 15:48,11.9,6/30/2026 0:00,11279,370,12000
NEO,PSL B2,DummyEnd,Ta NEO Capacitor PSL series B2 case,6F30N15037,N,TEPSLB21E226M8R,NEO B2 CAPACITOR,6/18/2026 8:34,6/19/2026 23:43,7/1/2026 7:06,11.3,6/30/2026 0:00,11664,1014,12000
NEO,PSL B2,DummyEnd,Ta NEO Capacitor PSL series B2 case,6F30N15039,N,TEPSLB21E226M8R,NEO B2 CAPACITOR,6/18/2026 8:34,6/20/2026 21:39,7/1/2026 7:02,10.4,6/30/2026 0:00,11614,1614,10000
NEO,PSL B2,DummyEnd,Ta NEO Capacitor PSL series B2 case,6F30N15040,N,TEPSLB21E226M8R,NEO B2 CAPACITOR,6/18/2026 8:34,6/21/2026 19:48,7/5/2026 3:47,13.3,6/30/2026 0:00,11664,1664,10000
NEO,PSL B2,DummyEnd,Ta NEO Capacitor PSL series B2 case,6F30N15041,N,TEPSLB21E226M8R,NEO B2 CAPACITOR,6/18/2026 8:35,6/20/2026 9:54,7/1/2026 7:05,10.9,6/30/2026 0:00,11664,2495,10000
NEO,PSL B2,DummyEnd,Ta NEO Capacitor PSL series B2 case,6F30N15042,N,TEPSLB21E226M8R,NEO B2 CAPACITOR,6/18/2026 8:35,6/20/2026 10:00,7/1/2026 14:09,11.2,6/30/2026 0:00,11664,1664,10000
NEO,PSL B2,DummyEnd,Ta NEO Capacitor PSL series B2 case,6F30N15043,N,TEPSLB21E226M8R,NEO B2 CAPACITOR,6/18/2026 8:35,6/21/2026 1:23,7/1/2026 13:02,10.5,6/30/2026 0:00,11664,1664,10000
NEO,PSL B2,DummyEnd,Ta NEO Capacitor PSL series B2 case,6F30N15044,N,TEPSLB21E226M8R,NEO B2 CAPACITOR,6/18/2026 8:35,6/20/2026 21:39,7/1/2026 14:01,10.7,6/30/2026 0:00,11664,1664,10000
NEO,PSL B2,DummyEnd,Ta NEO Capacitor PSL series B2 case,6F30N15075,N,TEPSLB21A476M(35)8R,NEO B2 CAPACITOR,6/19/2026 8:53,6/21/2026 9:58,7/4/2026 7:19,12.9,6/30/2026 0:00,14418,2418,12000
NEO,PSL B2,DummyEnd,Ta NEO Capacitor PSL series B2 case,6F30N15076,N,TEPSLB21A476M(35)8R,NEO B2 CAPACITOR,6/19/2026 8:53,6/21/2026 9:58,7/6/2026 4:36,14.8,6/30/2026 0:00,14418,2418,12000
NEO,PSL B2,DummyEnd,Ta NEO Capacitor PSL series B2 case,6F30N15077,N,TEPSLB21A476M(35)8R,NEO B2 CAPACITOR,6/19/2026 8:53,6/21/2026 9:58,7/6/2026 2:49,14.7,6/30/2026 0:00,14406,2406,12000
NEO,PSL B2,DummyEnd,Ta NEO Capacitor PSL series B2 case,6F30N15078,N,TEPSLB21A476M(35)8R,NEO B2 CAPACITOR,6/19/2026 8:53,6/21/2026 6:15,7/2/2026 13:28,11.3,6/30/2026 0:00,14418,2105,14000
NEO,PSL B2,DummyEnd,Ta NEO Capacitor PSL series B2 case,6F30N15079,N,TEPSLB21A476M(35)8R,NEO B2 CAPACITOR,6/19/2026 8:53,6/21/2026 5:59,7/2/2026 13:39,11.3,6/30/2026 0:00,14418,1991,14000
NEO,PSL B2,DummyEnd,Ta NEO Capacitor PSL series B2 case,6F30N15080,N,TEPSLB21A476M(35)8R,NEO B2 CAPACITOR,6/19/2026 8:53,6/21/2026 5:59,7/3/2026 2:49,11.9,6/30/2026 0:00,14418,2418,12000
NEO,PSL B2,DummyEnd,Ta NEO Capacitor PSL series B2 case,6F30N15081,N,TEPSLB21A107M708RKT,NEO B2 CAPACITOR,6/19/2026 8:54,6/21/2026 1:21,7/1/2026 6:55,10.2,6/30/2026 0:00,11664,1865,10000
NEO,PSL B2,DummyEnd,Ta NEO Capacitor PSL series B2 case,6F30N15082,N,TEPSLB21A107M708RKT,NEO B2 CAPACITOR,6/19/2026 8:54,6/21/2026 3:10,7/1/2026 13:12,10.4,6/30/2026 0:00,11664,1664,10000
NEO,PSL B2,DummyEnd,Ta NEO Capacitor PSL series B2 case,6F30N15083,N,TEPSLB21A107M708RKT,NEO B2 CAPACITOR,6/19/2026 8:54,6/21/2026 1:38,7/2/2026 16:04,11.6,6/30/2026 0:00,11557,1604,10000
NEO,PSL B2,DummyEnd,Ta NEO Capacitor PSL series B2 case,6G01N00566,N,TEPSLB20E337M(15)8R,NEO B2 CAPACITOR,6/18/2026 1:18,6/21/2026 1:22,7/5/2026 8:58,14.3,7/1/2026 0:00,11664,1664,10000
NEO,PSL B2,DummyEnd,Ta NEO Capacitor PSL series B2 case,6G01N00567,N,TEPSLB20E337M(15)8R,NEO B2 CAPACITOR,6/18/2026 1:18,6/21/2026 1:22,7/4/2026 14:54,13.5,7/1/2026 0:00,11664,1719,10000
NEO,PSL B2,DummyEnd,Ta NEO Capacitor PSL series B2 case,6G01N00568,N,TEPSLB20E337M(15)8R,NEO B2 CAPACITOR,6/18/2026 1:18,6/21/2026 2:13,7/4/2026 9:30,13.3,7/1/2026 0:00,11664,1664,10000
NEO,PSL B2,DummyEnd,Ta NEO Capacitor PSL series B2 case,6G01N00569,N,TEPSLB20E337M(15)8R,NEO B2 CAPACITOR,6/18/2026 1:19,6/21/2026 6:00,7/3/2026 14:44,12.3,7/1/2026 0:00,11664,1664,10000
NEO,PSL B2,DummyEnd,Ta NEO Capacitor PSL series B2 case,6G01N00570,N,TEPSLB20E337M(15)8R,NEO B2 CAPACITOR,6/18/2026 1:19,6/21/2026 6:00,7/4/2026 9:28,13.1,7/1/2026 0:00,11664,1842,10000
NEO,PSL B2,DummyEnd,Ta NEO Capacitor PSL series B2 case,6G01N00571,N,TEPSLB20E337M(15)8R,NEO B2 CAPACITOR,6/18/2026 1:19,6/21/2026 6:00,7/4/2026 7:16,13,7/1/2026 0:00,11664,1664,10000
NEO,PSL B2,DummyEnd,Ta NEO Capacitor PSL series B2 case,6G01N00572,N,TEPSLB20E337M(15)8R,NEO B2 CAPACITOR,6/18/2026 1:19,6/21/2026 2:09,7/3/2026 2:51,12,7/1/2026 0:00,11664,1664,10000
NEO,PSL B2,DummyEnd,Ta NEO Capacitor PSL series B2 case,6G01N00573,N,TEPSLB20E337M(15)8R,NEO B2 CAPACITOR,6/18/2026 1:19,6/21/2026 2:09,7/3/2026 2:48,12,7/1/2026 0:00,11664,1664,10000
NEO,PSL B2,DummyEnd,Ta NEO Capacitor PSL series B2 case,6G01N00574,N,TEPSLB20E337M(15)8R,NEO B2 CAPACITOR,6/18/2026 1:19,6/21/2026 1:39,7/4/2026 9:32,13.3,7/1/2026 0:00,11664,1664,10000
NEO,PSL B2,DummyEnd,Ta NEO Capacitor PSL series B2 case,6G01N00575,N,TEPSLB20E337M(15)8R,NEO B2 CAPACITOR,6/18/2026 1:19,6/21/2026 9:49,7/4/2026 9:41,13,7/1/2026 0:00,11664,1664,10000
NEO,PSL B2,DummyEnd,Ta NEO Capacitor PSL series B2 case,6G01N00576,N,TEPSLB20E337M(15)8R,NEO B2 CAPACITOR,6/18/2026 1:19,6/21/2026 9:49,7/3/2026 17:39,12.3,7/1/2026 0:00,11664,1664,10000
NEO,PSL B2,DummyEnd,Ta NEO Capacitor PSL series B2 case,6G01N00577,N,TEPSLB20E337M(15)8R,NEO B2 CAPACITOR,6/18/2026 1:19,6/21/2026 9:50,7/5/2026 8:56,14,7/1/2026 0:00,11664,1664,10000
NEO,PSL B2,DummyEnd,Ta NEO Capacitor PSL series B2 case,6G01N00578,N,TEPSLB20J157M18HF8R,NEO B2 CAPACITOR,6/18/2026 1:19,6/20/2026 5:22,7/2/2026 6:36,12,7/1/2026 0:00,11664,962,12000
NEO,PSL B2,DummyEnd,Ta NEO Capacitor PSL series B2 case,6G01N00579,N,TEPSLB20J157M18HF8R,NEO B2 CAPACITOR,6/18/2026 1:20,6/20/2026 7:39,7/1/2026 15:44,11.3,7/1/2026 0:00,11664,647,12000
NEO,PSL B2,DummyEnd,Ta NEO Capacitor PSL series B2 case,6G01N00580,N,TEPSLB20J157M18HF8R,NEO B2 CAPACITOR,6/18/2026 1:20,6/20/2026 10:45,7/5/2026 16:11,15.3,7/1/2026 0:00,11664,1664,10000
NEO,PSL B2,DummyEnd,Ta NEO Capacitor PSL series B2 case,6G01N00581,N,TEPSLB20J157M18HF8R,NEO B2 CAPACITOR,6/18/2026 1:20,6/20/2026 15:33,7/1/2026 13:52,10.9,7/1/2026 0:00,11664,1664,10000
NEO,PSL B2,DummyEnd,Ta NEO Capacitor PSL series B2 case,6G01N00582,N,TEPSLB20J157M18HF8R,NEO B2 CAPACITOR,6/18/2026 1:20,6/20/2026 15:33,7/4/2026 17:31,14.1,7/1/2026 0:00,11664,967,12000
NEO,PSL B2,DummyEnd,Ta NEO Capacitor PSL series B2 case,6G01N00583,N,TEPSLB20J157M18HF8R,NEO B2 CAPACITOR,6/18/2026 1:20,6/20/2026 15:34,7/8/2026 9:35,17.8,7/1/2026 0:00,11636,1636,10000
NEO,PSL B2,DummyEnd,Ta NEO Capacitor PSL series B2 case,6G01N00584,N,TEPSLB20J157M18HF8R,NEO B2 CAPACITOR,6/18/2026 1:20,6/20/2026 10:16,7/1/2026 15:59,11.2,7/1/2026 0:00,11664,1664,10000
NEO,PSL B2,DummyEnd,Ta NEO Capacitor PSL series B2 case,6G01N00585,N,TEPSLB20J157M18HF8R,NEO B2 CAPACITOR,6/18/2026 1:20,6/20/2026 10:16,7/1/2026 13:56,11.1,7/1/2026 0:00,11664,865,12000
NEO,PSL B2,DummyEnd,Ta NEO Capacitor PSL series B2 case,6G01N00586,N,TEPSLB20J157M18HF8R,NEO B2 CAPACITOR,6/18/2026 1:20,6/20/2026 9:51,7/5/2026 16:47,15.3,7/1/2026 0:00,11662,1499,12000
NEO,PSL B2,DummyEnd,Ta NEO Capacitor PSL series B2 case,6G01N00587,N,TEPSLB20J157M18HF8R,NEO B2 CAPACITOR,6/18/2026 1:20,6/21/2026 10:00,7/4/2026 17:30,13.3,7/1/2026 0:00,11664,1664,10000
NEO,PSL B2,DummyEnd,Ta NEO Capacitor PSL series B2 case,6G01N00588,N,TEPSLB20J157M18HF8R,NEO B2 CAPACITOR,6/18/2026 1:20,6/21/2026 10:00,7/4/2026 9:48,13,7/1/2026 0:00,11664,1664,10000
NEO,PSL B2,DummyEnd,Ta NEO Capacitor PSL series B2 case,6G01N00589,N,TEPSLB20J157M18HF8R,NEO B2 CAPACITOR,6/18/2026 1:21,6/21/2026 10:00,7/2/2026 8:33,10.9,7/1/2026 0:00,11664,1104,12000
NEO,PSL B2,DummyEnd,Ta NEO Capacitor PSL series B2 case,6G01N00590,N,TEPSLB20J157M18HF8R,NEO B2 CAPACITOR,6/18/2026 1:21,6/20/2026 5:22,7/1/2026 8:10,11.1,7/1/2026 0:00,11664,985,12000
NEO,PSL B2,DummyEnd,Ta NEO Capacitor PSL series B2 case,6G01N00591,N,TEPSLB20J157M18HF8R,NEO B2 CAPACITOR,6/18/2026 1:21,6/20/2026 5:56,7/1/2026 10:09,11.2,7/1/2026 0:00,11664,1664,10000
NEO,PSL B2,DummyEnd,Ta NEO Capacitor PSL series B2 case,6G01N00592,N,TEPSLB20J157M18HF8R,NEO B2 CAPACITOR,6/18/2026 1:21,6/20/2026 10:16,7/1/2026 10:10,11,7/1/2026 0:00,11625,2189,10000
NEO,PSL B2,DummyEnd,Ta NEO Capacitor PSL series B2 case,6G01N00593,N,TEPSLB20J157M18HF8R,NEO B2 CAPACITOR,6/18/2026 1:21,6/20/2026 21:39,7/2/2026 6:45,11.4,7/1/2026 0:00,11664,1664,10000
NEO,PSL B2,DummyEnd,Ta NEO Capacitor PSL series B2 case,6G01N00594,N,TEPSLB20J157M18HF8R,NEO B2 CAPACITOR,6/18/2026 1:21,6/20/2026 21:39,7/3/2026 15:51,12.8,7/1/2026 0:00,11664,1664,10000
NEO,PSL B2,DummyEnd,Ta NEO Capacitor PSL series B2 case,6G01N00595,N,TEPSLB20J157M18HF8R,NEO B2 CAPACITOR,6/18/2026 1:21,6/20/2026 21:38,7/2/2026 9:24,11.5,7/1/2026 0:00,11664,961,12000
NEO,PSL B2,DummyEnd,Ta NEO Capacitor PSL series B2 case,6G01N00596,N,TEPSLB20J157M18HF8R,NEO B2 CAPACITOR,6/18/2026 1:21,6/20/2026 9:50,7/1/2026 15:28,11.3,7/1/2026 0:00,11664,1821,10000
NEO,PSL B2,DummyEnd,Ta NEO Capacitor PSL series B2 case,6G01N00597,N,TEPSLB20J157M18HF8R,NEO B2 CAPACITOR,6/18/2026 1:21,6/20/2026 9:51,7/1/2026 7:04,10.9,7/1/2026 0:00,11664,1664,10000
NEO,PSL B2,DummyEnd,Ta NEO Capacitor PSL series B2 case,6G01N00598,N,TEPSLB20J157M18HF8R,NEO B2 CAPACITOR,6/18/2026 1:21,6/20/2026 9:51,7/5/2026 16:46,15.3,7/1/2026 0:00,11596,1596,10000
NEO,PSL B2,DummyEnd,Ta NEO Capacitor PSL series B2 case,6G01N00599,N,TEPSLB20J157M18HF8R,NEO B2 CAPACITOR,6/18/2026 1:21,6/22/2026 1:17,7/4/2026 15:01,12.6,7/1/2026 0:00,11664,1664,10000
NEO,PSL B2,DummyEnd,Ta NEO Capacitor PSL series B2 case,6G01N00600,N,TEPSLB20J157M18HF8R,NEO B2 CAPACITOR,6/18/2026 1:22,6/22/2026 3:35,7/4/2026 15:28,12.5,7/1/2026 0:00,11664,798,12000
NEO,PSL B2,DummyEnd,Ta NEO Capacitor PSL series B2 case,6G01N00601,N,TEPSLB20J157M18HF8R,NEO B2 CAPACITOR,6/18/2026 1:22,6/22/2026 3:13,7/3/2026 15:04,11.5,7/1/2026 0:00,11664,1664,10000
NEO,PSL B2,DummyEnd,Ta NEO Capacitor PSL series B2 case,6G01N00602,N,TEPSLB20J157M18HF8R,NEO B2 CAPACITOR,6/18/2026 1:22,6/20/2026 18:53,7/2/2026 10:03,11.7,7/1/2026 0:00,11664,1664,10000
NEO,PSL B2,DummyEnd,Ta NEO Capacitor PSL series B2 case,6G01N00603,N,TEPSLB20J157M18HF8R,NEO B2 CAPACITOR,6/18/2026 1:22,6/20/2026 18:54,7/1/2026 10:13,10.7,7/1/2026 0:00,11664,1664,10000
NEO,PSL B2,DummyEnd,Ta NEO Capacitor PSL series B2 case,6G01N00604,N,TEPSLB20J157M18HF8R,NEO B2 CAPACITOR,6/18/2026 1:22,6/20/2026 18:54,7/2/2026 6:46,11.5,7/1/2026 0:00,11650,2060,10000
NEO,PSL B2,DummyEnd,Ta NEO Capacitor PSL series B2 case,6G01N00605,N,TEPSLB20J157M18HF8R,NEO B2 CAPACITOR,6/18/2026 1:22,6/21/2026 0:36,7/5/2026 19:26,14.8,7/1/2026 0:00,11664,2267,10000
NEO,PSL B2,DummyEnd,Ta NEO Capacitor PSL series B2 case,6G01N00606,N,TEPSLB20J157M18HF8R,NEO B2 CAPACITOR,6/18/2026 1:22,6/21/2026 3:08,7/4/2026 17:31,13.6,7/1/2026 0:00,11664,634,12000
NEO,PSL B2,DummyEnd,Ta NEO Capacitor PSL series B2 case,6G01N00607,N,TEPSLB20J157M18HF8R,NEO B2 CAPACITOR,6/18/2026 1:22,6/21/2026 1:37,7/4/2026 9:34,13.3,7/1/2026 0:00,11664,1766,10000
NEO,PSL B2,DummyEnd,Ta NEO Capacitor PSL series B2 case,6G01N00608,N,TEPSLB20J157M18HF8R,NEO B2 CAPACITOR,6/18/2026 1:22,6/20/2026 9:52,7/1/2026 8:08,11,7/1/2026 0:00,11664,1664,10000
NEO,PSL B2,DummyEnd,Ta NEO Capacitor PSL series B2 case,6G01N00609,N,TEPSLB20J157M18HF8R,NEO B2 CAPACITOR,6/18/2026 1:22,6/20/2026 9:52,7/4/2026 15:14,14.3,7/1/2026 0:00,11664,1664,10000
NEO,PSL B2,DummyEnd,Ta NEO Capacitor PSL series B2 case,6G01N00610,N,TEPSLB20J157M18HF8R,NEO B2 CAPACITOR,6/18/2026 1:23,6/20/2026 9:53,7/1/2026 16:50,11.3,7/1/2026 0:00,11626,904,12000
NEO,PSL B2,DummyEnd,Ta NEO Capacitor PSL series B2 case,6G01N00611,N,TEPSLB20J157M(35)8R,NEO B2 CAPACITOR,6/18/2026 1:23,6/21/2026 19:02,7/5/2026 11:11,13.7,7/1/2026 0:00,11664,1664,10000
NEO,PSL B2,DummyEnd,Ta NEO Capacitor PSL series B2 case,6G01N00612,N,TEPSLB20J157M(35)8R,NEO B2 CAPACITOR,6/18/2026 1:23,6/21/2026 19:02,7/5/2026 8:59,13.5,7/1/2026 0:00,11664,2127,10000
NEO,PSL B2,DummyEnd,Ta NEO Capacitor PSL series B2 case,6G01N00613,N,TEPSLB20J157M(35)8R,NEO B2 CAPACITOR,6/18/2026 1:23,6/21/2026 19:02,7/4/2026 7:15,12.5,7/1/2026 0:00,11664,1664,10000
NEO,PSL B2,DummyEnd,Ta NEO Capacitor PSL series B2 case,6G01N00614,N,TEPSLB20J157M(35)8R,NEO B2 CAPACITOR,6/18/2026 1:23,6/20/2026 14:18,7/2/2026 10:00,11.8,7/1/2026 0:00,11664,1664,10000
NEO,PSL B2,DummyEnd,Ta NEO Capacitor PSL series B2 case,6G01N00615,N,TEPSLB20J157M(35)8R,NEO B2 CAPACITOR,6/18/2026 1:23,6/20/2026 14:19,7/5/2026 2:03,14.5,7/1/2026 0:00,11664,1664,10000
NEO,PSL B2,DummyEnd,Ta NEO Capacitor PSL series B2 case,6G01N00616,N,TEPSLB20J157M(35)8R,NEO B2 CAPACITOR,6/18/2026 1:23,6/20/2026 14:19,7/4/2026 5:55,13.6,7/1/2026 0:00,11664,1664,10000
NEO,PSL B2,DummyEnd,Ta NEO Capacitor PSL series B2 case,6G01N00620,N,TEPSLB20J157M(35)8R,NEO B2 CAPACITOR,6/18/2026 1:23,6/21/2026 5:50,7/4/2026 15:18,13.4,7/1/2026 0:00,11664,1664,10000
NEO,PSL B2,DummyEnd,Ta NEO Capacitor PSL series B2 case,6G01N00621,N,TEPSLB20J157M(35)8R,NEO B2 CAPACITOR,6/18/2026 1:24,6/21/2026 6:27,7/5/2026 7:53,14,7/1/2026 0:00,11664,1664,10000
NEO,PSL B2,DummyEnd,Ta NEO Capacitor PSL series B2 case,6G01N00622,N,TEPSLB20J157M(35)8R,NEO B2 CAPACITOR,6/18/2026 1:24,6/21/2026 6:26,7/2/2026 10:14,11.2,7/1/2026 0:00,11648,922,12000
NEO,PSL B2,DummyEnd,Ta NEO Capacitor PSL series B2 case,6G01N00623,N,TEPSLB20E227M(15)8R,NEO B2 CAPACITOR,6/18/2026 1:24,6/20/2026 10:25,7/3/2026 4:13,12.8,7/1/2026 0:00,11664,2131,10000
NEO,PSL B2,DummyEnd,Ta NEO Capacitor PSL series B2 case,6G01N00624,N,TEPSLB20E227M(15)8R,NEO B2 CAPACITOR,6/18/2026 1:24,6/20/2026 10:46,7/1/2026 13:32,11.1,7/1/2026 0:00,11664,1664,10000
NEO,PSL B2,DummyEnd,Ta NEO Capacitor PSL series B2 case,6G01N00625,N,TEPSLB20E227M(15)8R,NEO B2 CAPACITOR,6/18/2026 1:24,6/20/2026 9:54,7/1/2026 13:29,11.2,7/1/2026 0:00,11658,545,12000
NEO,PSL B2,DummyEnd,Ta NEO Capacitor PSL series B2 case,6G01N00626,N,TEPSLB20E227M(15)8R,NEO B2 CAPACITOR,6/18/2026 1:24,6/20/2026 10:46,7/1/2026 7:33,10.9,7/1/2026 0:00,11664,1664,10000
NEO,PSL B2,DummyEnd,Ta NEO Capacitor PSL series B2 case,6G01N00627,N,TEPSLB20E227M(15)8R,NEO B2 CAPACITOR,6/18/2026 1:24,6/20/2026 9:52,7/2/2026 6:42,11.9,7/1/2026 0:00,11664,1664,10000
NEO,PSL B2,DummyEnd,Ta NEO Capacitor PSL series B2 case,6G01N00628,N,TEPSLB20E227M(15)8R,NEO B2 CAPACITOR,6/18/2026 1:24,6/20/2026 9:52,7/2/2026 13:16,12.2,7/1/2026 0:00,11664,2385,10000
NEO,PSL B2,DummyEnd,Ta NEO Capacitor PSL series B2 case,6G01N00629,N,TEPSLB20E227M(15)8R,NEO B2 CAPACITOR,6/18/2026 1:24,6/20/2026 13:08,7/1/2026 15:18,11.1,7/1/2026 0:00,11664,618,12000
NEO,PSL B2,DummyEnd,Ta NEO Capacitor PSL series B2 case,6G01N00630,N,TEPSLB20E227M(15)8R,NEO B2 CAPACITOR,6/18/2026 1:24,6/20/2026 13:08,7/1/2026 13:07,11,7/1/2026 0:00,11664,649,12000
NEO,PSL B2,DummyEnd,Ta NEO Capacitor PSL series B2 case,6G01N00631,N,TEPSLB20E227M(15)8R,NEO B2 CAPACITOR,6/18/2026 1:25,6/20/2026 13:09,7/1/2026 13:25,11,7/1/2026 0:00,11664,1664,10000
NEO,PSL B2,DummyEnd,Ta NEO Capacitor PSL series B2 case,6G01N00632,N,TEPSLB20E227M(15)8R,NEO B2 CAPACITOR,6/18/2026 1:25,6/21/2026 19:47,7/3/2026 2:38,11.3,7/1/2026 0:00,11664,447,12000
NEO,PSL B2,DummyEnd,Ta NEO Capacitor PSL series B2 case,6G01N00633,N,TEPSLB20E227M(15)8R,NEO B2 CAPACITOR,6/18/2026 1:25,6/22/2026 1:03,7/3/2026 15:51,11.6,7/1/2026 0:00,11664,1664,10000
NEO,PSL B2,DummyEnd,Ta NEO Capacitor PSL series B2 case,6G01N00634,N,TEPSLB20E227M(15)8R,NEO B2 CAPACITOR,6/18/2026 1:25,6/22/2026 3:37,7/3/2026 2:59,11,7/1/2026 0:00,11664,2462,10000
NEO,PSL B2,DummyEnd,Ta NEO Capacitor PSL series B2 case,6G01N00636,N,TEPSLB20E227M(15)8R,NEO B2 CAPACITOR,6/18/2026 1:25,6/22/2026 4:55,7/5/2026 2:02,12.9,7/1/2026 0:00,11664,1664,10000
NEO,PSL B2,DummyEnd,Ta NEO Capacitor PSL series B2 case,6G01N00637,N,TEPSLB20E227M(15)8R,NEO B2 CAPACITOR,6/18/2026 1:25,6/22/2026 7:23,7/8/2026 18:05,16.5,7/1/2026 0:00,11664,1666,10000
NEO,PSL B2,DummyEnd,Ta NEO Capacitor PSL series B2 case,6G01N00638,N,TEPSLB20E227M(15)8R,NEO B2 CAPACITOR,6/18/2026 1:25,6/20/2026 14:09,7/1/2026 13:16,11,7/1/2026 0:00,11664,1664,10000
NEO,PSL B2,DummyEnd,Ta NEO Capacitor PSL series B2 case,6G01N00639,N,TEPSLB20E227M(15)8R,NEO B2 CAPACITOR,6/18/2026 1:25,6/20/2026 14:09,7/1/2026 6:46,10.7,7/1/2026 0:00,11664,907,12000
NEO,PSL B2,DummyEnd,Ta NEO Capacitor PSL series B2 case,6G01N00640,N,TEPSLB20E227M(15)8R,NEO B2 CAPACITOR,6/18/2026 1:26,6/20/2026 21:46,7/3/2026 15:43,12.8,7/1/2026 0:00,11664,1155,12000
NEO,PSL B2,DummyEnd,Ta NEO Capacitor PSL series B2 case,6G01N00641,N,TEPSLB20E227M(15)8R,NEO B2 CAPACITOR,6/18/2026 1:26,6/20/2026 15:40,7/2/2026 8:45,11.7,7/1/2026 0:00,11664,1664,10000
NEO,PSL B2,DummyEnd,Ta NEO Capacitor PSL series B2 case,6G01N00642,N,TEPSLB20E227M(15)8R,NEO B2 CAPACITOR,6/18/2026 1:26,6/20/2026 21:51,7/1/2026 13:03,10.7,7/1/2026 0:00,11664,1664,10000
NEO,PSL B2,DummyEnd,Ta NEO Capacitor PSL series B2 case,6G01N00643,N,TEPSLB20E227M(15)8R,NEO B2 CAPACITOR,6/18/2026 1:26,6/20/2026 21:46,7/4/2026 15:39,13.8,7/1/2026 0:00,11664,1664,10000
NEO,PSL B2,DummyEnd,Ta NEO Capacitor PSL series B2 case,6G01N00644,N,TEPSLB20J227M258RKT2,NEO B2 CAPACITOR,6/18/2026 1:26,6/22/2026 7:33,7/10/2026 19:43,18.5,7/1/2026 0:00,11664,2206,10000
NEO,PSL B2,DummyEnd,Ta NEO Capacitor PSL series B2 case,6G01N00645,N,TEPSLB20J227M258RKT2,NEO B2 CAPACITOR,6/18/2026 1:26,6/22/2026 7:33,7/9/2026 19:25,17.5,7/1/2026 0:00,11664,1664,10000
NEO,PSL B2,DummyEnd,Ta NEO Capacitor PSL series B2 case,6G01N00646,N,TEPSLB20J227M258RKT2,NEO B2 CAPACITOR,6/18/2026 1:26,6/22/2026 7:33,7/11/2026 3:48,18.8,7/1/2026 0:00,11664,2879,10000
NEO,PSL B2,DummyEnd,Ta NEO Capacitor PSL series B2 case,6G01N00647,N,TEPSLB20J227M258RKT2,NEO B2 CAPACITOR,6/18/2026 1:26,6/20/2026 6:27,7/2/2026 13:26,12.3,7/1/2026 0:00,11664,1664,10000
NEO,PSL B2,DummyEnd,Ta NEO Capacitor PSL series B2 case,6G01N00648,N,TEPSLB20J227M258RKT2,NEO B2 CAPACITOR,6/18/2026 1:26,6/20/2026 7:38,7/3/2026 15:40,13.3,7/1/2026 0:00,11664,1664,10000
NEO,PSL B2,DummyEnd,Ta NEO Capacitor PSL series B2 case,6G01N00649,N,TEPSLB20J227M258RKT2,NEO B2 CAPACITOR,6/18/2026 1:26,6/20/2026 9:59,7/2/2026 19:44,12.4,7/1/2026 0:00,11634,1634,10000
NEO,PSL B2,DummyEnd,Ta NEO Capacitor PSL series B2 case,6G01N00650,N,TEPSLB20J227M258RKT2,NEO B2 CAPACITOR,6/18/2026 1:27,6/20/2026 10:11,7/4/2026 6:12,13.8,7/1/2026 0:00,11664,1664,10000
NEO,PSL B2,DummyEnd,Ta NEO Capacitor PSL series B2 case,6G01N00651,N,TEPSLB20J227M258RKT2,NEO B2 CAPACITOR,6/18/2026 1:27,6/20/2026 10:11,7/3/2026 4:48,12.8,7/1/2026 0:00,11664,3664,8000
NEO,PSL B2,DummyEnd,Ta NEO Capacitor PSL series B2 case,6G01N00652,N,TEPSLB20J227M258RKT2,NEO B2 CAPACITOR,6/18/2026 1:27,6/20/2026 10:11,7/3/2026 14:51,13.2,7/1/2026 0:00,11664,2536,10000
NEO,PSL B2,DummyEnd,Ta NEO Capacitor PSL series B2 case,6G01N00653,N,TEPSLB20J227M258RKT2,NEO B2 CAPACITOR,6/18/2026 1:27,6/22/2026 7:33,7/10/2026 18:58,18.5,7/1/2026 0:00,11664,2817,10000
NEO,PSL B2,DummyEnd,Ta NEO Capacitor PSL series B2 case,6G01N00654,N,TEPSLB20J227M258RKT2,NEO B2 CAPACITOR,6/18/2026 1:27,6/22/2026 7:33,7/9/2026 20:44,17.5,7/1/2026 0:00,11664,1575,12000
NEO,PSL B2,DummyEnd,Ta NEO Capacitor PSL series B2 case,6G01N00655,N,TEPSLB20J227M258RKT2,NEO B2 CAPACITOR,6/18/2026 1:27,6/22/2026 7:34,7/9/2026 20:39,17.5,7/1/2026 0:00,11639,2889,10000
NEO,PSL B2,DummyEnd,Ta NEO Capacitor PSL series B2 case,6G02N01357,N,TEPSLB20E337M(15)8R,NEO B2 CAPACITOR,6/19/2026 4:07,6/21/2026 22:49,7/5/2026 2:41,13.2,7/2/2026 0:00,11664,1664,10000
NEO,PSL B2,DummyEnd,Ta NEO Capacitor PSL series B2 case,6G02N01358,N,TEPSLB20E337M(15)8R,NEO B2 CAPACITOR,6/19/2026 4:07,6/22/2026 1:02,7/5/2026 4:13,13.1,7/2/2026 0:00,11664,1664,10000
NEO,PSL B2,DummyEnd,Ta NEO Capacitor PSL series B2 case,6G02N01359,N,TEPSLB20E337M(15)8R,NEO B2 CAPACITOR,6/19/2026 4:07,6/22/2026 2:50,7/4/2026 9:37,12.3,7/2/2026 0:00,11664,759,12000
NEO,PSL B2,DummyEnd,Ta NEO Capacitor PSL series B2 case,6G02N01360,N,TEPSLB20E337M(15)8R,NEO B2 CAPACITOR,6/19/2026 4:07,6/23/2026 14:51,7/3/2026 10:23,9.8,7/2/2026 0:00,11664,1664,10000
NEO,PSL B2,DummyEnd,Ta NEO Capacitor PSL series B2 case,6G02N01361,N,TEPSLB20E337M(15)8R,NEO B2 CAPACITOR,6/19/2026 4:08,6/24/2026 0:08,7/6/2026 8:39,12.3,7/2/2026 0:00,11664,501,12000
NEO,PSL B2,DummyEnd,Ta NEO Capacitor PSL series B2 case,6G02N01362,N,TEPSLB20E337M(15)8R,NEO B2 CAPACITOR,6/19/2026 4:08,6/24/2026 13:42,7/6/2026 4:53,11.6,7/2/2026 0:00,11664,1664,10000
NEO,PSL B2,DummyEnd,Ta NEO Capacitor PSL series B2 case,6G02N01363,N,TEPSLB20E337M(15)8R,NEO B2 CAPACITOR,6/19/2026 4:08,6/24/2026 0:08,7/7/2026 5:47,13.2,7/2/2026 0:00,11664,843,12000
NEO,PSL B2,DummyEnd,Ta NEO Capacitor PSL series B2 case,6G02N01364,N,TEPSLB20E337M(15)8R,NEO B2 CAPACITOR,6/19/2026 4:08,6/24/2026 0:07,7/6/2026 4:52,12.2,7/2/2026 0:00,11664,1664,10000
NEO,PSL B2,DummyEnd,Ta NEO Capacitor PSL series B2 case,6G02N01365,N,TEPSLB20E337M(15)8R,NEO B2 CAPACITOR,6/19/2026 4:08,6/24/2026 0:08,7/6/2026 4:54,12.2,7/2/2026 0:00,11512,1512,10000
NEO,PSL B2,DummyEnd,Ta NEO Capacitor PSL series B2 case,6G02N01366,N,TEPSLB20E337M(15)8R,NEO B2 CAPACITOR,6/19/2026 4:08,6/25/2026 20:34,7/6/2026 5:00,10.4,7/2/2026 0:00,11664,1664,10000
NEO,PSL B2,DummyEnd,Ta NEO Capacitor PSL series B2 case,6G02N01367,N,TEPSLB20E337M(15)8R,NEO B2 CAPACITOR,6/19/2026 4:08,6/25/2026 20:34,7/6/2026 9:44,10.5,7/2/2026 0:00,11664,1664,10000
NEO,PSL B2,DummyEnd,Ta NEO Capacitor PSL series B2 case,6G02N01368,N,TEPSLB20E337M(15)8R,NEO B2 CAPACITOR,6/19/2026 4:08,6/25/2026 20:35,7/5/2026 16:50,9.8,7/2/2026 0:00,11618,1618,10000
NEO,PSL B2,DummyEnd,Ta NEO Capacitor PSL series B2 case,6G02N01369,N,TEPSLB20J157M18HF8R,NEO B2 CAPACITOR,6/19/2026 4:08,6/23/2026 5:18,7/3/2026 17:46,10.5,7/2/2026 0:00,11664,1664,10000
NEO,PSL B2,DummyEnd,Ta NEO Capacitor PSL series B2 case,6G02N01370,N,TEPSLB20J157M18HF8R,NEO B2 CAPACITOR,6/19/2026 4:08,6/23/2026 5:18,7/6/2026 14:33,13.4,7/2/2026 0:00,11664,1664,10000
NEO,PSL B2,DummyEnd,Ta NEO Capacitor PSL series B2 case,6G02N01371,N,TEPSLB20J157M18HF8R,NEO B2 CAPACITOR,6/19/2026 4:09,6/23/2026 9:04,7/7/2026 4:39,13.8,7/2/2026 0:00,11664,935,12000
NEO,PSL B2,DummyEnd,Ta NEO Capacitor PSL series B2 case,6G02N01372,N,TEPSLB20J157M18HF8R,NEO B2 CAPACITOR,6/19/2026 4:09,6/22/2026 3:52,7/5/2026 19:25,13.7,7/2/2026 0:00,11664,918,12000
NEO,PSL B2,DummyEnd,Ta NEO Capacitor PSL series B2 case,6G02N01373,N,TEPSLB20J157M18HF8R,NEO B2 CAPACITOR,6/19/2026 4:09,6/22/2026 7:17,7/2/2026 13:40,10.3,7/2/2026 0:00,11664,1664,10000
NEO,PSL B2,DummyEnd,Ta NEO Capacitor PSL series B2 case,6G02N01374,N,TEPSLB20J157M18HF8R,NEO B2 CAPACITOR,6/19/2026 4:09,6/22/2026 7:17,7/6/2026 6:20,14,7/2/2026 0:00,11639,2060,10000
NEO,PSL B2,DummyEnd,Ta NEO Capacitor PSL series B2 case,6G02N01375,N,TEPSLB20J157M18HF8R,NEO B2 CAPACITOR,6/19/2026 4:09,6/22/2026 7:17,7/4/2026 9:45,12.1,7/2/2026 0:00,11664,1664,10000
NEO,PSL B2,DummyEnd,Ta NEO Capacitor PSL series B2 case,6G02N01376,N,TEPSLB20J157M18HF8R,NEO B2 CAPACITOR,6/19/2026 4:09,6/22/2026 7:20,7/2/2026 9:59,10.1,7/2/2026 0:00,11664,1664,10000
NEO,PSL B2,DummyEnd,Ta NEO Capacitor PSL series B2 case,6G02N01377,N,TEPSLB20J157M18HF8R,NEO B2 CAPACITOR,6/19/2026 4:09,6/22/2026 7:20,7/4/2026 10:00,12.1,7/2/2026 0:00,11470,1470,10000
NEO,PSL B2,DummyEnd,Ta NEO Capacitor PSL series B2 case,6G02N01378,N,TEPSLB20J157M18HF8R,NEO B2 CAPACITOR,6/19/2026 4:09,6/21/2026 22:50,7/5/2026 8:58,13.4,7/2/2026 0:00,11664,1664,10000
NEO,PSL B2,DummyEnd,Ta NEO Capacitor PSL series B2 case,6G02N01380,N,TEPSLB20J157M18HF8R,NEO B2 CAPACITOR,6/19/2026 4:09,6/22/2026 2:52,7/5/2026 14:42,13.5,7/2/2026 0:00,11606,1606,10000
NEO,PSL B2,DummyEnd,Ta NEO Capacitor PSL series B2 case,6G02N01381,N,TEPSLB20J157M18HF8R,NEO B2 CAPACITOR,6/19/2026 4:10,6/21/2026 16:53,7/2/2026 6:37,10.6,7/2/2026 0:00,11664,665,12000
NEO,PSL B2,DummyEnd,Ta NEO Capacitor PSL series B2 case,6G02N01382,N,TEPSLB20J157M18HF8R,NEO B2 CAPACITOR,6/19/2026 4:10,6/21/2026 18:19,7/6/2026 2:50,14.3,7/2/2026 0:00,11664,832,12000
NEO,PSL B2,DummyEnd,Ta NEO Capacitor PSL series B2 case,6G02N01383,N,TEPSLB20J157M18HF8R,NEO B2 CAPACITOR,6/19/2026 4:10,6/21/2026 20:08,7/5/2026 17:24,13.9,7/2/2026 0:00,11664,848,12000
NEO,PSL B2,DummyEnd,Ta NEO Capacitor PSL series B2 case,6G02N01384,N,TEPSLB20J157M18HF8R,NEO B2 CAPACITOR,6/19/2026 4:10,6/23/2026 17:56,7/6/2026 15:59,12.9,7/2/2026 0:00,11664,1374,12000
NEO,PSL B2,DummyEnd,Ta NEO Capacitor PSL series B2 case,6G02N01385,N,TEPSLB20J157M18HF8R,NEO B2 CAPACITOR,6/19/2026 4:10,6/23/2026 19:00,7/3/2026 10:14,9.6,7/2/2026 0:00,11664,1664,10000
NEO,PSL B2,DummyEnd,Ta NEO Capacitor PSL series B2 case,6G02N01386,N,TEPSLB20J157M18HF8R,NEO B2 CAPACITOR,6/19/2026 4:10,6/23/2026 20:38,7/6/2026 18:31,12.9,7/2/2026 0:00,11664,1664,10000
NEO,PSL B2,DummyEnd,Ta NEO Capacitor PSL series B2 case,6G02N01387,N,TEPSLB20J157M18HF8R,NEO B2 CAPACITOR,6/19/2026 4:10,6/21/2026 18:59,7/6/2026 2:48,14.3,7/2/2026 0:00,11664,808,12000
NEO,PSL B2,DummyEnd,Ta NEO Capacitor PSL series B2 case,6G02N01388,N,TEPSLB20J157M18HF8R,NEO B2 CAPACITOR,6/19/2026 4:10,6/21/2026 22:40,7/1/2026 6:45,9.3,7/2/2026 0:00,11664,1664,10000
NEO,PSL B2,DummyEnd,Ta NEO Capacitor PSL series B2 case,6G02N01389,N,TEPSLB20J157M18HF8R,NEO B2 CAPACITOR,6/19/2026 4:10,6/21/2026 22:49,7/6/2026 6:20,14.3,7/2/2026 0:00,11647,2060,10000
NEO,PSL B2,DummyEnd,Ta NEO Capacitor PSL series B2 case,6G02N01390,N,TEPSLB20J157M18HF8R,NEO B2 CAPACITOR,6/19/2026 4:10,6/22/2026 16:41,7/3/2026 14:48,10.9,7/2/2026 0:00,11664,1664,10000
NEO,PSL B2,DummyEnd,Ta NEO Capacitor PSL series B2 case,6G02N01391,N,TEPSLB20J157M18HF8R,NEO B2 CAPACITOR,6/19/2026 4:11,6/22/2026 17:49,7/5/2026 16:50,13,7/2/2026 0:00,11664,1664,10000
NEO,PSL B2,DummyEnd,Ta NEO Capacitor PSL series B2 case,6G02N01392,N,TEPSLB20J157M18HF8R,NEO B2 CAPACITOR,6/19/2026 4:11,6/22/2026 19:24,7/4/2026 14:58,11.8,7/2/2026 0:00,11664,1664,10000
NEO,PSL B2,DummyEnd,Ta NEO Capacitor PSL series B2 case,6G02N01393,N,TEPSLB20J157M18HF8R,NEO B2 CAPACITOR,6/19/2026 4:11,6/22/2026 23:08,7/5/2026 17:22,12.8,7/2/2026 0:00,11664,942,12000
NEO,PSL B2,DummyEnd,Ta NEO Capacitor PSL series B2 case,6G02N01394,N,TEPSLB20J157M18HF8R,NEO B2 CAPACITOR,6/19/2026 4:11,6/23/2026 1:40,7/6/2026 8:43,13.3,7/2/2026 0:00,11664,1263,12000
NEO,PSL B2,DummyEnd,Ta NEO Capacitor PSL series B2 case,6G02N01395,N,TEPSLB20J157M18HF8R,NEO B2 CAPACITOR,6/19/2026 4:11,6/23/2026 1:40,7/3/2026 10:35,10.4,7/2/2026 0:00,11664,1664,10000
NEO,PSL B2,DummyEnd,Ta NEO Capacitor PSL series B2 case,6G02N01396,N,TEPSLB20J157M18HF8R,NEO B2 CAPACITOR,6/19/2026 4:11,6/22/2026 2:50,7/2/2026 6:56,10.2,7/2/2026 0:00,11664,1664,10000
NEO,PSL B2,DummyEnd,Ta NEO Capacitor PSL series B2 case,6G02N01397,N,TEPSLB20J157M18HF8R,NEO B2 CAPACITOR,6/19/2026 4:11,6/22/2026 3:52,7/6/2026 2:50,14,7/2/2026 0:00,11664,991,12000
NEO,PSL B2,DummyEnd,Ta NEO Capacitor PSL series B2 case,6G02N01398,N,TEPSLB20J157M18HF8R,NEO B2 CAPACITOR,6/19/2026 4:11,6/22/2026 7:18,7/5/2026 16:46,13.4,7/2/2026 0:00,11664,1664,10000
NEO,PSL B2,DummyEnd,Ta NEO Capacitor PSL series B2 case,6G02N01399,N,TEPSLB20J157M18HF8R,NEO B2 CAPACITOR,6/19/2026 4:11,6/21/2026 16:49,7/2/2026 5:41,10.5,7/2/2026 0:00,11664,1664,10000
NEO,PSL B2,DummyEnd,Ta NEO Capacitor PSL series B2 case,6G02N01400,N,TEPSLB20J157M18HF8R,NEO B2 CAPACITOR,6/19/2026 4:11,6/21/2026 15:54,7/3/2026 15:14,12,7/2/2026 0:00,11664,1664,10000
NEO,PSL B2,DummyEnd,Ta NEO Capacitor PSL series B2 case,6G02N01401,N,TEPSLB20J157M18HF8R,NEO B2 CAPACITOR,6/19/2026 4:12,6/21/2026 15:54,7/3/2026 4:50,11.5,7/2/2026 0:00,11646,1646,10000
NEO,PSL B2,DummyEnd,Ta NEO Capacitor PSL series B2 case,6G02N01402,N,TEPSLB20J157M18HF8R,NEO B2 CAPACITOR,6/19/2026 4:12,6/22/2026 8:50,7/3/2026 10:24,11.1,7/2/2026 0:00,11664,1664,10000
NEO,PSL B2,DummyEnd,Ta NEO Capacitor PSL series B2 case,6G02N01403,N,TEPSLB20J157M18HF8R,NEO B2 CAPACITOR,6/19/2026 4:12,6/22/2026 8:50,7/4/2026 14:49,12.3,7/2/2026 0:00,11664,1664,10000
NEO,PSL B2,DummyEnd,Ta NEO Capacitor PSL series B2 case,6G02N01404,N,TEPSLB20J157M18HF8R,NEO B2 CAPACITOR,6/19/2026 4:12,6/22/2026 8:50,7/6/2026 8:44,14,7/2/2026 0:00,11661,2510,10000
NEO,PSL B2,DummyEnd,Ta NEO Capacitor PSL series B2 case,6G02N01405,N,TEPSLB20J157M(35)8R,NEO B2 CAPACITOR,6/19/2026 4:12,6/23/2026 8:10,7/4/2026 20:48,11.5,7/2/2026 0:00,11664,1664,10000
NEO,PSL B2,DummyEnd,Ta NEO Capacitor PSL series B2 case,6G02N01406,N,TEPSLB20J157M(35)8R,NEO B2 CAPACITOR,6/19/2026 4:12,6/23/2026 8:10,7/4/2026 14:50,11.3,7/2/2026 0:00,11664,1664,10000
NEO,PSL B2,DummyEnd,Ta NEO Capacitor PSL series B2 case,6G02N01407,N,TEPSLB20J157M(35)8R,NEO B2 CAPACITOR,6/19/2026 4:12,6/23/2026 8:09,7/6/2026 20:29,13.5,7/2/2026 0:00,11664,957,12000
NEO,PSL B2,DummyEnd,Ta NEO Capacitor PSL series B2 case,6G02N01411,N,TEPSLB20J157M(35)8R,NEO B2 CAPACITOR,6/19/2026 4:13,6/22/2026 4:55,7/4/2026 6:03,12.1,7/2/2026 0:00,11664,1664,10000
NEO,PSL B2,DummyEnd,Ta NEO Capacitor PSL series B2 case,6G02N01412,N,TEPSLB20J157M(35)8R,NEO B2 CAPACITOR,6/19/2026 4:13,6/22/2026 8:57,7/4/2026 6:05,11.9,7/2/2026 0:00,11664,1664,10000
NEO,PSL B2,DummyEnd,Ta NEO Capacitor PSL series B2 case,6G02N01413,N,TEPSLB20J157M(35)8R,NEO B2 CAPACITOR,6/19/2026 4:13,6/22/2026 8:57,7/5/2026 8:00,13,7/2/2026 0:00,11664,1680,10000
NEO,PSL B2,DummyEnd,Ta NEO Capacitor PSL series B2 case,6G02N01414,N,TEPSLB20J157M(35)8R,NEO B2 CAPACITOR,6/19/2026 4:13,6/21/2026 14:05,7/3/2026 17:48,12.1,7/2/2026 0:00,11664,1664,10000
NEO,PSL B2,DummyEnd,Ta NEO Capacitor PSL series B2 case,6G02N01415,N,TEPSLB20J157M(35)8R,NEO B2 CAPACITOR,6/19/2026 4:13,6/21/2026 15:07,7/2/2026 8:47,10.7,7/2/2026 0:00,11664,1664,10000
NEO,PSL B2,DummyEnd,Ta NEO Capacitor PSL series B2 case,6G02N01416,N,TEPSLB20J157M(35)8R,NEO B2 CAPACITOR,6/19/2026 4:13,6/21/2026 18:08,7/6/2026 16:26,14.9,7/2/2026 0:00,11650,1650,10000
NEO,PSL B2,DummyEnd,Ta NEO Capacitor PSL series B2 case,6G02N01417,N,TEPSLB20J157M(25)8RF,NEO B2 CAPACITOR,6/19/2026 4:13,6/23/2026 3:43,7/5/2026 1:45,11.9,7/2/2026 0:00,11664,1664,10000
NEO,PSL B2,DummyEnd,Ta NEO Capacitor PSL series B2 case,6G02N01418,N,TEPSLB20J157M(25)8RF,NEO B2 CAPACITOR,6/19/2026 4:13,6/23/2026 3:42,7/7/2026 9:43,14.3,7/2/2026 0:00,11664,1664,10000
NEO,PSL B2,DummyEnd,Ta NEO Capacitor PSL series B2 case,6G02N01419,N,TEPSLB20J157M(25)8RF,NEO B2 CAPACITOR,6/19/2026 4:13,6/23/2026 3:42,7/6/2026 14:34,13.5,7/2/2026 0:00,11638,807,12000
NEO,PSL B2,DummyEnd,Ta NEO Capacitor PSL series B2 case,6G02N01420,N,TEPSLB20J157M(25)8RF,NEO B2 CAPACITOR,6/19/2026 4:13,6/23/2026 9:04,7/7/2026 19:52,14.4,7/2/2026 0:00,11664,1664,10000
NEO,PSL B2,DummyEnd,Ta NEO Capacitor PSL series B2 case,6G02N01421,N,TEPSLB20J157M(25)8RF,NEO B2 CAPACITOR,6/19/2026 4:14,6/23/2026 9:21,7/7/2026 5:40,13.8,7/2/2026 0:00,11664,576,12000
NEO,PSL B2,DummyEnd,Ta NEO Capacitor PSL series B2 case,6G02N01422,N,TEPSLB20J157M(25)8RF,NEO B2 CAPACITOR,6/19/2026 4:14,6/23/2026 12:47,7/8/2026 19:35,15.3,7/2/2026 0:00,11633,1633,10000
NEO,PSL B2,DummyEnd,Ta NEO Capacitor PSL series B2 case,6G02N01423,N,TEPSLB20J157M(45)8R,NEO B2 CAPACITOR,6/19/2026 4:14,6/26/2026 2:17,7/6/2026 8:41,10.3,7/2/2026 0:00,11664,1664,10000
NEO,PSL B2,DummyEnd,Ta NEO Capacitor PSL series B2 case,6G02N01424,N,TEPSLB20J157M(45)8R,NEO B2 CAPACITOR,6/19/2026 4:14,6/26/2026 2:17,7/6/2026 6:21,10.2,7/2/2026 0:00,11664,1664,10000
NEO,PSL B2,DummyEnd,Ta NEO Capacitor PSL series B2 case,6G02N01425,N,TEPSLB20J157M(45)8R,NEO B2 CAPACITOR,6/19/2026 4:14,6/26/2026 2:18,7/7/2026 5:53,11.1,7/2/2026 0:00,11634,1634,10000
NEO,PSL B2,DummyEnd,Ta NEO Capacitor PSL series B2 case,6G02N01427,N,TEPSLB20J157M(45)8R,NEO B2 CAPACITOR,6/19/2026 4:14,6/21/2026 15:57,7/3/2026 15:52,12,7/2/2026 0:00,11664,1664,10000
NEO,PSL B2,DummyEnd,Ta NEO Capacitor PSL series B2 case,6G02N01428,N,TEPSLB20J157M(45)8R,NEO B2 CAPACITOR,6/19/2026 4:14,6/21/2026 15:57,7/5/2026 14:39,14,7/2/2026 0:00,11664,1664,10000
NEO,PSL B2,DummyEnd,Ta NEO Capacitor PSL series B2 case,6G02N01453,N,TEPSLB21E156M8R,NEO B2 CAPACITOR,6/19/2026 4:15,6/21/2026 14:08,7/1/2026 13:36,10,7/2/2026 0:00,11664,1664,10000
NEO,PSL B2,DummyEnd,Ta NEO Capacitor PSL series B2 case,6G02N01454,N,TEPSLB21E156M8R,NEO B2 CAPACITOR,6/19/2026 4:15,6/21/2026 14:36,7/1/2026 13:11,10,7/2/2026 0:00,11664,1664,10000
NEO,PSL B2,DummyEnd,Ta NEO Capacitor PSL series B2 case,6G02N01455,N,TEPSLB21E156M8R,NEO B2 CAPACITOR,6/19/2026 4:15,6/21/2026 16:16,7/3/2026 2:46,11.4,7/2/2026 0:00,11536,1497,12000
NEO,PSL B2,DummyEnd,Ta NEO Capacitor PSL series B2 case,6G02N01456,N,TEPSLB21E156M8R,NEO B2 CAPACITOR,6/19/2026 4:15,6/21/2026 18:59,7/1/2026 13:29,9.8,7/2/2026 0:00,11664,1664,10000
NEO,PSL B2,DummyEnd,Ta NEO Capacitor PSL series B2 case,6G02N01481,N,TEPSLB21E156M8R,NEO B2 CAPACITOR,6/19/2026 4:27,6/21/2026 19:03,7/1/2026 6:40,9.5,7/2/2026 0:00,11664,1664,10000
NEO,PSL B2,DummyEnd,Ta NEO Capacitor PSL series B2 case,6G02N01482,N,TEPSLB21E156M8R,NEO B2 CAPACITOR,6/19/2026 4:27,6/21/2026 19:03,7/2/2026 16:03,10.9,7/2/2026 0:00,11622,1622,10000
NEO,PSL B2,DummyEnd,Ta NEO Capacitor PSL series B2 case,6G02N01483,N,TEPSLB21E156M8R,NEO B2 CAPACITOR,6/19/2026 4:27,6/21/2026 12:33,7/1/2026 7:25,9.8,7/2/2026 0:00,11664,1164,12000
NEO,PSL B2,DummyEnd,Ta NEO Capacitor PSL series B2 case,6G02N01484,N,TEPSLB21E156M8R,NEO B2 CAPACITOR,6/19/2026 4:27,6/21/2026 12:33,7/1/2026 13:30,10,7/2/2026 0:00,11664,1664,10000
NEO,PSL B2,DummyEnd,Ta NEO Capacitor PSL series B2 case,6G02N01485,N,TEPSLB21E156M8R,NEO B2 CAPACITOR,6/19/2026 4:27,6/21/2026 9:59,7/3/2026 18:28,12.4,7/2/2026 0:00,11572,1572,10000
NEO,PSL B2,DummyEnd,Ta NEO Capacitor PSL series B2 case,6G02N01486,N,TEPSLB21E156M8R,NEO B2 CAPACITOR,6/19/2026 4:28,6/21/2026 15:54,7/1/2026 15:10,10,7/2/2026 0:00,11664,433,12000
NEO,PSL B2,DummyEnd,Ta NEO Capacitor PSL series B2 case,6G02N01487,N,TEPSLB21E156M8R,NEO B2 CAPACITOR,6/19/2026 4:28,6/21/2026 15:54,7/1/2026 13:06,9.9,7/2/2026 0:00,11664,1091,12000
NEO,PSL B2,DummyEnd,Ta NEO Capacitor PSL series B2 case,6G02N01488,N,TEPSLB21E156M8R,NEO B2 CAPACITOR,6/19/2026 4:28,6/21/2026 15:54,7/2/2026 15:55,11,7/2/2026 0:00,11583,1637,10000
NEO,PSL B2,DummyEnd,Ta NEO Capacitor PSL series B2 case,6G02N01489,N,TEPSLB21E156M8R,NEO B2 CAPACITOR,6/19/2026 4:28,6/21/2026 14:20,7/1/2026 8:07,9.8,7/2/2026 0:00,11664,1664,10000
NEO,PSL B2,DummyEnd,Ta NEO Capacitor PSL series B2 case,6G02N01490,N,TEPSLB21E156M8R,NEO B2 CAPACITOR,6/19/2026 4:28,6/21/2026 16:05,7/2/2026 13:29,10.9,7/2/2026 0:00,11664,1664,10000
NEO,PSL B2,DummyEnd,Ta NEO Capacitor PSL series B2 case,6G02N01491,N,TEPSLB21E156M8R,NEO B2 CAPACITOR,6/19/2026 4:28,6/21/2026 15:57,7/2/2026 17:49,11.1,7/2/2026 0:00,11633,1633,10000
NEO,PSL B2,DummyEnd,Ta NEO Capacitor PSL series B2 case,6G02N01492,N,TEPSLB21E156M8R,NEO B2 CAPACITOR,6/19/2026 4:28,6/21/2026 8:15,7/2/2026 13:48,11.2,7/2/2026 0:00,11664,915,12000
NEO,PSL B2,DummyEnd,Ta NEO Capacitor PSL series B2 case,6G02N01493,N,TEPSLB21E156M8R,NEO B2 CAPACITOR,6/19/2026 4:28,6/21/2026 8:15,7/2/2026 6:42,10.9,7/2/2026 0:00,11664,1664,10000
NEO,PSL B2,DummyEnd,Ta NEO Capacitor PSL series B2 case,6G02N01494,N,TEPSLB21E156M8R,NEO B2 CAPACITOR,6/19/2026 4:28,6/21/2026 8:16,7/3/2026 2:32,11.8,7/2/2026 0:00,10994,2286,10000
NEO,PSL B2,DummyEnd,Ta NEO Capacitor PSL series B2 case,6G02N01495,N,TEPSLB21E156M8RFT,NEO B2 CAPACITOR,6/19/2026 4:28,6/20/2026 10:09,7/1/2026 6:23,10.8,7/2/2026 0:00,11664,2670,10000
NEO,PSL B2,DummyEnd,Ta NEO Capacitor PSL series B2 case,6G02N01496,N,TEPSLB21E156M8RFT,NEO B2 CAPACITOR,6/19/2026 4:28,6/20/2026 10:10,7/1/2026 10:15,11,7/2/2026 0:00,11664,852,12000
NEO,PSL B2,DummyEnd,Ta NEO Capacitor PSL series B2 case,6G02N01498,N,TEPSLB21E156M8RFT,NEO B2 CAPACITOR,6/19/2026 4:29,6/21/2026 14:06,7/2/2026 6:43,10.7,7/2/2026 0:00,11664,1718,10000
NEO,PSL B2,DummyEnd,Ta NEO Capacitor PSL series B2 case,6G02N01499,N,TEPSLB21E156M8RFT,NEO B2 CAPACITOR,6/19/2026 4:29,6/21/2026 15:29,7/2/2026 15:25,11,7/2/2026 0:00,11664,1664,10000
NEO,PSL B2,DummyEnd,Ta NEO Capacitor PSL series B2 case,6G02N01500,N,TEPSLB21E156M8RFT,NEO B2 CAPACITOR,6/19/2026 4:29,6/21/2026 17:46,7/2/2026 19:15,11.1,7/2/2026 0:00,11611,1611,10000
NEO,PSL B2,DummyEnd,Ta NEO Capacitor PSL series B2 case,6G02N01501,N,TEPSLB21E156M8RFT,NEO B2 CAPACITOR,6/19/2026 4:29,6/20/2026 13:50,7/1/2026 10:14,10.9,7/2/2026 0:00,11664,2421,10000
NEO,PSL B2,DummyEnd,Ta NEO Capacitor PSL series B2 case,6G02N01502,N,TEPSLB21E156M8RFT,NEO B2 CAPACITOR,6/19/2026 4:29,6/20/2026 16:52,7/1/2026 5:16,10.5,7/2/2026 0:00,11664,1664,10000
NEO,PSL B2,DummyEnd,Ta NEO Capacitor PSL series B2 case,6G02N01503,N,TEPSLB21E156M8RFT,NEO B2 CAPACITOR,6/19/2026 4:29,6/20/2026 16:52,7/1/2026 6:39,10.6,7/2/2026 0:00,11566,1566,10000
NEO,PSL B2,DummyEnd,Ta NEO Capacitor PSL series B2 case,6G02N01504,N,TEPSLB21E156M8RFT,NEO B2 CAPACITOR,6/19/2026 4:29,6/21/2026 5:51,7/2/2026 13:46,11.3,7/2/2026 0:00,11664,2066,10000
NEO,PSL B2,DummyEnd,Ta NEO Capacitor PSL series B2 case,6G02N01505,N,TEPSLB21E156M8RFT,NEO B2 CAPACITOR,6/19/2026 4:29,6/21/2026 5:51,7/1/2026 10:11,10.2,7/2/2026 0:00,11664,1664,10000
NEO,PSL B2,DummyEnd,Ta NEO Capacitor PSL series B2 case,6G02N01506,N,TEPSLB21E156M8RFT,NEO B2 CAPACITOR,6/19/2026 4:29,6/21/2026 6:05,7/1/2026 13:18,10.3,7/2/2026 0:00,11628,1628,10000
NEO,PSL B2,DummyEnd,Ta NEO Capacitor PSL series B2 case,6G02N01507,N,TEPSLB21E156M8RFT,NEO B2 CAPACITOR,6/19/2026 4:29,6/21/2026 1:20,7/2/2026 17:49,11.7,7/2/2026 0:00,11664,1664,10000
NEO,PSL B2,DummyEnd,Ta NEO Capacitor PSL series B2 case,6G02N01509,N,TEPSLB21E156M8RFT,NEO B2 CAPACITOR,6/19/2026 4:30,6/21/2026 3:09,7/1/2026 6:24,10.1,7/2/2026 0:00,11664,1806,10000
NEO,PSL B2,DummyEnd,Ta NEO Capacitor PSL series B2 case,6G02N01510,N,TEPSLB21E156M8RFT,NEO B2 CAPACITOR,6/19/2026 4:30,6/21/2026 1:19,7/1/2026 5:15,10.2,7/2/2026 0:00,11664,1664,10000
NEO,PSL B2,DummyEnd,Ta NEO Capacitor PSL series B2 case,6G02N01511,N,TEPSLB21E156M8RFT,NEO B2 CAPACITOR,6/19/2026 4:30,6/21/2026 1:19,7/1/2026 14:09,10.5,7/2/2026 0:00,11664,1664,10000
NEO,PSL B2,DummyEnd,Ta NEO Capacitor PSL series B2 case,6G02N01512,N,TEPSLB21E156M8RFT,NEO B2 CAPACITOR,6/19/2026 4:30,6/21/2026 1:20,7/1/2026 13:13,10.5,7/2/2026 0:00,11468,2690,10000
NEO,PSL B2,DummyEnd,Ta NEO Capacitor PSL series B2 case,6G02N01513,N,TEPSLB21E156M1008RKT2,NEO B2 CAPACITOR,6/19/2026 4:30,6/21/2026 4:10,7/1/2026 7:03,10.1,7/2/2026 0:00,11664,1664,10000
NEO,PSL B2,DummyEnd,Ta NEO Capacitor PSL series B2 case,6G02N01514,N,TEPSLB21E156M1008RKT2,NEO B2 CAPACITOR,6/19/2026 4:30,6/21/2026 5:52,7/1/2026 7:06,10.1,7/2/2026 0:00,11664,1664,10000
NEO,PSL B2,DummyEnd,Ta NEO Capacitor PSL series B2 case,6G02N01515,N,TEPSLB21E156M1008RKT2,NEO B2 CAPACITOR,6/19/2026 4:30,6/21/2026 7:09,7/2/2026 6:46,11,7/2/2026 0:00,11611,1611,10000
NEO,PSL B2,DummyEnd,Ta NEO Capacitor PSL series B2 case,6G02N01516,N,TEPSLB21E156M1008RKT2,NEO B2 CAPACITOR,6/19/2026 4:30,6/20/2026 13:13,7/5/2026 2:47,14.5,7/2/2026 0:00,11664,1718,10000
NEO,PSL B2,DummyEnd,Ta NEO Capacitor PSL series B2 case,6G02N01517,N,TEPSLB21E156M1008RKT2,NEO B2 CAPACITOR,6/19/2026 4:30,6/20/2026 13:13,7/2/2026 15:59,12.1,7/2/2026 0:00,11664,448,12000
NEO,PSL B2,DummyEnd,Ta NEO Capacitor PSL series B2 case,6G02N01518,N,TEPSLB21E156M1008RKT2,NEO B2 CAPACITOR,6/19/2026 4:30,6/20/2026 13:14,7/1/2026 15:49,11.1,7/2/2026 0:00,11586,1586,10000
NEO,PSL B2,DummyEnd,Ta NEO Capacitor PSL series B2 case,6G02N01519,N,TEPSLB21E156M1008RKT2,NEO B2 CAPACITOR,6/19/2026 4:31,6/21/2026 18:59,7/1/2026 13:30,9.8,7/2/2026 0:00,11664,1664,10000
NEO,PSL B2,DummyEnd,Ta NEO Capacitor PSL series B2 case,6G02N01520,N,TEPSLB21E156M1008RKT2,NEO B2 CAPACITOR,6/19/2026 4:31,6/21/2026 22:43,7/2/2026 8:44,10.4,7/2/2026 0:00,11664,1664,10000
NEO,PSL B2,DummyEnd,Ta NEO Capacitor PSL series B2 case,6G02N01521,N,TEPSLB21E156M1008RKT2,NEO B2 CAPACITOR,6/19/2026 4:31,6/22/2026 1:02,7/4/2026 7:46,12.3,7/2/2026 0:00,11550,1550,10000
NEO,PSL B2,DummyEnd,Ta NEO Capacitor PSL series B2 case,6G02N01522,N,TEPSLB21E156M1008RKT2,NEO B2 CAPACITOR,6/19/2026 4:31,6/22/2026 1:05,7/2/2026 10:19,10.4,7/2/2026 0:00,11664,1664,10000
NEO,PSL B2,DummyEnd,Ta NEO Capacitor PSL series B2 case,6G02N01523,N,TEPSLB21E156M1008RKT2,NEO B2 CAPACITOR,6/19/2026 4:31,6/22/2026 2:06,7/1/2026 13:13,9.5,7/2/2026 0:00,11664,1671,10000
NEO,PSL B2,DummyEnd,Ta NEO Capacitor PSL series B2 case,6G02N01524,N,TEPSLB21E156M1008RKT2,NEO B2 CAPACITOR,6/19/2026 4:31,6/22/2026 2:06,7/1/2026 13:26,9.5,7/2/2026 0:00,11646,1646,10000
NEO,PSL B2,DummyEnd,Ta NEO Capacitor PSL series B2 case,6G02N01525,N,TEPSLB20J157M25HF8R,NEO B2 CAPACITOR,6/19/2026 4:31,6/21/2026 22:38,7/3/2026 3:15,11.2,7/2/2026 0:00,11664,3664,8000
NEO,PSL B2,DummyEnd,Ta NEO Capacitor PSL series B2 case,6G02N01526,N,TEPSLB20J157M25HF8R,NEO B2 CAPACITOR,6/19/2026 4:31,6/22/2026 9:45,7/4/2026 14:54,12.2,7/2/2026 0:00,11664,3664,8000
NEO,PSL B2,DummyEnd,Ta NEO Capacitor PSL series B2 case,6G02N01527,N,TEPSLB20J157M25HF8R,NEO B2 CAPACITOR,6/19/2026 4:31,6/22/2026 9:45,7/3/2026 3:14,10.8,7/2/2026 0:00,11636,1636,10000
NEO,PSL B2,DummyEnd,Ta NEO Capacitor PSL series B2 case,6G02N01528,N,TEPSLB20J157M25HF8R,NEO B2 CAPACITOR,6/19/2026 4:31,6/21/2026 15:28,7/3/2026 14:50,12,7/2/2026 0:00,11664,1664,10000
NEO,PSL B2,DummyEnd,Ta NEO Capacitor PSL series B2 case,6G02N01529,N,TEPSLB20J157M25HF8R,NEO B2 CAPACITOR,6/19/2026 4:31,6/21/2026 18:59,7/4/2026 9:33,12.6,7/2/2026 0:00,11664,3664,8000
NEO,PSL B2,DummyEnd,Ta NEO Capacitor PSL series B2 case,6G02N01530,N,TEPSLB20J157M25HF8R,NEO B2 CAPACITOR,6/19/2026 4:32,6/21/2026 18:58,7/3/2026 2:51,11.3,7/2/2026 0:00,11656,1656,10000
NEO,PSL B2,DummyEnd,Ta NEO Capacitor PSL series B2 case,6G02N01531,N,TEPSLB20E227M(15)8R,NEO B2 CAPACITOR,6/19/2026 4:32,6/21/2026 0:36,7/3/2026 2:42,12.1,7/2/2026 0:00,11664,1888,10000
NEO,PSL B2,DummyEnd,Ta NEO Capacitor PSL series B2 case,6G02N01532,N,TEPSLB20E227M(15)8R,NEO B2 CAPACITOR,6/19/2026 4:32,6/21/2026 0:36,7/3/2026 17:39,12.7,7/2/2026 0:00,11664,1664,10000
NEO,PSL B2,DummyEnd,Ta NEO Capacitor PSL series B2 case,6G02N01533,N,TEPSLB20E227M(15)8R,NEO B2 CAPACITOR,6/19/2026 4:32,6/21/2026 14:05,7/4/2026 14:53,13,7/2/2026 0:00,11656,2633,10000
NEO,PSL B2,DummyEnd,Ta NEO Capacitor PSL series B2 case,6G02N01534,N,TEPSLB20E227M(15)8R,NEO B2 CAPACITOR,6/19/2026 4:32,6/21/2026 0:36,7/3/2026 6:48,12.3,7/2/2026 0:00,11664,1664,10000
NEO,PSL B2,DummyEnd,Ta NEO Capacitor PSL series B2 case,6G02N01535,N,TEPSLB20E227M(15)8R,NEO B2 CAPACITOR,6/19/2026 4:32,6/21/2026 0:35,7/3/2026 2:33,12.1,7/2/2026 0:00,11664,1664,10000
NEO,PSL B2,DummyEnd,Ta NEO Capacitor PSL series B2 case,6G02N01536,N,TEPSLB20E227M(15)8R,NEO B2 CAPACITOR,6/19/2026 4:32,6/21/2026 19:50,7/7/2026 9:40,15.6,7/2/2026 0:00,11664,1524,12000
NEO,PSL B2,DummyEnd,Ta NEO Capacitor PSL series B2 case,6G02N01537,N,TEPSLB20E227M(15)8R,NEO B2 CAPACITOR,6/19/2026 4:32,6/22/2026 3:37,7/3/2026 14:38,11.5,7/2/2026 0:00,11664,1489,12000
NEO,PSL B2,DummyEnd,Ta NEO Capacitor PSL series B2 case,6G02N01538,N,TEPSLB20E227M(15)8R,NEO B2 CAPACITOR,6/19/2026 4:32,6/22/2026 5:17,7/8/2026 22:38,16.7,7/2/2026 0:00,11664,1664,10000
NEO,PSL B2,DummyEnd,Ta NEO Capacitor PSL series B2 case,6G02N01539,N,TEPSLB20E227M(15)8R,NEO B2 CAPACITOR,6/19/2026 4:32,6/22/2026 7:23,7/9/2026 4:44,16.9,7/2/2026 0:00,11646,1650,10000
NEO,PSL B2,DummyEnd,Ta NEO Capacitor PSL series B2 case,6G02N01540,N,TEPSLB20E227M(15)8R,NEO B2 CAPACITOR,6/19/2026 4:33,6/24/2026 2:26,7/9/2026 23:20,15.9,7/2/2026 0:00,11664,2558,10000
NEO,PSL B2,DummyEnd,Ta NEO Capacitor PSL series B2 case,6G02N01541,N,TEPSLB20E227M(15)8R,NEO B2 CAPACITOR,6/19/2026 4:33,6/19/2026 14:48,7/9/2026 10:24,19.8,7/2/2026 0:00,11664,446,12000
NEO,PSL B2,DummyEnd,Ta NEO Capacitor PSL series B2 case,6G02N01542,N,TEPSLB20E227M(15)8R,NEO B2 CAPACITOR,6/19/2026 4:33,6/24/2026 2:26,7/14/2026 17:53,20.6,7/2/2026 0:00,11664,1664,10000
NEO,PSL B2,DummyEnd,Ta NEO Capacitor PSL series B2 case,6G02N01543,N,TEPSLB20E227M(15)8R,NEO B2 CAPACITOR,6/19/2026 4:33,6/20/2026 17:46,7/3/2026 6:38,12.5,7/2/2026 0:00,11664,1664,10000
NEO,PSL B2,DummyEnd,Ta NEO Capacitor PSL series B2 case,6G02N01544,N,TEPSLB20E227M(15)8R,NEO B2 CAPACITOR,6/19/2026 4:33,6/20/2026 17:45,7/3/2026 3:00,12.4,7/2/2026 0:00,11664,1129,12000
NEO,PSL B2,DummyEnd,Ta NEO Capacitor PSL series B2 case,6G02N01545,N,TEPSLB20E227M(15)8R,NEO B2 CAPACITOR,6/19/2026 4:33,6/20/2026 21:52,7/1/2026 5:40,10.3,7/2/2026 0:00,11664,1664,10000
NEO,PSL B2,DummyEnd,Ta NEO Capacitor PSL series B2 case,6G02N01546,N,TEPSLB20E227M(15)8R,NEO B2 CAPACITOR,6/19/2026 4:33,6/23/2026 1:06,7/7/2026 19:49,14.8,7/2/2026 0:00,11664,1100,12000
NEO,PSL B2,DummyEnd,Ta NEO Capacitor PSL series B2 case,6G02N01547,N,TEPSLB20E227M(15)8R,NEO B2 CAPACITOR,6/19/2026 4:33,6/23/2026 1:06,7/7/2026 19:50,14.8,7/2/2026 0:00,11664,1664,10000
NEO,PSL B2,DummyEnd,Ta NEO Capacitor PSL series B2 case,6G02N01548,N,TEPSLB20E227M(15)8R,NEO B2 CAPACITOR,6/19/2026 4:33,6/23/2026 1:06,7/8/2026 22:40,15.9,7/2/2026 0:00,11664,1664,10000
NEO,PSL B2,DummyEnd,Ta NEO Capacitor PSL series B2 case,6G02N01549,N,TEPSLB20E227M(35)8R,NEO B2 CAPACITOR,6/19/2026 4:33,6/25/2026 14:06,7/9/2026 3:31,13.5,7/2/2026 0:00,11664,1664,10000
NEO,PSL B2,DummyEnd,Ta NEO Capacitor PSL series B2 case,6G02N01550,N,TEPSLB20E227M(35)8R,NEO B2 CAPACITOR,6/19/2026 4:34,6/25/2026 14:07,7/8/2026 19:02,13.2,7/2/2026 0:00,11664,1664,10000
NEO,PSL B2,DummyEnd,Ta NEO Capacitor PSL series B2 case,6G02N01552,N,TEPSLB20E227M(35)8R,NEO B2 CAPACITOR,6/19/2026 4:34,6/26/2026 4:11,7/9/2026 6:26,13.1,7/2/2026 0:00,11664,3664,8000
NEO,PSL B2,DummyEnd,Ta NEO Capacitor PSL series B2 case,6G02N01553,N,TEPSLB20E227M(35)8R,NEO B2 CAPACITOR,6/19/2026 4:34,6/26/2026 4:22,7/8/2026 19:05,12.6,7/2/2026 0:00,11664,1664,10000
NEO,PSL B2,DummyEnd,Ta NEO Capacitor PSL series B2 case,6G02N01554,N,TEPSLB20E227M(35)8R,NEO B2 CAPACITOR,6/19/2026 4:34,6/26/2026 4:11,7/8/2026 20:31,12.7,7/2/2026 0:00,11664,2686,10000
NEO,PSL B2,DummyEnd,Ta NEO Capacitor PSL series B2 case,6G02N01555,N,TEPSLB20J227M(25)8R,NEO B2 CAPACITOR,6/19/2026 4:34,6/25/2026 1:09,7/11/2026 10:40,16.4,7/2/2026 0:00,11664,3664,8000
NEO,PSL B2,DummyEnd,Ta NEO Capacitor PSL series B2 case,6G02N01556,N,TEPSLB20J227M(25)8R,NEO B2 CAPACITOR,6/19/2026 4:34,6/25/2026 1:09,7/11/2026 3:24,16.1,7/2/2026 0:00,11664,3618,10000
NEO,PSL B2,DummyEnd,Ta NEO Capacitor PSL series B2 case,6G02N01581,N,TEPSLB20J227M(25)8R,NEO B2 CAPACITOR,6/19/2026 4:57,6/25/2026 1:09,7/12/2026 11:12,17.4,7/2/2026 0:00,11637,4411,8000
NEO,PSL B2,DummyEnd,Ta NEO Capacitor PSL series B2 case,6G02N01582,N,TEPSLB20J227M(25)8R,NEO B2 CAPACITOR,6/19/2026 4:57,6/23/2026 15:30,7/11/2026 11:27,17.8,7/2/2026 0:00,11664,3506,10000
NEO,PSL B2,DummyEnd,Ta NEO Capacitor PSL series B2 case,6G02N01583,N,TEPSLB20J227M(25)8R,NEO B2 CAPACITOR,6/19/2026 4:57,6/24/2026 0:43,7/10/2026 5:58,16.2,7/2/2026 0:00,11664,847,12000
NEO,PSL B2,DummyEnd,Ta NEO Capacitor PSL series B2 case,6G02N01584,N,TEPSLB20J227M(25)8R,NEO B2 CAPACITOR,6/19/2026 4:58,6/24/2026 0:43,7/10/2026 5:02,16.2,7/2/2026 0:00,11664,1664,10000
NEO,PSL B2,DummyEnd,Ta NEO Capacitor PSL series B2 case,6G02N01585,N,TEPSLB20J227M(25)8R,NEO B2 CAPACITOR,6/19/2026 4:58,6/24/2026 7:07,7/10/2026 19:10,16.5,7/2/2026 0:00,11664,2355,10000
NEO,PSL B2,DummyEnd,Ta NEO Capacitor PSL series B2 case,6G02N01586,N,TEPSLB20J227M(25)8R,NEO B2 CAPACITOR,6/19/2026 4:58,6/24/2026 7:07,7/10/2026 5:03,15.9,7/2/2026 0:00,11664,751,12000
NEO,PSL B2,DummyEnd,Ta NEO Capacitor PSL series B2 case,6G02N01587,N,TEPSLB20J227M(25)8R,NEO B2 CAPACITOR,6/19/2026 4:58,6/24/2026 7:07,7/10/2026 11:16,16.2,7/2/2026 0:00,11664,2717,10000
NEO,PSL B2,DummyEnd,Ta NEO Capacitor PSL series B2 case,6G02N01588,N,TEPSLB20J227M258RKT2,NEO B2 CAPACITOR,6/19/2026 4:58,6/21/2026 19:51,7/9/2026 5:53,17.4,7/2/2026 0:00,11664,2506,10000
NEO,PSL B2,DummyEnd,Ta NEO Capacitor PSL series B2 case,6G02N01589,N,TEPSLB20J227M258RKT2,NEO B2 CAPACITOR,6/19/2026 4:58,6/21/2026 19:48,7/9/2026 3:34,17.3,7/2/2026 0:00,11664,1664,10000
NEO,PSL B2,DummyEnd,Ta NEO Capacitor PSL series B2 case,6G02N01590,N,TEPSLB20J227M258RKT2,NEO B2 CAPACITOR,6/19/2026 4:58,6/21/2026 19:48,7/3/2026 15:13,11.8,7/2/2026 0:00,11664,1664,10000
NEO,PSL B2,DummyEnd,Ta NEO Capacitor PSL series B2 case,6G02N01591,N,TEPSLB20J227M258RKT2,NEO B2 CAPACITOR,6/19/2026 4:58,6/22/2026 23:08,7/9/2026 8:33,16.4,7/2/2026 0:00,11664,2426,10000
NEO,PSL B2,DummyEnd,Ta NEO Capacitor PSL series B2 case,6G02N01592,N,TEPSLB20J227M258RKT2,NEO B2 CAPACITOR,6/19/2026 4:58,6/22/2026 23:08,7/9/2026 3:31,16.2,7/2/2026 0:00,11664,1664,10000
NEO,PSL B2,DummyEnd,Ta NEO Capacitor PSL series B2 case,6G02N01593,N,TEPSLB20J227M258RKT2,NEO B2 CAPACITOR,6/19/2026 4:58,6/23/2026 3:08,7/9/2026 4:43,16,7/2/2026 0:00,11664,1664,10000
NEO,PSL B2,DummyEnd,Ta NEO Capacitor PSL series B2 case,6G02N01594,N,TEPSLB20J227M258RKT2,NEO B2 CAPACITOR,6/19/2026 4:58,6/23/2026 5:53,7/11/2026 10:08,18.2,7/2/2026 0:00,11664,2468,10000
NEO,PSL B2,DummyEnd,Ta NEO Capacitor PSL series B2 case,6G02N01595,N,TEPSLB20J227M258RKT2,NEO B2 CAPACITOR,6/19/2026 4:59,6/23/2026 5:53,7/11/2026 10:10,18.2,7/2/2026 0:00,11664,2703,10000
NEO,PSL B2,DummyEnd,Ta NEO Capacitor PSL series B2 case,6G02N01596,N,TEPSLB20J227M258RKT2,NEO B2 CAPACITOR,6/19/2026 4:59,6/23/2026 5:53,7/10/2026 10:43,17.2,7/2/2026 0:00,11633,1773,10000
NEO,PSL B2,DummyEnd,Ta NEO Capacitor PSL series B2 case,6G02N01597,N,TEPSLB20J227M258RKT2,NEO B2 CAPACITOR,6/19/2026 4:59,6/26/2026 7:01,7/10/2026 7:40,14,7/2/2026 0:00,11664,2570,10000
NEO,PSL B2,DummyEnd,Ta NEO Capacitor PSL series B2 case,6G02N01598,N,TEPSLB20J227M258RKT2,NEO B2 CAPACITOR,6/19/2026 4:59,6/26/2026 8:26,7/9/2026 6:24,12.9,7/2/2026 0:00,11664,2663,10000
NEO,PSL B2,DummyEnd,Ta NEO Capacitor PSL series B2 case,6G02N01599,N,TEPSLB20J227M258RKT2,NEO B2 CAPACITOR,6/19/2026 4:59,6/26/2026 9:59,7/10/2026 19:14,14.4,7/2/2026 0:00,11662,2658,10000
NEO,PSL B2,DummyEnd,Ta NEO Capacitor PSL series B2 case,6G02N01600,N,TEPSLB20J227M358RKT4,NEO B2 CAPACITOR,6/19/2026 4:59,6/21/2026 1:21,7/2/2026 15:53,11.6,7/2/2026 0:00,11664,1664,10000
NEO,PSL B2,DummyEnd,Ta NEO Capacitor PSL series B2 case,6G02N01601,N,TEPSLB20J227M358RKT4,NEO B2 CAPACITOR,6/19/2026 4:59,6/21/2026 5:27,7/5/2026 9:38,14.2,7/2/2026 0:00,11664,2096,10000
NEO,PSL B2,DummyEnd,Ta NEO Capacitor PSL series B2 case,6G02N01602,N,TEPSLB20J227M358RKT4,NEO B2 CAPACITOR,6/19/2026 4:59,6/21/2026 19:50,7/4/2026 7:54,12.5,7/2/2026 0:00,11663,1663,10000
NEO,PSL B2,DummyEnd,Ta NEO Capacitor PSL series B2 case,6G02N01603,N,TEPSLB20J227M358RKT4,NEO B2 CAPACITOR,6/19/2026 4:59,6/20/2026 21:46,7/3/2026 15:31,12.8,7/2/2026 0:00,11664,3664,8000
NEO,PSL B2,DummyEnd,Ta NEO Capacitor PSL series B2 case,6G02N01604,N,TEPSLB20J227M358RKT4,NEO B2 CAPACITOR,6/19/2026 4:59,6/20/2026 21:52,7/4/2026 8:06,13.5,7/2/2026 0:00,11664,5664,6000
NEO,PSL B2,DummyEnd,Ta NEO Capacitor PSL series B2 case,6G02N01605,N,TEPSLB20J227M358RKT4,NEO B2 CAPACITOR,6/19/2026 4:59,6/20/2026 21:46,7/2/2026 21:09,12,7/2/2026 0:00,11664,1664,10000
NEO,PSL B2,DummyEnd,Ta NEO Capacitor PSL series B2 case,6G02N01606,N,TEPSLB20J227M358RKT4,NEO B2 CAPACITOR,6/19/2026 5:00,6/21/2026 1:20,7/3/2026 15:22,12.6,7/2/2026 0:00,11664,1664,10000
NEO,PSL B2,DummyEnd,Ta NEO Capacitor PSL series B2 case,6G02N01607,N,TEPSLB20J227M358RKT4,NEO B2 CAPACITOR,6/19/2026 5:00,6/21/2026 1:20,7/3/2026 3:04,12.1,7/2/2026 0:00,11664,1664,10000
NEO,PSL B2,DummyEnd,Ta NEO Capacitor PSL series B2 case,6G02N01608,N,TEPSLB20J227M358RKT4,NEO B2 CAPACITOR,6/19/2026 5:00,6/21/2026 3:09,7/3/2026 15:34,12.5,7/2/2026 0:00,11559,3559,8000
NEO,PSL B2,DummyEnd,Ta NEO Capacitor PSL series B2 case,6G02N01609,N,TEPSLB20J337M(45)8RFL,NEO B2 CAPACITOR,6/19/2026 5:00,6/22/2026 1:16,7/7/2026 3:01,15.1,7/2/2026 0:00,11664,1666,10000
NEO,PSL B2,DummyEnd,Ta NEO Capacitor PSL series B2 case,6G02N01610,N,TEPSLB20J337M(45)8RFL,NEO B2 CAPACITOR,6/19/2026 5:00,6/22/2026 1:14,7/6/2026 4:55,14.1,7/2/2026 0:00,11614,1614,10000
NEO,PSL B2,DummyEnd,Ta NEO Capacitor PSL series B2 case,6G02N01611,N,TEPSLB20J337M(45)8RFL,NEO B2 CAPACITOR,6/19/2026 5:00,6/21/2026 1:37,7/7/2026 5:38,16.2,7/2/2026 0:00,11664,1664,10000
NEO,PSL B2,DummyEnd,Ta NEO Capacitor PSL series B2 case,6G02N01612,N,TEPSLB20J337M(45)8RFL,NEO B2 CAPACITOR,6/19/2026 5:00,6/21/2026 1:36,7/7/2026 19:48,16.8,7/2/2026 0:00,11664,3096,10000
NEO,PSL B2,DummyEnd,Ta NEO Capacitor PSL series B2 case,6G02N01613,N,TEPSLB20J337M(45)8RFL,NEO B2 CAPACITOR,6/19/2026 5:00,6/21/2026 16:16,7/6/2026 9:49,14.7,7/2/2026 0:00,11664,1664,10000
NEO,PSL B2,DummyEnd,Ta NEO Capacitor PSL series B2 case,6G02N01614,N,TEPSLB20J337M(45)8RFL,NEO B2 CAPACITOR,6/19/2026 5:00,6/22/2026 1:14,7/9/2026 5:52,17.2,7/2/2026 0:00,11664,4705,8000
NEO,PSL B2,DummyEnd,Ta NEO Capacitor PSL series B2 case,6G02N01615,N,TEPSLB20J337M(45)8RFL,NEO B2 CAPACITOR,6/19/2026 5:00,6/22/2026 8:46,7/7/2026 19:54,15.5,7/2/2026 0:00,11664,3553,10000
NEO,PSL B2,DummyEnd,Ta NEO Capacitor PSL series B2 case,6G02N01616,N,TEPSLB20J337M(45)8RFL,NEO B2 CAPACITOR,6/19/2026 5:01,6/22/2026 8:46,7/7/2026 8:12,15,7/2/2026 0:00,11664,2590,10000
NEO,PSL B2,DummyEnd,Ta NEO Capacitor PSL series B2 case,6G02N01617,N,TEPSLB20J337M(45)8RFL,NEO B2 CAPACITOR,6/19/2026 5:01,6/22/2026 1:15,7/8/2026 18:12,16.7,7/2/2026 0:00,11664,1664,10000
NEO,PSL B2,DummyEnd,Ta NEO Capacitor PSL series B2 case,6G02N01618,N,TEPSLB20J337M(45)8RFL,NEO B2 CAPACITOR,6/19/2026 5:01,6/22/2026 4:38,7/7/2026 4:42,15,7/2/2026 0:00,11646,1646,10000
NEO,PSL B2,DummyEnd,Ta NEO Capacitor PSL series B2 case,6G02N01619,N,TEPSLB20J337M45HF8R,NEO B2 CAPACITOR,6/19/2026 5:01,6/22/2026 4:41,7/12/2026 14:02,20.4,7/2/2026 0:00,11664,3664,8000
NEO,PSL B2,DummyEnd,Ta NEO Capacitor PSL series B2 case,6G02N01621,N,TEPSLB20J337M45HF8R,NEO B2 CAPACITOR,6/19/2026 5:01,6/22/2026 23:59,7/13/2026 6:09,20.3,7/2/2026 0:00,11664,1664,10000
NEO,PSL B2,DummyEnd,Ta NEO Capacitor PSL series B2 case,6G02N01622,N,TEPSLB20J337M45HF8R,NEO B2 CAPACITOR,6/19/2026 5:01,6/23/2026 16:26,7/16/2026 6:28,22.6,7/2/2026 0:00,11607,3607,8000
NEO,PSL B2,DummyEnd,Ta NEO Capacitor PSL series B2 case,6G02N01623,N,TEPSLB20J337M45HF8R,NEO B2 CAPACITOR,6/19/2026 5:01,6/25/2026 20:51,7/12/2026 22:30,17.1,7/2/2026 0:00,11664,1664,10000
NEO,PSL B2,DummyEnd,Ta NEO Capacitor PSL series B2 case,6G02N01624,N,TEPSLB20J337M45HF8R,NEO B2 CAPACITOR,6/19/2026 5:01,6/25/2026 20:52,7/16/2026 6:29,20.4,7/2/2026 0:00,11664,3664,8000
NEO,PSL B2,DummyEnd,Ta NEO Capacitor PSL series B2 case,6G02N01625,N,TEPSLB20J337M45HF8R,NEO B2 CAPACITOR,6/19/2026 5:01,6/26/2026 15:59,7/14/2026 18:41,18.1,7/2/2026 0:00,11664,3664,8000
NEO,PSL B2,DummyEnd,Ta NEO Capacitor PSL series B2 case,6G02N01626,N,TEPSLB20J337M45HF8R,NEO B2 CAPACITOR,6/19/2026 5:02,6/26/2026 14:46,7/14/2026 6:26,17.7,7/2/2026 0:00,11642,3676,8000
NEO,PSL B2,DummyEnd,Ta NEO Capacitor PSL series B2 case,6G02N01627,N,TEPSLB20J337M45HF8R,NEO B2 CAPACITOR,6/19/2026 5:02,6/24/2026 0:54,7/12/2026 22:29,18.9,7/2/2026 0:00,11664,1664,10000
NEO,PSL B2,DummyEnd,Ta NEO Capacitor PSL series B2 case,6G02N01628,N,TEPSLB20J337M45HF8R,NEO B2 CAPACITOR,6/19/2026 5:02,6/24/2026 0:54,7/14/2026 6:57,20.3,7/2/2026 0:00,11664,3666,8000
NEO,PSL B2,DummyEnd,Ta NEO Capacitor PSL series B2 case,6G02N01629,N,TEPSLB20J337M45HF8R,NEO B2 CAPACITOR,6/19/2026 5:02,6/21/2026 10:09,7/12/2026 2:50,20.7,7/2/2026 0:00,11664,1664,10000
NEO,PSL B2,DummyEnd,Ta NEO Capacitor PSL series B2 case,6G02N01630,N,TEPSLB20J337M45HF8R,NEO B2 CAPACITOR,6/19/2026 5:02,6/21/2026 10:01,7/16/2026 6:41,24.8,7/2/2026 0:00,11664,1664,10000
NEO,PSL B2,DummyEnd,Ta NEO Capacitor PSL series B2 case,6G02N01631,N,TEPSLB20J337M45HF8R,NEO B2 CAPACITOR,6/19/2026 5:02,6/23/2026 18:52,7/16/2026 6:33,22.5,7/2/2026 0:00,11664,1664,10000
NEO,PSL B2,DummyEnd,Ta NEO Capacitor PSL series B2 case,6G02N01632,N,TEPSLB20J337M45HF8R,NEO B2 CAPACITOR,6/19/2026 5:02,6/23/2026 20:04,7/12/2026 14:16,18.8,7/2/2026 0:00,11664,1664,10000
NEO,PSL B2,DummyEnd,Ta NEO Capacitor PSL series B2 case,6G02N01633,N,TEPSLB20J337M45HF8R,NEO B2 CAPACITOR,6/19/2026 5:02,6/24/2026 15:46,7/15/2026 10:35,20.8,7/2/2026 0:00,11664,1664,10000
NEO,PSL B2,DummyEnd,Ta NEO Capacitor PSL series B2 case,6G02N01634,N,TEPSLB20J337M45HF8R,NEO B2 CAPACITOR,6/19/2026 5:02,6/24/2026 23:53,7/12/2026 22:30,18,7/2/2026 0:00,11664,3664,8000
NEO,PSL B2,DummyEnd,Ta NEO Capacitor PSL series B2 case,6G02N01635,N,TEPSLB21E226M8RLG,NEO B2 CAPACITOR,6/19/2026 5:02,6/22/2026 0:13,7/1/2026 13:40,9.5,7/2/2026 0:00,11664,1664,10000
NEO,PSL B2,DummyEnd,Ta NEO Capacitor PSL series B2 case,6G02N01636,N,TEPSLB21E226M8RLG,NEO B2 CAPACITOR,6/19/2026 5:02,6/21/2026 19:47,7/3/2026 15:41,11.8,7/2/2026 0:00,11664,1664,10000
NEO,PSL B2,DummyEnd,Ta NEO Capacitor PSL series B2 case,6G02N01637,N,TEPSLB21E226M8RLG,NEO B2 CAPACITOR,6/19/2026 5:03,6/22/2026 0:13,7/2/2026 17:46,10.7,7/2/2026 0:00,11664,1718,10000
NEO,PSL B2,DummyEnd,Ta NEO Capacitor PSL series B2 case,6G02N01815,N,TEPSLB20J157M18CPF8R,NEO B2 CAPACITOR,6/20/2026 16:40,6/23/2026 19:27,7/5/2026 2:38,11.3,7/2/2026 0:00,11664,2656,10000
NEO,PSL B2,DummyEnd,Ta NEO Capacitor PSL series B2 case,6G02N01816,N,TEPSLB20J157M18CPF8R,NEO B2 CAPACITOR,6/20/2026 16:41,6/23/2026 20:38,7/7/2026 19:08,14,7/2/2026 0:00,11664,845,12000
NEO,PSL B2,DummyEnd,Ta NEO Capacitor PSL series B2 case,6G02N01817,N,TEPSLB20J157M18CPF8R,NEO B2 CAPACITOR,6/20/2026 16:41,6/23/2026 21:42,7/7/2026 5:36,13.3,7/2/2026 0:00,11634,1912,10000
NEO,PSL B2,DummyEnd,Ta NEO Capacitor PSL series B2 case,6G02N01818,N,TEPSLB20J157M18CPF8R,NEO B2 CAPACITOR,6/20/2026 16:41,6/23/2026 14:51,7/6/2026 2:44,12.5,7/2/2026 0:00,11664,1664,10000
NEO,PSL B2,DummyEnd,Ta NEO Capacitor PSL series B2 case,6G02N01820,N,TEPSLB20J157M18CPF8R,NEO B2 CAPACITOR,6/20/2026 16:41,6/23/2026 17:56,7/5/2026 22:27,12.2,7/2/2026 0:00,11664,1664,10000
NEO,PSL B2,DummyEnd,Ta NEO Capacitor PSL series B2 case,6G02N01821,N,TEPSLB20J157M18CPF8R,NEO B2 CAPACITOR,6/20/2026 16:41,6/23/2026 8:09,7/5/2026 19:23,12.5,7/2/2026 0:00,11664,1466,12000
NEO,PSL B2,DummyEnd,Ta NEO Capacitor PSL series B2 case,6G02N01822,N,TEPSLB20J157M18CPF8R,NEO B2 CAPACITOR,6/20/2026 16:41,6/23/2026 8:08,7/5/2026 17:23,12.4,7/2/2026 0:00,11664,1664,10000
NEO,PSL B2,DummyEnd,Ta NEO Capacitor PSL series B2 case,6G02N01823,N,TEPSLB20J157M18CPF8R,NEO B2 CAPACITOR,6/20/2026 16:41,6/23/2026 8:08,7/6/2026 20:32,13.5,7/2/2026 0:00,11664,2709,10000
NEO,PSL B2,DummyEnd,Ta NEO Capacitor PSL series B2 case,6G02N01824,N,TEPSLB20J157M18CPF8R,NEO B2 CAPACITOR,6/20/2026 16:41,6/22/2026 18:20,7/7/2026 6:38,14.5,7/2/2026 0:00,11664,1664,10000
NEO,PSL B2,DummyEnd,Ta NEO Capacitor PSL series B2 case,6G02N01825,N,TEPSLB20J157M18CPF8R,NEO B2 CAPACITOR,6/20/2026 16:41,6/22/2026 19:24,7/7/2026 8:43,14.5,7/2/2026 0:00,11664,2754,10000
NEO,PSL B2,DummyEnd,Ta NEO Capacitor PSL series B2 case,6G02N01826,N,TEPSLB20J157M18CPF8R,NEO B2 CAPACITOR,6/20/2026 16:42,6/22/2026 23:03,7/5/2026 19:54,12.8,7/2/2026 0:00,11664,2209,10000
NEO,PSL B2,DummyEnd,Ta NEO Capacitor PSL series B2 case,6G02N01827,N,TEPSLB20J157M18CPF8R,NEO B2 CAPACITOR,6/20/2026 16:42,6/22/2026 23:04,7/5/2026 2:43,12.1,7/2/2026 0:00,11664,874,12000
NEO,PSL B2,DummyEnd,Ta NEO Capacitor PSL series B2 case,6G02N01828,N,TEPSLB20J157M18CPF8R,NEO B2 CAPACITOR,6/20/2026 16:42,6/23/2026 5:18,7/5/2026 2:41,11.9,7/2/2026 0:00,11664,1960,10000
NEO,PSL B2,DummyEnd,Ta NEO Capacitor PSL series B2 case,6G02N01829,N,TEPSLB20J157M18CPF8R,NEO B2 CAPACITOR,6/20/2026 16:42,6/23/2026 13:53,7/6/2026 16:29,13.1,7/2/2026 0:00,11624,1624,10000
NEO,PSL B2,DummyEnd,Ta NEO Capacitor PSL series B2 case,6G02N01830,N,TEPSLB20J157M18CPF8R,NEO B2 CAPACITOR,6/20/2026 16:42,6/24/2026 20:00,7/7/2026 5:43,12.4,7/2/2026 0:00,11664,1664,10000
NEO,PSL B2,DummyEnd,Ta NEO Capacitor PSL series B2 case,6G02N01831,N,TEPSLB20J157M18CPF8R,NEO B2 CAPACITOR,6/20/2026 16:42,6/24/2026 22:04,7/6/2026 18:27,11.8,7/2/2026 0:00,11664,2507,10000
NEO,PSL B2,DummyEnd,Ta NEO Capacitor PSL series B2 case,6G02N01832,N,TEPSLB20J157M18CPF8R,NEO B2 CAPACITOR,6/20/2026 16:42,6/25/2026 0:26,7/8/2026 3:49,13.1,7/2/2026 0:00,11664,851,12000
NEO,PSL B2,DummyEnd,Ta NEO Capacitor PSL series B2 case,6G02N01833,N,TEPSLB20J157M18CPF8R,NEO B2 CAPACITOR,6/20/2026 16:42,6/23/2026 2:53,7/5/2026 19:27,12.7,7/2/2026 0:00,11664,1597,12000
NEO,PSL B2,DummyEnd,Ta NEO Capacitor PSL series B2 case,6G02N01834,N,TEPSLB20J157M18CPF8R,NEO B2 CAPACITOR,6/20/2026 16:42,6/23/2026 2:53,7/5/2026 19:52,12.7,7/2/2026 0:00,11664,2594,10000
NEO,PSL B2,DummyEnd,Ta NEO Capacitor PSL series B2 case,6G02N01835,N,TEPSLB20J157M18CPF8R,NEO B2 CAPACITOR,6/20/2026 16:42,6/23/2026 2:53,7/9/2026 19:16,16.7,7/2/2026 0:00,11664,4988,8000
NEO,PSL B2,DummyEnd,Ta NEO Capacitor PSL series B2 case,6G02N01836,N,TEPSLB20J157M18CPF8R,NEO B2 CAPACITOR,6/20/2026 16:43,6/22/2026 19:24,7/6/2026 20:30,14,7/2/2026 0:00,11664,584,12000
NEO,PSL B2,DummyEnd,Ta NEO Capacitor PSL series B2 case,6G02N01837,N,TEPSLB20J157M18CPF8R,NEO B2 CAPACITOR,6/20/2026 16:43,6/22/2026 18:56,7/5/2026 16:49,12.9,7/2/2026 0:00,11664,309,12000
NEO,PSL B2,DummyEnd,Ta NEO Capacitor PSL series B2 case,6G02N01838,N,TEPSLB20J157M18CPF8R,NEO B2 CAPACITOR,6/20/2026 16:43,6/22/2026 23:04,7/7/2026 5:43,14.3,7/2/2026 0:00,11664,1664,10000
NEO,PSL B2,DummyEnd,Ta NEO Capacitor PSL series B2 case,6G03N02364,N,TEPSLB20J157M18HF8R,NEO B2 CAPACITOR,6/20/2026 17:44,6/25/2026 0:25,7/7/2026 4:40,12.2,7/3/2026 0:00,11664,1124,12000
NEO,PSL B2,DummyEnd,Ta NEO Capacitor PSL series B2 case,6G03N02365,N,TEPSLB20J157M18HF8R,NEO B2 CAPACITOR,6/20/2026 17:44,6/24/2026 23:11,7/6/2026 8:45,11.4,7/3/2026 0:00,11664,1664,10000
NEO,PSL B2,DummyEnd,Ta NEO Capacitor PSL series B2 case,6G03N02366,N,TEPSLB20J157M18HF8R,NEO B2 CAPACITOR,6/20/2026 17:44,6/24/2026 23:12,7/7/2026 4:44,12.2,7/3/2026 0:00,11610,1610,10000
NEO,PSL B2,DummyEnd,Ta NEO Capacitor PSL series B2 case,6G03N02367,N,TEPSLB20J157M18HF8R,NEO B2 CAPACITOR,6/20/2026 17:44,6/24/2026 0:07,7/5/2026 17:18,11.7,7/3/2026 0:00,11664,800,12000
NEO,PSL B2,DummyEnd,Ta NEO Capacitor PSL series B2 case,6G03N02368,N,TEPSLB20J157M18HF8R,NEO B2 CAPACITOR,6/20/2026 17:44,6/24/2026 0:59,7/4/2026 7:10,10.3,7/3/2026 0:00,11664,1664,10000
NEO,PSL B2,DummyEnd,Ta NEO Capacitor PSL series B2 case,6G03N02369,N,TEPSLB20J157M18HF8R,NEO B2 CAPACITOR,6/20/2026 17:44,6/24/2026 7:58,7/3/2026 17:43,9.4,7/3/2026 0:00,11664,1664,10000
NEO,PSL B2,DummyEnd,Ta NEO Capacitor PSL series B2 case,6G03N02370,N,TEPSLB20J157M18HF8R,NEO B2 CAPACITOR,6/20/2026 17:44,6/23/2026 0:24,7/6/2026 15:58,13.6,7/3/2026 0:00,11664,1649,12000
NEO,PSL B2,DummyEnd,Ta NEO Capacitor PSL series B2 case,6G03N02371,N,TEPSLB20J157M18HF8R,NEO B2 CAPACITOR,6/20/2026 17:44,6/23/2026 0:24,7/6/2026 2:55,13.1,7/3/2026 0:00,11664,1664,10000
NEO,PSL B2,DummyEnd,Ta NEO Capacitor PSL series B2 case,6G03N02372,N,TEPSLB20J157M18HF8R,NEO B2 CAPACITOR,6/20/2026 17:44,6/23/2026 0:25,7/6/2026 6:21,13.3,7/3/2026 0:00,11483,1483,10000
NEO,PSL B2,DummyEnd,Ta NEO Capacitor PSL series B2 case,6G03N02373,N,TEPSLB20J157M18HF8R,NEO B2 CAPACITOR,6/20/2026 17:44,6/24/2026 0:59,7/4/2026 8:04,10.3,7/3/2026 0:00,11664,1664,10000
NEO,PSL B2,DummyEnd,Ta NEO Capacitor PSL series B2 case,6G03N02374,N,TEPSLB20J157M18HF8R,NEO B2 CAPACITOR,6/20/2026 17:45,6/24/2026 0:50,7/5/2026 4:09,11.2,7/3/2026 0:00,11664,1664,10000
NEO,PSL B2,DummyEnd,Ta NEO Capacitor PSL series B2 case,6G03N02375,N,TEPSLB20J157M18HF8R,NEO B2 CAPACITOR,6/20/2026 17:45,6/24/2026 0:49,7/6/2026 19:24,12.8,7/3/2026 0:00,11664,1664,10000
NEO,PSL B2,DummyEnd,Ta NEO Capacitor PSL series B2 case,6G03N02376,N,TEPSLB20J157M18HF8R,NEO B2 CAPACITOR,6/20/2026 17:45,6/22/2026 8:57,7/2/2026 6:50,9.9,7/3/2026 0:00,11664,1664,10000
NEO,PSL B2,DummyEnd,Ta NEO Capacitor PSL series B2 case,6G03N02377,N,TEPSLB20J157M18HF8R,NEO B2 CAPACITOR,6/20/2026 17:45,6/22/2026 8:47,7/2/2026 9:32,10,7/3/2026 0:00,11664,1664,10000
NEO,PSL B2,DummyEnd,Ta NEO Capacitor PSL series B2 case,6G03N02378,N,TEPSLB20J157M18HF8R,NEO B2 CAPACITOR,6/20/2026 17:45,6/22/2026 8:47,7/4/2026 15:25,12.3,7/3/2026 0:00,11621,1621,10000
NEO,PSL B2,DummyEnd,Ta NEO Capacitor PSL series B2 case,6G03N02379,N,TEPSLB20J157M18HF8R,NEO B2 CAPACITOR,6/20/2026 17:45,6/23/2026 20:40,7/4/2026 8:03,10.5,7/3/2026 0:00,11664,1664,10000
NEO,PSL B2,DummyEnd,Ta NEO Capacitor PSL series B2 case,6G03N02380,N,TEPSLB20J157M18HF8R,NEO B2 CAPACITOR,6/20/2026 17:45,6/24/2026 1:52,7/5/2026 22:25,11.9,7/3/2026 0:00,11664,1314,12000
NEO,PSL B2,DummyEnd,Ta NEO Capacitor PSL series B2 case,6G03N02382,N,TEPSLB20J157M18HF8R,NEO B2 CAPACITOR,6/20/2026 17:45,6/24/2026 4:42,7/7/2026 20:10,13.7,7/3/2026 0:00,11664,2284,10000
NEO,PSL B2,DummyEnd,Ta NEO Capacitor PSL series B2 case,6G03N02383,N,TEPSLB20J157M18HF8R,NEO B2 CAPACITOR,6/20/2026 17:45,6/24/2026 4:42,7/4/2026 17:43,10.5,7/3/2026 0:00,11664,1664,10000
NEO,PSL B2,DummyEnd,Ta NEO Capacitor PSL series B2 case,6G03N02384,N,TEPSLB20J157M18HF8R,NEO B2 CAPACITOR,6/20/2026 17:46,6/24/2026 4:42,7/5/2026 16:47,11.5,7/3/2026 0:00,11576,1576,10000
NEO,PSL B2,DummyEnd,Ta NEO Capacitor PSL series B2 case,6G03N02385,N,TEPSLB20J157M18HF8R,NEO B2 CAPACITOR,6/20/2026 17:46,6/26/2026 19:22,7/7/2026 4:38,10.4,7/3/2026 0:00,11664,1558,12000
NEO,PSL B2,DummyEnd,Ta NEO Capacitor PSL series B2 case,6G03N02386,N,TEPSLB20J157M18HF8R,NEO B2 CAPACITOR,6/20/2026 17:46,6/26/2026 19:06,7/5/2026 22:23,9.1,7/3/2026 0:00,11664,1299,12000
NEO,PSL B2,DummyEnd,Ta NEO Capacitor PSL series B2 case,6G03N02387,N,TEPSLB20J157M18HF8R,NEO B2 CAPACITOR,6/20/2026 17:46,6/26/2026 19:06,7/6/2026 8:46,9.5,7/3/2026 0:00,11664,887,12000
NEO,PSL B2,DummyEnd,Ta NEO Capacitor PSL series B2 case,6G03N02388,N,TEPSLB21E156M8R,NEO B2 CAPACITOR,6/20/2026 17:46,6/22/2026 13:20,7/2/2026 15:29,10.1,7/3/2026 0:00,11664,1664,10000
NEO,PSL B2,DummyEnd,Ta NEO Capacitor PSL series B2 case,6G03N02389,N,TEPSLB21E156M8R,NEO B2 CAPACITOR,6/20/2026 17:46,6/22/2026 14:31,7/3/2026 10:27,10.8,7/3/2026 0:00,11664,1664,10000
NEO,PSL B2,DummyEnd,Ta NEO Capacitor PSL series B2 case,6G03N02390,N,TEPSLB21E156M8R,NEO B2 CAPACITOR,6/20/2026 17:46,6/22/2026 23:03,7/3/2026 15:37,10.7,7/3/2026 0:00,11583,1583,10000
NEO,PSL B2,DummyEnd,Ta NEO Capacitor PSL series B2 case,6G03N02391,N,TEPSLB21E156M8R,NEO B2 CAPACITOR,6/20/2026 17:46,6/22/2026 1:03,7/1/2026 6:04,9.2,7/3/2026 0:00,11664,1664,10000
NEO,PSL B2,DummyEnd,Ta NEO Capacitor PSL series B2 case,6G03N02392,N,TEPSLB21E156M8R,NEO B2 CAPACITOR,6/20/2026 17:46,6/22/2026 2:51,7/3/2026 15:42,11.5,7/3/2026 0:00,11664,2408,10000
NEO,PSL B2,DummyEnd,Ta NEO Capacitor PSL series B2 case,6G03N02393,N,TEPSLB21E156M8R,NEO B2 CAPACITOR,6/20/2026 17:46,6/22/2026 4:55,7/4/2026 9:31,12.2,7/3/2026 0:00,11639,2997,10000
NEO,PSL B2,DummyEnd,Ta NEO Capacitor PSL series B2 case,6G03N02394,N,TEPSLB21E156M8R,NEO B2 CAPACITOR,6/20/2026 17:46,6/22/2026 21:39,7/2/2026 13:30,9.7,7/3/2026 0:00,11664,863,12000
NEO,PSL B2,DummyEnd,Ta NEO Capacitor PSL series B2 case,6G03N02395,N,TEPSLB21E156M8R,NEO B2 CAPACITOR,6/20/2026 17:47,6/22/2026 14:50,7/3/2026 2:52,10.5,7/3/2026 0:00,11664,1413,12000
NEO,PSL B2,DummyEnd,Ta NEO Capacitor PSL series B2 case,6G03N02396,N,TEPSLB21E156M8R,NEO B2 CAPACITOR,6/20/2026 17:47,6/22/2026 21:39,7/3/2026 4:18,10.3,7/3/2026 0:00,11615,1615,10000
NEO,PSL B2,DummyEnd,Ta NEO Capacitor PSL series B2 case,6G03N02397,N,TEPSLB21E156M8R,NEO B2 CAPACITOR,6/20/2026 17:47,6/22/2026 10:09,7/2/2026 17:50,10.3,7/3/2026 0:00,11664,1664,10000
NEO,PSL B2,DummyEnd,Ta NEO Capacitor PSL series B2 case,6G03N02398,N,TEPSLB21E156M8R,NEO B2 CAPACITOR,6/20/2026 17:47,6/22/2026 10:11,7/1/2026 13:42,9.1,7/3/2026 0:00,11664,1664,10000
NEO,PSL B2,DummyEnd,Ta NEO Capacitor PSL series B2 case,6G03N02399,N,TEPSLB21E156M8R,NEO B2 CAPACITOR,6/20/2026 17:47,6/22/2026 7:19,7/3/2026 3:04,10.8,7/3/2026 0:00,11582,1628,10000
NEO,PSL B2,DummyEnd,Ta NEO Capacitor PSL series B2 case,6G03N02400,N,TEPSLB21E156M8R,NEO B2 CAPACITOR,6/20/2026 17:47,6/23/2026 2:24,7/3/2026 10:24,10.3,7/3/2026 0:00,11664,1664,10000
NEO,PSL B2,DummyEnd,Ta NEO Capacitor PSL series B2 case,6G03N02401,N,TEPSLB21E156M8R,NEO B2 CAPACITOR,6/20/2026 17:47,6/23/2026 2:24,7/3/2026 15:19,10.5,7/3/2026 0:00,11664,1664,10000
NEO,PSL B2,DummyEnd,Ta NEO Capacitor PSL series B2 case,6G03N02402,N,TEPSLB21E156M8R,NEO B2 CAPACITOR,6/20/2026 17:47,6/23/2026 2:24,7/2/2026 15:20,9.5,7/3/2026 0:00,11654,1064,12000
NEO,PSL B2,DummyEnd,Ta NEO Capacitor PSL series B2 case,6G03N02403,N,TEPSLB21E156M8R,NEO B2 CAPACITOR,6/20/2026 17:47,6/22/2026 21:39,7/2/2026 6:27,9.4,7/3/2026 0:00,11664,919,12000
NEO,PSL B2,DummyEnd,Ta NEO Capacitor PSL series B2 case,6G03N02404,N,TEPSLB21E156M8R,NEO B2 CAPACITOR,6/20/2026 17:47,6/22/2026 21:39,7/2/2026 10:19,9.5,7/3/2026 0:00,11664,1664,10000
NEO,PSL B2,DummyEnd,Ta NEO Capacitor PSL series B2 case,6G03N02405,N,TEPSLB21E156M8R,NEO B2 CAPACITOR,6/20/2026 17:47,6/22/2026 21:39,7/2/2026 13:42,9.7,7/3/2026 0:00,11664,1715,10000
NEO,PSL B2,DummyEnd,Ta NEO Capacitor PSL series B2 case,6G03N02406,N,TEPSLB21E156M8RFT,NEO B2 CAPACITOR,6/20/2026 17:48,6/23/2026 14:51,7/2/2026 17:48,9.1,7/3/2026 0:00,11664,1664,10000
NEO,PSL B2,DummyEnd,Ta NEO Capacitor PSL series B2 case,6G03N02407,N,TEPSLB21E156M8RFT,NEO B2 CAPACITOR,6/20/2026 17:48,6/23/2026 16:10,7/2/2026 19:18,9.1,7/3/2026 0:00,11664,676,12000
NEO,PSL B2,DummyEnd,Ta NEO Capacitor PSL series B2 case,6G03N02408,N,TEPSLB21E156M8RFT,NEO B2 CAPACITOR,6/20/2026 17:48,6/23/2026 17:49,7/3/2026 2:54,9.4,7/3/2026 0:00,11594,1594,10000
NEO,PSL B2,DummyEnd,Ta NEO Capacitor PSL series B2 case,6G03N02409,N,TEPSLB21E156M8RFT,NEO B2 CAPACITOR,6/20/2026 17:48,6/22/2026 7:17,7/1/2026 14:57,9.3,7/3/2026 0:00,11664,952,12000
NEO,PSL B2,DummyEnd,Ta NEO Capacitor PSL series B2 case,6G03N02410,N,TEPSLB21E156M8RFT,NEO B2 CAPACITOR,6/20/2026 17:48,6/22/2026 7:17,7/2/2026 17:47,10.4,7/3/2026 0:00,11664,1664,10000
NEO,PSL B2,DummyEnd,Ta NEO Capacitor PSL series B2 case,6G03N02411,N,TEPSLB21E156M8RFT,NEO B2 CAPACITOR,6/20/2026 17:48,6/22/2026 10:13,7/1/2026 13:24,9.1,7/3/2026 0:00,11664,970,12000
NEO,PSL B2,DummyEnd,Ta NEO Capacitor PSL series B2 case,6G03N02412,N,TEPSLB21E156M8RFT,NEO B2 CAPACITOR,6/20/2026 17:48,6/22/2026 3:52,7/2/2026 16:13,10.5,7/3/2026 0:00,11664,440,12000
NEO,PSL B2,DummyEnd,Ta NEO Capacitor PSL series B2 case,6G03N02413,N,TEPSLB21E156M8RFT,NEO B2 CAPACITOR,6/20/2026 17:48,6/22/2026 5:18,7/1/2026 6:24,9,7/3/2026 0:00,11664,1664,10000
NEO,PSL B2,DummyEnd,Ta NEO Capacitor PSL series B2 case,6G03N02414,N,TEPSLB21E156M8RFT,NEO B2 CAPACITOR,6/20/2026 17:48,6/22/2026 10:13,7/4/2026 7:11,11.9,7/3/2026 0:00,11606,1606,10000
NEO,PSL B2,DummyEnd,Ta NEO Capacitor PSL series B2 case,6G03N02415,N,TEPSLB21E156M8RFT,NEO B2 CAPACITOR,6/20/2026 17:48,6/24/2026 20:00,7/5/2026 2:31,10.3,7/3/2026 0:00,11664,1095,12000
NEO,PSL B2,DummyEnd,Ta NEO Capacitor PSL series B2 case,6G03N02416,N,TEPSLB21E156M8RFT,NEO B2 CAPACITOR,6/20/2026 17:48,6/24/2026 20:30,7/4/2026 9:37,9.5,7/3/2026 0:00,11664,829,12000
NEO,PSL B2,DummyEnd,Ta NEO Capacitor PSL series B2 case,6G03N02417,N,TEPSLB21E156M8RFT,NEO B2 CAPACITOR,6/20/2026 17:49,6/24/2026 20:31,7/4/2026 7:06,9.5,7/3/2026 0:00,11636,1636,10000
NEO,PSL B2,DummyEnd,Ta NEO Capacitor PSL series B2 case,6G03N02418,N,TEPSLB21E156M8RFT,NEO B2 CAPACITOR,6/20/2026 17:49,6/22/2026 1:04,7/5/2026 19:50,13.8,7/3/2026 0:00,11664,3664,8000
NEO,PSL B2,DummyEnd,Ta NEO Capacitor PSL series B2 case,6G03N02419,N,TEPSLB21E156M8RFT,NEO B2 CAPACITOR,6/20/2026 17:49,6/22/2026 1:02,7/2/2026 6:10,10.2,7/3/2026 0:00,11664,1664,10000
NEO,PSL B2,DummyEnd,Ta NEO Capacitor PSL series B2 case,6G03N02420,N,TEPSLB21E156M8RFT,NEO B2 CAPACITOR,6/20/2026 17:49,6/22/2026 2:50,7/3/2026 2:55,11,7/3/2026 0:00,11345,1345,10000
NEO,PSL B2,DummyEnd,Ta NEO Capacitor PSL series B2 case,6G03N02421,N,TEPSLB21E156M8RFT,NEO B2 CAPACITOR,6/20/2026 17:49,6/22/2026 8:48,7/2/2026 15:52,10.3,7/3/2026 0:00,11664,738,12000
NEO,PSL B2,DummyEnd,Ta NEO Capacitor PSL series B2 case,6G03N02422,N,TEPSLB21E156M8RFT,NEO B2 CAPACITOR,6/20/2026 17:49,6/22/2026 8:48,7/2/2026 13:22,10.2,7/3/2026 0:00,11664,1664,10000
NEO,PSL B2,DummyEnd,Ta NEO Capacitor PSL series B2 case,6G03N02423,N,TEPSLB21E156M8RFT,NEO B2 CAPACITOR,6/20/2026 17:49,6/22/2026 8:48,7/3/2026 14:49,11.3,7/3/2026 0:00,11541,1541,10000
NEO,PSL B2,DummyEnd,Ta NEO Capacitor PSL series B2 case,6G03N02424,N,TEPSLB21E156M1008RKT2,NEO B2 CAPACITOR,6/20/2026 17:49,6/23/2026 19:11,7/2/2026 17:47,8.9,7/3/2026 0:00,11664,1664,10000
NEO,PSL B2,DummyEnd,Ta NEO Capacitor PSL series B2 case,6G03N02425,N,TEPSLB21E156M1008RKT2,NEO B2 CAPACITOR,6/20/2026 17:49,6/23/2026 20:40,7/3/2026 2:46,9.3,7/3/2026 0:00,11664,1689,10000
NEO,PSL B2,DummyEnd,Ta NEO Capacitor PSL series B2 case,6G03N02426,N,TEPSLB21E156M1008RKT2,NEO B2 CAPACITOR,6/20/2026 17:49,6/24/2026 1:51,7/4/2026 9:52,10.3,7/3/2026 0:00,11614,1093,12000
NEO,PSL B2,DummyEnd,Ta NEO Capacitor PSL series B2 case,6G03N02427,N,TEPSLB21E156M1008RKT2,NEO B2 CAPACITOR,6/20/2026 17:49,6/22/2026 23:04,7/3/2026 14:35,10.6,7/3/2026 0:00,11664,1664,10000
NEO,PSL B2,DummyEnd,Ta NEO Capacitor PSL series B2 case,6G03N02428,N,TEPSLB21E156M1008RKT2,NEO B2 CAPACITOR,6/20/2026 17:50,6/23/2026 2:54,7/4/2026 7:11,11.2,7/3/2026 0:00,11664,1664,10000
NEO,PSL B2,DummyEnd,Ta NEO Capacitor PSL series B2 case,6G03N02429,N,TEPSLB21E156M1008RKT2,NEO B2 CAPACITOR,6/20/2026 17:50,6/23/2026 2:55,7/5/2026 2:36,12,7/3/2026 0:00,11552,802,12000
NEO,PSL B2,DummyEnd,Ta NEO Capacitor PSL series B2 case,6G03N02430,N,TEPSLB21E156M1008RKT2,NEO B2 CAPACITOR,6/20/2026 17:50,6/22/2026 21:32,7/5/2026 1:51,12.2,7/3/2026 0:00,11664,946,12000
NEO,PSL B2,DummyEnd,Ta NEO Capacitor PSL series B2 case,6G03N02431,N,TEPSLB21E156M1008RKT2,NEO B2 CAPACITOR,6/20/2026 17:50,6/22/2026 21:32,7/3/2026 14:52,10.7,7/3/2026 0:00,11664,1664,10000
NEO,PSL B2,DummyEnd,Ta NEO Capacitor PSL series B2 case,6G03N02432,N,TEPSLB21E156M1008RKT2,NEO B2 CAPACITOR,6/20/2026 17:50,6/22/2026 21:32,7/2/2026 13:34,9.7,7/3/2026 0:00,11628,1628,10000
NEO,PSL B2,DummyEnd,Ta NEO Capacitor PSL series B2 case,6G03N02433,N,TEPSLB20E227M(15)8R,NEO B2 CAPACITOR,6/20/2026 17:50,6/26/2026 2:33,7/7/2026 19:48,11.7,7/3/2026 0:00,11664,2151,10000
NEO,PSL B2,DummyEnd,Ta NEO Capacitor PSL series B2 case,6G03N02434,N,TEPSLB20E227M(15)8R,NEO B2 CAPACITOR,6/20/2026 17:50,6/26/2026 2:33,7/8/2026 5:00,12.1,7/3/2026 0:00,11664,1664,10000
NEO,PSL B2,DummyEnd,Ta NEO Capacitor PSL series B2 case,6G03N02435,N,TEPSLB20E227M(15)8R,NEO B2 CAPACITOR,6/20/2026 17:50,6/26/2026 7:02,7/9/2026 4:47,12.9,7/3/2026 0:00,11585,3585,8000
NEO,PSL B2,DummyEnd,Ta NEO Capacitor PSL series B2 case,6G03N02436,N,TEPSLB20E227M(15)8R,NEO B2 CAPACITOR,6/20/2026 17:50,6/24/2026 15:24,7/7/2026 22:23,13.3,7/3/2026 0:00,11664,1080,12000
NEO,PSL B2,DummyEnd,Ta NEO Capacitor PSL series B2 case,6G03N02437,N,TEPSLB20E227M(15)8R,NEO B2 CAPACITOR,6/20/2026 17:50,6/24/2026 17:47,7/7/2026 4:49,12.5,7/3/2026 0:00,11664,737,12000
NEO,PSL B2,DummyEnd,Ta NEO Capacitor PSL series B2 case,6G03N02438,N,TEPSLB20E227M(15)8R,NEO B2 CAPACITOR,6/20/2026 17:51,6/24/2026 19:08,7/9/2026 5:49,14.4,7/3/2026 0:00,11620,1620,10000
NEO,PSL B2,DummyEnd,Ta NEO Capacitor PSL series B2 case,6G03N02439,N,TEPSLB20E227M(15)8R,NEO B2 CAPACITOR,6/20/2026 17:51,6/24/2026 19:04,7/8/2026 7:33,13.5,7/3/2026 0:00,11664,1664,10000
NEO,PSL B2,DummyEnd,Ta NEO Capacitor PSL series B2 case,6G03N02440,N,TEPSLB20E227M(15)8R,NEO B2 CAPACITOR,6/20/2026 17:51,6/24/2026 21:18,7/7/2026 19:45,12.9,7/3/2026 0:00,11664,1664,10000
NEO,PSL B2,DummyEnd,Ta NEO Capacitor PSL series B2 case,6G03N02441,N,TEPSLB20E227M(15)8R,NEO B2 CAPACITOR,6/20/2026 17:51,6/25/2026 0:55,7/8/2026 7:31,13.3,7/3/2026 0:00,11655,1655,10000
NEO,PSL B2,DummyEnd,Ta NEO Capacitor PSL series B2 case,6G03N02442,N,TEPSLB20E227M(15)8R,NEO B2 CAPACITOR,6/20/2026 17:51,6/25/2026 18:35,7/8/2026 4:55,12.4,7/3/2026 0:00,11664,1664,10000
NEO,PSL B2,DummyEnd,Ta NEO Capacitor PSL series B2 case,6G03N02443,N,TEPSLB20E227M(15)8R,NEO B2 CAPACITOR,6/20/2026 17:51,6/25/2026 18:35,7/7/2026 8:13,11.6,7/3/2026 0:00,11664,1992,10000
NEO,PSL B2,DummyEnd,Ta NEO Capacitor PSL series B2 case,6G03N02444,N,TEPSLB20E227M(15)8R,NEO B2 CAPACITOR,6/20/2026 17:51,6/25/2026 18:35,7/10/2026 19:14,15,7/3/2026 0:00,11612,1612,10000
NEO,PSL B2,DummyEnd,Ta NEO Capacitor PSL series B2 case,6G03N02445,N,TEPSLB20E227M(15)8R,NEO B2 CAPACITOR,6/20/2026 17:51,6/25/2026 14:38,7/7/2026 22:54,12.3,7/3/2026 0:00,11664,1664,10000
NEO,PSL B2,DummyEnd,Ta NEO Capacitor PSL series B2 case,6G03N02446,N,TEPSLB20E227M(15)8R,NEO B2 CAPACITOR,6/20/2026 17:51,6/25/2026 14:07,7/7/2026 4:55,11.6,7/3/2026 0:00,11664,1664,10000
NEO,PSL B2,DummyEnd,Ta NEO Capacitor PSL series B2 case,6G03N02447,N,TEPSLB20E227M(15)8R,NEO B2 CAPACITOR,6/20/2026 17:51,6/25/2026 14:08,7/7/2026 22:35,12.3,7/3/2026 0:00,11649,1649,10000
NEO,PSL B2,DummyEnd,Ta NEO Capacitor PSL series B2 case,6G03N02448,N,TEPSLB20E227M(15)8R,NEO B2 CAPACITOR,6/20/2026 17:51,6/28/2026 9:44,7/11/2026 3:44,12.8,7/3/2026 0:00,11664,779,12000
NEO,PSL B2,DummyEnd,Ta NEO Capacitor PSL series B2 case,6G03N02449,N,TEPSLB20E227M(15)8R,NEO B2 CAPACITOR,6/20/2026 17:52,6/28/2026 9:45,7/11/2026 19:24,13.4,7/3/2026 0:00,11664,1664,10000
NEO,PSL B2,DummyEnd,Ta NEO Capacitor PSL series B2 case,6G03N02450,N,TEPSLB20E227M(15)8R,NEO B2 CAPACITOR,6/20/2026 17:52,6/28/2026 9:45,7/11/2026 10:39,13,7/3/2026 0:00,11664,1664,10000
NEO,PSL B2,DummyEnd,Ta NEO Capacitor PSL series B2 case,6G03N02451,N,TEPSLB20E227M(35)8R,NEO B2 CAPACITOR,6/20/2026 17:52,6/26/2026 10:43,7/8/2026 9:34,12,7/3/2026 0:00,11664,1664,10000
NEO,PSL B2,DummyEnd,Ta NEO Capacitor PSL series B2 case,6G03N02452,N,TEPSLB20E227M(35)8R,NEO B2 CAPACITOR,6/20/2026 17:52,6/26/2026 19:00,7/11/2026 23:16,15.2,7/3/2026 0:00,11664,2019,10000
NEO,PSL B2,DummyEnd,Ta NEO Capacitor PSL series B2 case,6G03N02453,N,TEPSLB20E227M(35)8R,NEO B2 CAPACITOR,6/20/2026 17:52,6/26/2026 19:01,7/11/2026 3:31,14.3,7/3/2026 0:00,11664,819,12000
NEO,PSL B2,DummyEnd,Ta NEO Capacitor PSL series B2 case,6G03N02454,N,TEPSLB20E227M(35)8R,NEO B2 CAPACITOR,6/20/2026 17:52,6/25/2026 20:46,7/10/2026 21:37,15,7/3/2026 0:00,11664,1664,10000
NEO,PSL B2,DummyEnd,Ta NEO Capacitor PSL series B2 case,6G03N02455,N,TEPSLB20E227M(35)8R,NEO B2 CAPACITOR,6/20/2026 17:52,6/25/2026 20:46,7/8/2026 19:30,13,7/3/2026 0:00,11664,2830,10000
NEO,PSL B2,DummyEnd,Ta NEO Capacitor PSL series B2 case,6G03N02456,N,TEPSLB20E227M(35)8R,NEO B2 CAPACITOR,6/20/2026 17:52,6/25/2026 20:46,7/8/2026 9:36,12.5,7/3/2026 0:00,11664,1664,10000
NEO,PSL B2,DummyEnd,Ta NEO Capacitor PSL series B2 case,6G03N02457,N,TEPSLB20J227M(25)8R,NEO B2 CAPACITOR,6/20/2026 17:52,6/27/2026 17:25,7/10/2026 10:40,12.7,7/3/2026 0:00,11664,1547,12000
NEO,PSL B2,DummyEnd,Ta NEO Capacitor PSL series B2 case,6G03N02458,N,TEPSLB20J227M(25)8R,NEO B2 CAPACITOR,6/20/2026 17:52,6/27/2026 17:52,7/10/2026 7:48,12.6,7/3/2026 0:00,11664,2172,10000
NEO,PSL B2,DummyEnd,Ta NEO Capacitor PSL series B2 case,6G03N02459,N,TEPSLB20J227M(25)8R,NEO B2 CAPACITOR,6/20/2026 17:53,6/27/2026 17:53,7/11/2026 4:37,13.5,7/3/2026 0:00,11586,3586,8000
NEO,PSL B2,DummyEnd,Ta NEO Capacitor PSL series B2 case,6G03N02460,N,TEPSLB20J227M(25)8R,NEO B2 CAPACITOR,6/20/2026 17:53,6/25/2026 8:22,7/10/2026 7:39,15,7/3/2026 0:00,11664,2501,10000
NEO,PSL B2,DummyEnd,Ta NEO Capacitor PSL series B2 case,6G03N02462,N,TEPSLB20J227M(25)8R,NEO B2 CAPACITOR,6/20/2026 17:53,6/25/2026 10:24,7/10/2026 10:42,15,7/3/2026 0:00,11664,2977,10000
NEO,PSL B2,DummyEnd,Ta NEO Capacitor PSL series B2 case,6G03N02464,N,TEPSLB20J227M258RKT2,NEO B2 CAPACITOR,6/20/2026 17:55,6/26/2026 19:21,7/9/2026 5:56,12.4,7/3/2026 0:00,11664,1492,12000
NEO,PSL B2,DummyEnd,Ta NEO Capacitor PSL series B2 case,6G03N02465,N,TEPSLB20J227M258RKT2,NEO B2 CAPACITOR,6/20/2026 17:55,6/26/2026 19:00,7/10/2026 20:41,14,7/3/2026 0:00,11569,1529,12000
NEO,PSL B2,DummyEnd,Ta NEO Capacitor PSL series B2 case,6G03N02466,N,TEPSLB20J227M258RKT2,NEO B2 CAPACITOR,6/20/2026 17:55,6/26/2026 12:49,7/10/2026 19:44,14.3,7/3/2026 0:00,11664,1807,10000
NEO,PSL B2,DummyEnd,Ta NEO Capacitor PSL series B2 case,6G03N02467,N,TEPSLB20J227M258RKT2,NEO B2 CAPACITOR,6/20/2026 17:55,6/26/2026 14:01,7/11/2026 5:24,14.6,7/3/2026 0:00,11664,1664,10000
NEO,PSL B2,DummyEnd,Ta NEO Capacitor PSL series B2 case,6G03N02468,N,TEPSLB20J227M258RKT2,NEO B2 CAPACITOR,6/20/2026 17:55,6/26/2026 14:39,7/10/2026 4:58,13.6,7/3/2026 0:00,11603,1603,10000
NEO,PSL B2,DummyEnd,Ta NEO Capacitor PSL series B2 case,6G03N02469,N,TEPSLB20J227M258RKT2,NEO B2 CAPACITOR,6/20/2026 17:55,6/24/2026 19:59,7/10/2026 18:54,16,7/3/2026 0:00,11664,766,12000
NEO,PSL B2,DummyEnd,Ta NEO Capacitor PSL series B2 case,6G03N02470,N,TEPSLB20J227M258RKT2,NEO B2 CAPACITOR,6/20/2026 17:55,6/24/2026 21:34,7/10/2026 18:58,15.9,7/3/2026 0:00,11664,1664,10000
NEO,PSL B2,DummyEnd,Ta NEO Capacitor PSL series B2 case,6G03N02471,N,TEPSLB20J227M258RKT2,NEO B2 CAPACITOR,6/20/2026 17:56,6/25/2026 0:56,7/9/2026 22:57,14.9,7/3/2026 0:00,11620,1931,10000
NEO,PSL B2,DummyEnd,Ta NEO Capacitor PSL series B2 case,6G03N02474,N,TEPSLB20J337M(45)8RFL,NEO B2 CAPACITOR,6/20/2026 17:56,6/27/2026 2:53,7/9/2026 3:32,12,7/3/2026 0:00,11664,1664,10000
NEO,PSL B2,DummyEnd,Ta NEO Capacitor PSL series B2 case,6G03N02475,N,TEPSLB20J337M(45)8RFL,NEO B2 CAPACITOR,6/20/2026 17:56,6/27/2026 2:53,7/8/2026 22:35,11.8,7/3/2026 0:00,11664,1664,10000
NEO,PSL B2,DummyEnd,Ta NEO Capacitor PSL series B2 case,6G03N02476,N,TEPSLB20J337M(45)8RFL,NEO B2 CAPACITOR,6/20/2026 17:56,7/2/2026 1:34,7/16/2026 20:28,14.8,7/3/2026 0:00,11664,1664,10000
NEO,PSL B2,DummyEnd,Ta NEO Capacitor PSL series B2 case,6G03N02477,N,TEPSLB20J337M(45)8RFL,NEO B2 CAPACITOR,6/20/2026 17:56,7/2/2026 1:38,7/16/2026 21:30,14.8,7/3/2026 0:00,11664,3664,8000
NEO,PSL B2,DummyEnd,Ta NEO Capacitor PSL series B2 case,6G03N02478,N,TEPSLB20J337M(45)8RFL,NEO B2 CAPACITOR,6/20/2026 17:56,6/23/2026 21:23,7/11/2026 6:43,17.4,7/3/2026 0:00,11664,3467,10000
NEO,PSL B2,DummyEnd,Ta NEO Capacitor PSL series B2 case,6G03N02479,N,TEPSLB20J337M(45)8RFL,NEO B2 CAPACITOR,6/20/2026 17:56,6/23/2026 23:53,7/8/2026 22:37,15,7/3/2026 0:00,11664,2929,10000
NEO,PSL B2,DummyEnd,Ta NEO Capacitor PSL series B2 case,6G03N02480,N,TEPSLB20J337M(45)8RFL,NEO B2 CAPACITOR,6/20/2026 17:56,6/23/2026 20:04,7/8/2026 7:32,14.5,7/3/2026 0:00,11664,856,12000
NEO,PSL B2,DummyEnd,Ta NEO Capacitor PSL series B2 case,6G03N02481,N,TEPSLB20J337M(45)8RFL,NEO B2 CAPACITOR,6/20/2026 17:57,6/23/2026 20:36,7/13/2026 9:40,19.5,7/3/2026 0:00,11664,3634,10000
NEO,PSL B2,DummyEnd,Ta NEO Capacitor PSL series B2 case,6G03N02482,N,TEPSLB20J337M(45)8RFL,NEO B2 CAPACITOR,6/20/2026 17:57,6/26/2026 22:33,7/8/2026 22:35,12,7/3/2026 0:00,11664,1667,10000
NEO,PSL B2,DummyEnd,Ta NEO Capacitor PSL series B2 case,6G03N02483,N,TEPSLB20J337M(45)8RFL,NEO B2 CAPACITOR,6/20/2026 17:57,6/27/2026 1:02,7/9/2026 9:56,12.3,7/3/2026 0:00,11664,1664,10000
NEO,PSL B2,DummyEnd,Ta NEO Capacitor PSL series B2 case,6G03N02484,N,TEPSLB20J337M(45)8RFL,NEO B2 CAPACITOR,6/20/2026 17:57,6/26/2026 18:27,7/11/2026 6:45,14.5,7/3/2026 0:00,11664,3664,8000
NEO,PSL B2,DummyEnd,Ta NEO Capacitor PSL series B2 case,6G03N02485,N,TEPSLB20J337M(45)8RFL,NEO B2 CAPACITOR,6/20/2026 17:57,6/26/2026 19:07,7/14/2026 6:29,17.5,7/3/2026 0:00,11664,1664,10000
NEO,PSL B2,DummyEnd,Ta NEO Capacitor PSL series B2 case,6G03N02486,N,TEPSLB20J337M(45)8RFL,NEO B2 CAPACITOR,6/20/2026 17:57,7/2/2026 3:54,7/16/2026 18:36,14.6,7/3/2026 0:00,11664,3664,8000
NEO,PSL B2,DummyEnd,Ta NEO Capacitor PSL series B2 case,6G03N02488,N,TEPSLB20J337M(45)8RFL,NEO B2 CAPACITOR,6/20/2026 17:57,6/23/2026 23:53,7/6/2026 4:54,12.2,7/3/2026 0:00,11664,1664,10000
NEO,PSL B2,DummyEnd,Ta NEO Capacitor PSL series B2 case,6G03N02489,N,TEPSLB20J337M(45)8RFL,NEO B2 CAPACITOR,6/20/2026 17:57,6/24/2026 8:28,7/8/2026 3:48,13.8,7/3/2026 0:00,11576,1576,10000
NEO,PSL B2,DummyEnd,Ta NEO Capacitor PSL series B2 case,6G03N02490,N,TEPSLB20J337M(45)8RFL,NEO B2 CAPACITOR,6/20/2026 17:57,6/24/2026 4:43,7/7/2026 5:49,13,7/3/2026 0:00,11664,1664,10000
NEO,PSL B2,DummyEnd,Ta NEO Capacitor PSL series B2 case,6G03N02491,N,TEPSLB20J337M(45)8RFL,NEO B2 CAPACITOR,6/20/2026 17:57,6/24/2026 4:42,7/8/2026 7:35,14.1,7/3/2026 0:00,11664,1664,10000
NEO,PSL B2,DummyEnd,Ta NEO Capacitor PSL series B2 case,6G03N02492,N,TEPSLB20J337M(45)8RFL,NEO B2 CAPACITOR,6/20/2026 17:58,6/27/2026 7:30,7/9/2026 4:43,11.9,7/3/2026 0:00,11664,2128,10000
NEO,PSL B2,DummyEnd,Ta NEO Capacitor PSL series B2 case,6G03N02493,N,TEPSLB20J337M(45)8RFL,NEO B2 CAPACITOR,6/20/2026 17:58,6/27/2026 9:14,7/9/2026 6:29,11.9,7/3/2026 0:00,11504,1504,10000
NEO,PSL B2,DummyEnd,Ta NEO Capacitor PSL series B2 case,6G03N02494,N,TEPSLB20J337M(45)8RFL,NEO B2 CAPACITOR,6/20/2026 17:58,6/25/2026 14:53,7/6/2026 9:49,10.8,7/3/2026 0:00,11664,1664,10000
NEO,PSL B2,DummyEnd,Ta NEO Capacitor PSL series B2 case,6G03N02495,N,TEPSLB20J337M(45)8RFL,NEO B2 CAPACITOR,6/20/2026 17:58,6/25/2026 14:28,7/9/2026 4:45,13.6,7/3/2026 0:00,11664,1664,10000
NEO,PSL B2,DummyEnd,Ta NEO Capacitor PSL series B2 case,6G03N02496,N,TEPSLB20J337M(45)8RFL,NEO B2 CAPACITOR,6/20/2026 17:58,6/24/2026 15:55,7/8/2026 22:43,14.3,7/3/2026 0:00,11664,1645,12000
NEO,PSL B2,DummyEnd,Ta NEO Capacitor PSL series B2 case,6G03N02497,N,TEPSLB20J337M(45)8RFL,NEO B2 CAPACITOR,6/20/2026 17:58,6/24/2026 15:45,7/8/2026 19:36,14.2,7/3/2026 0:00,11664,2270,10000
NEO,PSL B2,DummyEnd,Ta NEO Capacitor PSL series B2 case,6G03N02498,N,TEPSLB20J337M(45)8RFL,NEO B2 CAPACITOR,6/20/2026 17:58,6/23/2026 16:26,7/13/2026 9:39,19.7,7/3/2026 0:00,11664,3664,8000
NEO,PSL B2,DummyEnd,Ta NEO Capacitor PSL series B2 case,6G03N02499,N,TEPSLB20J337M(45)8RFL,NEO B2 CAPACITOR,6/20/2026 17:58,6/23/2026 18:52,7/8/2026 11:23,14.7,7/3/2026 0:00,11664,3664,8000
NEO,PSL B2,DummyEnd,Ta NEO Capacitor PSL series B2 case,6G03N02500,N,TEPSLB20J337M(45)8RFL,NEO B2 CAPACITOR,6/20/2026 17:58,6/25/2026 17:33,7/9/2026 9:53,13.7,7/3/2026 0:00,11664,5664,6000
NEO,PSL B2,DummyEnd,Ta NEO Capacitor PSL series B2 case,6G03N02501,N,TEPSLB20J337M(45)8RFL,NEO B2 CAPACITOR,6/20/2026 17:58,6/25/2026 17:33,7/12/2026 20:30,17.1,7/3/2026 0:00,11664,1664,10000
NEO,PSL B2,DummyEnd,Ta NEO Capacitor PSL series B2 case,6G03N02502,N,TEPSLB21E226M8R,NEO B2 CAPACITOR,6/20/2026 17:58,6/22/2026 1:18,7/2/2026 13:22,10.5,7/3/2026 0:00,11654,1654,10000
NEO,PSL B2,DummyEnd,Ta NEO Capacitor PSL series B2 case,6G03N02503,N,TEPSLB21E226M8R,NEO B2 CAPACITOR,6/20/2026 17:58,6/22/2026 3:14,7/2/2026 13:41,10.4,7/3/2026 0:00,11664,758,12000
NEO,PSL B2,DummyEnd,Ta NEO Capacitor PSL series B2 case,6G03N02504,N,TEPSLB21E226M8R,NEO B2 CAPACITOR,6/20/2026 17:59,6/24/2026 23:11,7/4/2026 6:03,9.3,7/3/2026 0:00,11664,1664,10000
NEO,PSL B2,DummyEnd,Ta NEO Capacitor PSL series B2 case,6G03N02505,N,TEPSLB21E226M8R,NEO B2 CAPACITOR,6/20/2026 17:59,6/25/2026 0:28,7/2/2026 13:25,7.5,7/3/2026 0:00,11664,1664,10000
NEO,PSL B2,DummyEnd,Ta NEO Capacitor PSL series B2 case,6G03N02506,N,TEPSLB21E226M8R,NEO B2 CAPACITOR,6/20/2026 17:59,6/22/2026 7:16,7/2/2026 6:51,10,7/3/2026 0:00,11626,1626,10000
NEO,PSL B2,DummyEnd,Ta NEO Capacitor PSL series B2 case,6G03N02507,N,TEPSLB21E226M8R,NEO B2 CAPACITOR,6/20/2026 17:59,6/28/2026 2:56,7/6/2026 4:53,8.1,7/3/2026 0:00,11654,1654,10000
NEO,PSL B2,DummyEnd,Ta NEO Capacitor PSL series B2 case,6G03N02508,N,TEPSLB21E226M8R,NEO B2 CAPACITOR,6/20/2026 17:59,6/22/2026 1:18,7/3/2026 4:28,11.1,7/3/2026 0:00,11657,1657,10000
NEO,PSL B2,DummyEnd,Ta NEO Capacitor PSL series B2 case,6G03N02509,N,TEPSLB21E226M8R,NEO B2 CAPACITOR,6/20/2026 17:59,6/22/2026 2:52,7/2/2026 13:49,10.5,7/3/2026 0:00,11472,1472,10000
NEO,PSL B2,DummyEnd,Ta NEO Capacitor PSL series B2 case,6G03N02510,N,TEPSLB21E226M8R,NEO B2 CAPACITOR,6/20/2026 17:59,6/22/2026 7:16,7/1/2026 13:02,9.3,7/3/2026 0:00,11616,1616,10000
NEO,PSL B2,DummyEnd,Ta NEO Capacitor PSL series B2 case,6G03N02554,N,TEPSLB21E226M8RLG,NEO B2 CAPACITOR,6/21/2026 15:51,6/26/2026 3:26,7/4/2026 14:59,8.5,7/3/2026 0:00,11651,1651,10000
NEO,PSL B2,DummyEnd,Ta NEO Capacitor PSL series B2 case,6G03N02555,N,TEPSLB21E226M8RLG,NEO B2 CAPACITOR,6/21/2026 15:51,6/25/2026 14:13,7/4/2026 6:02,8.7,7/3/2026 0:00,11621,1621,10000
NEO,PSL B2,DummyEnd,Ta NEO Capacitor PSL series B2 case,6G03N02556,N,TEPSLB21E226M8RLG,NEO B2 CAPACITOR,6/21/2026 15:51,6/26/2026 3:26,7/7/2026 2:57,11,7/3/2026 0:00,11664,2779,10000
NEO,PSL B2,DummyEnd,Ta NEO Capacitor PSL series B2 case,6G03N02557,N,TEPSLB21E226M8RLG,NEO B2 CAPACITOR,6/21/2026 15:51,7/5/2026 6:18,7/16/2026 18:33,11.5,7/3/2026 0:00,11427,1427,10000
NEO,PSL B2,DummyEnd,Ta NEO Capacitor PSL series B2 case,6G03N02558,N,TEPSLB21E226M8RLG,NEO B2 CAPACITOR,6/21/2026 15:51,6/26/2026 8:56,7/5/2026 19:53,9.5,7/3/2026 0:00,11664,1664,10000
NEO,PSL B2,DummyEnd,Ta NEO Capacitor PSL series B2 case,6G03N02559,N,TEPSLB21E226M8RLG,NEO B2 CAPACITOR,6/21/2026 15:51,6/26/2026 12:49,7/4/2026 9:35,7.9,7/3/2026 0:00,11664,1664,10000
NEO,PSL B2,DummyEnd,Ta NEO Capacitor PSL series B2 case,6G03N02560,N,TEPSLB21E226M8R,NEO B2 CAPACITOR,6/21/2026 15:52,6/27/2026 14:36,7/6/2026 2:39,8.5,7/3/2026 0:00,11476,1476,10000
NEO,PSL B2,DummyEnd,Ta NEO Capacitor PSL series B2 case,6G03N02561,N,TEPSLB21E226M8R,NEO B2 CAPACITOR,6/21/2026 15:52,6/28/2026 3:53,7/5/2026 22:28,7.8,7/3/2026 0:00,11632,1632,10000
NEO,PSL B2,DummyEnd,Ta NEO Capacitor PSL series B2 case,6G03N02562,N,TEPSLB21E226M8R,NEO B2 CAPACITOR,6/21/2026 15:52,6/27/2026 10:03,7/6/2026 5:05,8.8,7/3/2026 0:00,11664,1664,10000
NEO,PSL B2,DummyEnd,Ta NEO Capacitor PSL series B2 case,6G03N02563,N,TEPSLB21E226M8R,NEO B2 CAPACITOR,6/21/2026 15:52,7/5/2026 5:14,7/13/2026 23:22,8.8,7/3/2026 0:00,11664,1664,10000
NEO,PSL B2,DummyEnd,Ta NEO Capacitor PSL series B2 case,6G03N02564,N,TEPSLB21E226M8R,NEO B2 CAPACITOR,6/21/2026 15:52,6/26/2026 6:05,7/4/2026 9:27,8.1,7/3/2026 0:00,11634,1634,10000
NEO,PSL B2,DummyEnd,Ta NEO Capacitor PSL series B2 case,6G03N02565,N,TEPSLB21E226M8R,NEO B2 CAPACITOR,6/21/2026 15:52,6/27/2026 8:03,7/7/2026 5:52,9.9,7/3/2026 0:00,11664,1664,10000
NEO,PSL B2,DummyEnd,Ta NEO Capacitor PSL series B2 case,6G03N02566,N,TEPSLB21E226M8R,NEO B2 CAPACITOR,6/21/2026 15:52,7/5/2026 5:15,7/13/2026 15:54,8.4,7/3/2026 0:00,11664,1664,10000
NEO,PSL B2,DummyEnd,Ta NEO Capacitor PSL series B2 case,6G03N02567,N,TEPSLB21E226M8R,NEO B2 CAPACITOR,6/21/2026 15:52,7/9/2026 14:23,7/17/2026 17:24,8.1,7/3/2026 0:00,11664,1664,10000
NEO,PSL B2,DummyEnd,Ta NEO Capacitor PSL series B2 case,6G04N01788,N,TEPSLB20J157M18CPF8R,NEO B2 CAPACITOR,6/20/2026 16:38,6/25/2026 3:50,7/9/2026 19:20,14.7,7/4/2026 0:00,11664,2218,10000
NEO,PSL B2,DummyEnd,Ta NEO Capacitor PSL series B2 case,6G04N01789,N,TEPSLB20J157M18CPF8R,NEO B2 CAPACITOR,6/20/2026 16:38,6/25/2026 3:49,7/11/2026 15:48,16.5,7/4/2026 0:00,11664,1544,12000
NEO,PSL B2,DummyEnd,Ta NEO Capacitor PSL series B2 case,6G04N01790,N,TEPSLB20J157M18CPF8R,NEO B2 CAPACITOR,6/20/2026 16:38,6/25/2026 3:49,7/12/2026 11:14,17.3,7/4/2026 0:00,11664,2663,10000
NEO,PSL B2,DummyEnd,Ta NEO Capacitor PSL series B2 case,6G04N01791,N,TEPSLB20J157M18CPF8R,NEO B2 CAPACITOR,6/20/2026 16:38,6/25/2026 0:26,7/8/2026 20:07,13.8,7/4/2026 0:00,11664,1664,10000
NEO,PSL B2,DummyEnd,Ta NEO Capacitor PSL series B2 case,6G04N01792,N,TEPSLB20J157M18CPF8R,NEO B2 CAPACITOR,6/20/2026 16:38,6/24/2026 23:10,7/7/2026 20:06,12.9,7/4/2026 0:00,11664,927,12000
NEO,PSL B2,DummyEnd,Ta NEO Capacitor PSL series B2 case,6G04N01794,N,TEPSLB20J157M18CPF8R,NEO B2 CAPACITOR,6/20/2026 16:39,6/25/2026 10:36,7/9/2026 18:56,14.3,7/4/2026 0:00,11664,1574,12000
NEO,PSL B2,DummyEnd,Ta NEO Capacitor PSL series B2 case,6G04N01795,N,TEPSLB20J157M18CPF8R,NEO B2 CAPACITOR,6/20/2026 16:39,6/25/2026 13:35,7/9/2026 9:56,13.8,7/4/2026 0:00,11664,1664,10000
NEO,PSL B2,DummyEnd,Ta NEO Capacitor PSL series B2 case,6G04N01796,N,TEPSLB20J157M18CPF8R,NEO B2 CAPACITOR,6/20/2026 16:39,6/25/2026 14:05,7/13/2026 9:42,17.8,7/4/2026 0:00,11664,1888,10000
NEO,PSL B2,DummyEnd,Ta NEO Capacitor PSL series B2 case,6G04N01797,N,TEPSLB20J157M18CPF8R,NEO B2 CAPACITOR,6/20/2026 16:39,6/26/2026 19:40,7/14/2026 5:36,17.4,7/4/2026 0:00,11664,908,12000
NEO,PSL B2,DummyEnd,Ta NEO Capacitor PSL series B2 case,6G04N01798,N,TEPSLB20J157M18CPF8R,NEO B2 CAPACITOR,6/20/2026 16:39,6/26/2026 19:41,7/12/2026 16:43,15.9,7/4/2026 0:00,11664,1664,10000
NEO,PSL B2,DummyEnd,Ta NEO Capacitor PSL series B2 case,6G04N01799,N,TEPSLB20J157M18CPF8R,NEO B2 CAPACITOR,6/20/2026 16:39,6/26/2026 19:41,7/13/2026 16:41,16.9,7/4/2026 0:00,11664,1664,10000
NEO,PSL B2,DummyEnd,Ta NEO Capacitor PSL series B2 case,6G04N01800,N,TEPSLB20J157M18CPF8R,NEO B2 CAPACITOR,6/20/2026 16:39,6/25/2026 3:49,7/9/2026 19:26,14.7,7/4/2026 0:00,11664,1664,10000
NEO,PSL B2,DummyEnd,Ta NEO Capacitor PSL series B2 case,6G04N01801,N,TEPSLB20J157M18CPF8R,NEO B2 CAPACITOR,6/20/2026 16:39,6/25/2026 3:49,7/9/2026 6:26,14.1,7/4/2026 0:00,11664,1148,12000
NEO,PSL B2,DummyEnd,Ta NEO Capacitor PSL series B2 case,6G04N01802,N,TEPSLB20J157M18CPF8R,NEO B2 CAPACITOR,6/20/2026 16:39,6/25/2026 3:48,7/9/2026 23:16,14.8,7/4/2026 0:00,11664,2344,10000
NEO,PSL B2,DummyEnd,Ta NEO Capacitor PSL series B2 case,6G04N01803,N,TEPSLB20J157M18CPF8R,NEO B2 CAPACITOR,6/20/2026 16:39,6/26/2026 22:39,7/13/2026 23:18,17,7/4/2026 0:00,11664,1597,12000
NEO,PSL B2,DummyEnd,Ta NEO Capacitor PSL series B2 case,6G04N01804,N,TEPSLB20J157M18CPF8R,NEO B2 CAPACITOR,6/20/2026 16:39,6/27/2026 1:30,7/12/2026 11:12,15.4,7/4/2026 0:00,11664,1664,10000
NEO,PSL B2,DummyEnd,Ta NEO Capacitor PSL series B2 case,6G04N01805,N,TEPSLB20J157M18CPF8R,NEO B2 CAPACITOR,6/20/2026 16:40,6/27/2026 2:39,7/13/2026 6:03,16.2,7/4/2026 0:00,11664,832,12000
NEO,PSL B2,DummyEnd,Ta NEO Capacitor PSL series B2 case,6G04N01807,N,TEPSLB20J157M18CPF8R,NEO B2 CAPACITOR,6/20/2026 16:40,6/24/2026 14:31,7/10/2026 4:53,15.6,7/4/2026 0:00,11664,1664,10000
NEO,PSL B2,DummyEnd,Ta NEO Capacitor PSL series B2 case,6G04N01808,N,TEPSLB20J157M18CPF8R,NEO B2 CAPACITOR,6/20/2026 16:40,6/24/2026 15:53,7/5/2026 2:39,10.5,7/4/2026 0:00,11104,1104,10000
NEO,PSL B2,DummyEnd,Ta NEO Capacitor PSL series B2 case,6G04N01809,N,TEPSLB20J157M18CPF8R,NEO B2 CAPACITOR,6/20/2026 16:40,6/23/2026 5:36,7/7/2026 8:45,14.1,7/4/2026 0:00,11664,2151,10000
NEO,PSL B2,DummyEnd,Ta NEO Capacitor PSL series B2 case,6G04N01810,N,TEPSLB20J157M18CPF8R,NEO B2 CAPACITOR,6/20/2026 16:40,6/23/2026 5:36,7/5/2026 2:45,11.9,7/4/2026 0:00,11664,1664,10000
NEO,PSL B2,DummyEnd,Ta NEO Capacitor PSL series B2 case,6G04N01811,N,TEPSLB20J157M18CPF8R,NEO B2 CAPACITOR,6/20/2026 16:40,6/23/2026 5:19,7/7/2026 8:25,14.1,7/4/2026 0:00,11659,1196,12000
NEO,PSL B2,DummyEnd,Ta NEO Capacitor PSL series B2 case,6G04N01812,N,TEPSLB20J157M18CPF8R,NEO B2 CAPACITOR,6/20/2026 16:40,6/24/2026 17:46,7/6/2026 20:34,12.1,7/4/2026 0:00,11664,1716,10000
NEO,PSL B2,DummyEnd,Ta NEO Capacitor PSL series B2 case,6G04N01813,N,TEPSLB20J157M18CPF8R,NEO B2 CAPACITOR,6/20/2026 16:40,6/24/2026 19:33,7/7/2026 2:57,12.3,7/4/2026 0:00,11664,1664,10000
NEO,PSL B2,DummyEnd,Ta NEO Capacitor PSL series B2 case,6G04N01814,N,TEPSLB20J157M18CPF8R,NEO B2 CAPACITOR,6/20/2026 16:40,6/24/2026 20:49,7/7/2026 19:10,13,7/4/2026 0:00,11495,1179,12000
NEO,PSL B2,DummyEnd,Ta NEO Capacitor PSL series B2 case,6G04N03052,N,TEPSLB20J157M18HF8R,NEO B2 CAPACITOR,6/22/2026 8:53,6/25/2026 20:17,7/7/2026 4:43,11.3,7/4/2026 0:00,11664,1817,10000
NEO,PSL B2,DummyEnd,Ta NEO Capacitor PSL series B2 case,6G04N03053,N,TEPSLB20J157M18HF8R,NEO B2 CAPACITOR,6/22/2026 8:53,6/25/2026 20:43,7/7/2026 8:30,11.5,7/4/2026 0:00,11664,1664,10000
NEO,PSL B2,DummyEnd,Ta NEO Capacitor PSL series B2 case,6G04N03054,N,TEPSLB20J157M18HF8R,NEO B2 CAPACITOR,6/22/2026 8:53,6/25/2026 20:43,7/7/2026 4:46,11.3,7/4/2026 0:00,11664,1664,10000
NEO,PSL B2,DummyEnd,Ta NEO Capacitor PSL series B2 case,6G04N03055,N,TEPSLB20J157M18HF8R,NEO B2 CAPACITOR,6/22/2026 8:53,6/26/2026 14:54,7/7/2026 21:02,11.3,7/4/2026 0:00,11664,977,12000
NEO,PSL B2,DummyEnd,Ta NEO Capacitor PSL series B2 case,6G04N03056,N,TEPSLB20J157M18HF8R,NEO B2 CAPACITOR,6/22/2026 8:54,6/26/2026 14:45,7/6/2026 4:55,9.6,7/4/2026 0:00,11664,1664,10000
NEO,PSL B2,DummyEnd,Ta NEO Capacitor PSL series B2 case,6G04N03057,N,TEPSLB20J157M18HF8R,NEO B2 CAPACITOR,6/22/2026 8:54,6/26/2026 14:45,7/7/2026 9:40,10.8,7/4/2026 0:00,10619,619,10000
NEO,PSL B2,DummyEnd,Ta NEO Capacitor PSL series B2 case,6G04N03058,N,TEPSLB20J157M18HF8R,NEO B2 CAPACITOR,6/22/2026 8:54,6/25/2026 3:45,7/6/2026 8:45,11.2,7/4/2026 0:00,11664,1664,10000
NEO,PSL B2,DummyEnd,Ta NEO Capacitor PSL series B2 case,6G04N03059,N,TEPSLB20J157M18HF8R,NEO B2 CAPACITOR,6/22/2026 8:54,6/25/2026 3:45,7/4/2026 7:54,9.2,7/4/2026 0:00,11664,1664,10000
NEO,PSL B2,DummyEnd,Ta NEO Capacitor PSL series B2 case,6G04N03060,N,TEPSLB20J157M18HF8R,NEO B2 CAPACITOR,6/22/2026 8:54,6/25/2026 3:45,7/7/2026 21:01,12.8,7/4/2026 0:00,11074,1074,10000
NEO,PSL B2,DummyEnd,Ta NEO Capacitor PSL series B2 case,6G04N03061,N,TEPSLB20J157M18HF8R,NEO B2 CAPACITOR,6/22/2026 8:54,6/29/2026 12:57,7/10/2026 2:56,10.6,7/4/2026 0:00,11664,1675,10000
NEO,PSL B2,DummyEnd,Ta NEO Capacitor PSL series B2 case,6G04N03062,N,TEPSLB20J157M18HF8R,NEO B2 CAPACITOR,6/22/2026 8:54,6/29/2026 11:33,7/9/2026 6:29,9.8,7/4/2026 0:00,11664,1540,12000
NEO,PSL B2,DummyEnd,Ta NEO Capacitor PSL series B2 case,6G04N03063,N,TEPSLB20J157M18HF8R,NEO B2 CAPACITOR,6/22/2026 8:54,6/29/2026 11:33,7/10/2026 19:42,11.3,7/4/2026 0:00,11664,1013,12000
NEO,PSL B2,DummyEnd,Ta NEO Capacitor PSL series B2 case,6G04N03064,N,TEPSLB20J157M18HF8R,NEO B2 CAPACITOR,6/22/2026 8:54,6/25/2026 15:28,7/7/2026 21:02,12.3,7/4/2026 0:00,11664,1680,10000
NEO,PSL B2,DummyEnd,Ta NEO Capacitor PSL series B2 case,6G04N03065,N,TEPSLB20J157M18HF8R,NEO B2 CAPACITOR,6/22/2026 8:54,6/25/2026 15:28,7/6/2026 16:29,11,7/4/2026 0:00,11664,2195,10000
NEO,PSL B2,DummyEnd,Ta NEO Capacitor PSL series B2 case,6G04N03066,N,TEPSLB20J157M18HF8R,NEO B2 CAPACITOR,6/22/2026 8:54,6/25/2026 15:28,7/7/2026 20:56,12.2,7/4/2026 0:00,11604,1332,12000
NEO,PSL B2,DummyEnd,Ta NEO Capacitor PSL series B2 case,6G04N03067,N,TEPSLB20J157M18HF8R,NEO B2 CAPACITOR,6/22/2026 8:55,6/26/2026 14:33,7/8/2026 7:30,11.7,7/4/2026 0:00,11664,894,12000
NEO,PSL B2,DummyEnd,Ta NEO Capacitor PSL series B2 case,6G04N03068,N,TEPSLB20J157M18HF8R,NEO B2 CAPACITOR,6/22/2026 8:55,6/26/2026 14:33,7/6/2026 4:53,9.6,7/4/2026 0:00,11664,1664,10000
NEO,PSL B2,DummyEnd,Ta NEO Capacitor PSL series B2 case,6G04N03069,N,TEPSLB20J157M18HF8R,NEO B2 CAPACITOR,6/22/2026 8:55,6/26/2026 14:33,7/7/2026 3:00,10.5,7/4/2026 0:00,11655,663,12000
NEO,PSL B2,DummyEnd,Ta NEO Capacitor PSL series B2 case,6G04N03070,N,TEPSLB20J157M18HF8R,NEO B2 CAPACITOR,6/22/2026 8:55,6/26/2026 8:13,7/6/2026 5:30,9.9,7/4/2026 0:00,11664,1664,10000
NEO,PSL B2,DummyEnd,Ta NEO Capacitor PSL series B2 case,6G04N03071,N,TEPSLB20J157M18HF8R,NEO B2 CAPACITOR,6/22/2026 8:55,6/26/2026 8:13,7/7/2026 5:46,10.9,7/4/2026 0:00,11664,870,12000
NEO,PSL B2,DummyEnd,Ta NEO Capacitor PSL series B2 case,6G04N03072,N,TEPSLB20J157M18HF8R,NEO B2 CAPACITOR,6/22/2026 8:55,6/26/2026 8:13,7/7/2026 9:40,11,7/4/2026 0:00,11664,1664,10000
NEO,PSL B2,DummyEnd,Ta NEO Capacitor PSL series B2 case,6G04N03073,N,TEPSLB20J157M(35)8R,NEO B2 CAPACITOR,6/22/2026 8:55,6/27/2026 19:13,7/7/2026 19:46,10,7/4/2026 0:00,11664,1664,10000
NEO,PSL B2,DummyEnd,Ta NEO Capacitor PSL series B2 case,6G04N03074,N,TEPSLB20J157M(35)8R,NEO B2 CAPACITOR,6/22/2026 8:55,6/27/2026 19:14,7/6/2026 16:30,8.9,7/4/2026 0:00,11664,1664,10000
NEO,PSL B2,DummyEnd,Ta NEO Capacitor PSL series B2 case,6G04N03075,N,TEPSLB20J157M(35)8R,NEO B2 CAPACITOR,6/22/2026 8:55,6/27/2026 20:07,7/7/2026 8:13,9.5,7/4/2026 0:00,11664,1664,10000
NEO,PSL B2,DummyEnd,Ta NEO Capacitor PSL series B2 case,6G04N03076,N,TEPSLB20J157M(35)8R,NEO B2 CAPACITOR,6/22/2026 8:55,6/27/2026 6:35,7/7/2026 19:42,10.5,7/4/2026 0:00,11664,1664,10000
NEO,PSL B2,DummyEnd,Ta NEO Capacitor PSL series B2 case,6G04N03077,N,TEPSLB20J157M(35)8R,NEO B2 CAPACITOR,6/22/2026 8:55,6/27/2026 6:35,7/7/2026 20:46,10.6,7/4/2026 0:00,11664,1165,12000
NEO,PSL B2,DummyEnd,Ta NEO Capacitor PSL series B2 case,6G04N03078,N,TEPSLB20J157M(35)8R,NEO B2 CAPACITOR,6/22/2026 8:56,6/27/2026 6:35,7/15/2026 9:49,18.1,7/4/2026 0:00,11617,2455,10000
NEO,PSL B2,DummyEnd,Ta NEO Capacitor PSL series B2 case,6G04N03079,N,TEPSLB20J157M(35)8R,NEO B2 CAPACITOR,6/22/2026 8:56,6/25/2026 15:51,7/5/2026 9:03,9.8,7/4/2026 0:00,11664,1369,12000
NEO,PSL B2,DummyEnd,Ta NEO Capacitor PSL series B2 case,6G04N03080,N,TEPSLB20J157M(35)8R,NEO B2 CAPACITOR,6/22/2026 8:56,6/25/2026 15:34,7/5/2026 9:04,9.8,7/4/2026 0:00,11664,1664,10000
NEO,PSL B2,DummyEnd,Ta NEO Capacitor PSL series B2 case,6G04N03081,N,TEPSLB20J157M(35)8R,NEO B2 CAPACITOR,6/22/2026 8:56,6/25/2026 15:34,7/5/2026 22:24,10.3,7/4/2026 0:00,11649,1649,10000
NEO,PSL B2,DummyEnd,Ta NEO Capacitor PSL series B2 case,6G04N03082,N,TEPSLB20J157M(25)8RF,NEO B2 CAPACITOR,6/22/2026 8:56,6/28/2026 8:49,7/8/2026 20:38,10.5,7/4/2026 0:00,11664,1128,12000
NEO,PSL B2,DummyEnd,Ta NEO Capacitor PSL series B2 case,6G04N03083,N,TEPSLB20J157M(25)8RF,NEO B2 CAPACITOR,6/22/2026 8:56,6/28/2026 9:36,7/11/2026 21:43,13.5,7/4/2026 0:00,11664,903,12000
NEO,PSL B2,DummyEnd,Ta NEO Capacitor PSL series B2 case,6G04N03084,N,TEPSLB20J157M(25)8RF,NEO B2 CAPACITOR,6/22/2026 8:56,6/28/2026 9:36,7/10/2026 18:58,12.4,7/4/2026 0:00,11664,1670,10000
NEO,PSL B2,DummyEnd,Ta NEO Capacitor PSL series B2 case,6G04N03085,N,TEPSLB20J157M(25)8RF,NEO B2 CAPACITOR,6/22/2026 8:56,6/28/2026 4:40,7/8/2026 20:11,10.7,7/4/2026 0:00,11664,467,12000
NEO,PSL B2,DummyEnd,Ta NEO Capacitor PSL series B2 case,6G04N03086,N,TEPSLB20J157M(25)8RF,NEO B2 CAPACITOR,6/22/2026 8:56,6/28/2026 6:08,7/8/2026 20:09,10.6,7/4/2026 0:00,11664,1664,10000
NEO,PSL B2,DummyEnd,Ta NEO Capacitor PSL series B2 case,6G04N03087,N,TEPSLB20J157M(25)8RF,NEO B2 CAPACITOR,6/22/2026 8:56,6/28/2026 7:31,7/8/2026 18:17,10.5,7/4/2026 0:00,11664,1664,10000
NEO,PSL B2,DummyEnd,Ta NEO Capacitor PSL series B2 case,6G04N03088,N,TEPSLB20J157M(45)8R,NEO B2 CAPACITOR,6/22/2026 8:56,6/28/2026 9:18,7/7/2026 4:50,8.8,7/4/2026 0:00,11664,1664,10000
NEO,PSL B2,DummyEnd,Ta NEO Capacitor PSL series B2 case,6G04N03089,N,TEPSLB20J157M(45)8R,NEO B2 CAPACITOR,6/22/2026 8:57,6/28/2026 13:04,7/8/2026 3:46,9.6,7/4/2026 0:00,11664,839,12000
NEO,PSL B2,DummyEnd,Ta NEO Capacitor PSL series B2 case,6G04N03090,N,TEPSLB20J157M(45)8R,NEO B2 CAPACITOR,6/22/2026 8:57,6/28/2026 13:51,7/8/2026 2:54,9.5,7/4/2026 0:00,11549,1549,10000
NEO,PSL B2,DummyEnd,Ta NEO Capacitor PSL series B2 case,6G04N03091,N,TEPSLB20J157M(45)8R,NEO B2 CAPACITOR,6/22/2026 8:57,6/25/2026 9:19,7/5/2026 1:44,9.7,7/4/2026 0:00,11664,1664,10000
NEO,PSL B2,DummyEnd,Ta NEO Capacitor PSL series B2 case,6G04N03092,N,TEPSLB20J157M(45)8R,NEO B2 CAPACITOR,6/22/2026 8:57,6/25/2026 9:19,7/5/2026 4:05,9.8,7/4/2026 0:00,11664,1047,12000
NEO,PSL B2,DummyEnd,Ta NEO Capacitor PSL series B2 case,6G04N03093,N,TEPSLB20J157M(45)8R,NEO B2 CAPACITOR,6/22/2026 8:57,6/25/2026 9:19,7/6/2026 8:45,11,7/4/2026 0:00,11664,1664,10000
NEO,PSL B2,DummyEnd,Ta NEO Capacitor PSL series B2 case,6G04N03094,N,TEPSLB21E156M8R,NEO B2 CAPACITOR,6/22/2026 8:57,6/25/2026 0:45,7/3/2026 10:16,8.4,7/4/2026 0:00,11664,1718,10000
NEO,PSL B2,DummyEnd,Ta NEO Capacitor PSL series B2 case,6G04N03095,N,TEPSLB21E156M8R,NEO B2 CAPACITOR,6/22/2026 8:57,6/25/2026 0:45,7/4/2026 6:08,9.3,7/4/2026 0:00,11664,1664,10000
NEO,PSL B2,DummyEnd,Ta NEO Capacitor PSL series B2 case,6G04N03096,N,TEPSLB21E156M8R,NEO B2 CAPACITOR,6/22/2026 8:57,6/25/2026 0:45,7/4/2026 7:17,9.3,7/4/2026 0:00,11664,1664,10000
NEO,PSL B2,DummyEnd,Ta NEO Capacitor PSL series B2 case,6G04N03097,N,TEPSLB21E156M8R,NEO B2 CAPACITOR,6/22/2026 8:57,6/24/2026 3:45,7/4/2026 20:52,10.7,7/4/2026 0:00,11664,1119,12000
NEO,PSL B2,DummyEnd,Ta NEO Capacitor PSL series B2 case,6G04N03098,N,TEPSLB21E156M8R,NEO B2 CAPACITOR,6/22/2026 8:57,6/24/2026 3:45,7/4/2026 9:21,10.3,7/4/2026 0:00,11664,1006,12000
NEO,PSL B2,DummyEnd,Ta NEO Capacitor PSL series B2 case,6G04N03099,N,TEPSLB21E156M8R,NEO B2 CAPACITOR,6/22/2026 8:58,6/24/2026 3:45,7/3/2026 15:45,9.5,7/4/2026 0:00,11663,1663,10000
NEO,PSL B2,DummyEnd,Ta NEO Capacitor PSL series B2 case,6G04N03100,N,TEPSLB21E156M8R,NEO B2 CAPACITOR,6/22/2026 8:58,6/24/2026 10:10,7/2/2026 19:11,8.4,7/4/2026 0:00,11664,1664,10000
NEO,PSL B2,DummyEnd,Ta NEO Capacitor PSL series B2 case,6G04N03101,N,TEPSLB21E156M8R,NEO B2 CAPACITOR,6/22/2026 8:58,6/24/2026 13:51,7/3/2026 4:18,8.6,7/4/2026 0:00,11664,1664,10000
NEO,PSL B2,DummyEnd,Ta NEO Capacitor PSL series B2 case,6G04N03102,N,TEPSLB21E156M8R,NEO B2 CAPACITOR,6/22/2026 8:58,6/24/2026 13:51,7/8/2026 3:02,13.6,7/4/2026 0:00,11523,1523,10000
NEO,PSL B2,DummyEnd,Ta NEO Capacitor PSL series B2 case,6G04N03103,N,TEPSLB21E156M8R,NEO B2 CAPACITOR,6/22/2026 8:58,6/25/2026 17:31,7/4/2026 7:52,8.6,7/4/2026 0:00,11664,1664,10000
NEO,PSL B2,DummyEnd,Ta NEO Capacitor PSL series B2 case,6G04N03104,N,TEPSLB21E156M8R,NEO B2 CAPACITOR,6/22/2026 8:58,6/25/2026 17:31,7/4/2026 6:13,8.5,7/4/2026 0:00,11664,1664,10000
NEO,PSL B2,DummyEnd,Ta NEO Capacitor PSL series B2 case,6G04N03105,N,TEPSLB21E156M8R,NEO B2 CAPACITOR,6/22/2026 8:58,6/25/2026 17:31,7/4/2026 9:44,8.7,7/4/2026 0:00,11606,1606,10000
NEO,PSL B2,DummyEnd,Ta NEO Capacitor PSL series B2 case,6G04N03106,N,TEPSLB21E156M8R,NEO B2 CAPACITOR,6/22/2026 8:58,6/24/2026 1:51,7/3/2026 17:47,9.7,7/4/2026 0:00,11664,1664,10000
NEO,PSL B2,DummyEnd,Ta NEO Capacitor PSL series B2 case,6G04N03107,N,TEPSLB21E156M8R,NEO B2 CAPACITOR,6/22/2026 8:58,6/24/2026 1:50,7/2/2026 6:41,8.2,7/4/2026 0:00,11664,1664,10000
NEO,PSL B2,DummyEnd,Ta NEO Capacitor PSL series B2 case,6G04N03108,N,TEPSLB21E156M8R,NEO B2 CAPACITOR,6/22/2026 8:59,6/24/2026 4:07,7/2/2026 13:20,8.4,7/4/2026 0:00,10852,852,10000
NEO,PSL B2,DummyEnd,Ta NEO Capacitor PSL series B2 case,6G04N03109,N,TEPSLB21E156M8RFT,NEO B2 CAPACITOR,6/22/2026 8:59,6/25/2026 19:23,7/5/2026 11:10,9.7,7/4/2026 0:00,11664,1664,10000
NEO,PSL B2,DummyEnd,Ta NEO Capacitor PSL series B2 case,6G04N03110,N,TEPSLB21E156M8RFT,NEO B2 CAPACITOR,6/22/2026 8:59,6/25/2026 19:23,7/5/2026 1:58,9.3,7/4/2026 0:00,11664,924,12000
NEO,PSL B2,DummyEnd,Ta NEO Capacitor PSL series B2 case,6G04N03111,N,TEPSLB21E156M8RFT,NEO B2 CAPACITOR,6/22/2026 8:59,6/25/2026 19:23,7/5/2026 4:02,9.4,7/4/2026 0:00,11587,1587,10000
NEO,PSL B2,DummyEnd,Ta NEO Capacitor PSL series B2 case,6G04N03112,N,TEPSLB21E156M8RFT,NEO B2 CAPACITOR,6/22/2026 8:59,6/23/2026 9:04,7/2/2026 13:21,9.2,7/4/2026 0:00,11664,1664,10000
NEO,PSL B2,DummyEnd,Ta NEO Capacitor PSL series B2 case,6G04N03113,N,TEPSLB21E156M8RFT,NEO B2 CAPACITOR,6/22/2026 8:59,6/23/2026 12:37,7/3/2026 18:26,10.3,7/4/2026 0:00,11664,1664,10000
NEO,PSL B2,DummyEnd,Ta NEO Capacitor PSL series B2 case,6G04N03114,N,TEPSLB21E156M8RFT,NEO B2 CAPACITOR,6/22/2026 8:59,6/23/2026 12:37,7/2/2026 15:52,9.1,7/4/2026 0:00,11626,1477,12000
NEO,PSL B2,DummyEnd,Ta NEO Capacitor PSL series B2 case,6G04N03115,N,TEPSLB21E156M8RFT,NEO B2 CAPACITOR,6/22/2026 8:59,6/24/2026 1:35,7/4/2026 6:06,10.2,7/4/2026 0:00,11664,1665,10000
NEO,PSL B2,DummyEnd,Ta NEO Capacitor PSL series B2 case,6G04N03116,N,TEPSLB21E156M8RFT,NEO B2 CAPACITOR,6/22/2026 8:59,6/24/2026 1:35,7/3/2026 15:11,9.6,7/4/2026 0:00,11664,1664,10000
NEO,PSL B2,DummyEnd,Ta NEO Capacitor PSL series B2 case,6G04N03117,N,TEPSLB21E156M8RFT,NEO B2 CAPACITOR,6/22/2026 8:59,6/24/2026 1:35,7/3/2026 10:14,9.4,7/4/2026 0:00,11664,1666,10000
NEO,PSL B2,DummyEnd,Ta NEO Capacitor PSL series B2 case,6G04N03118,N,TEPSLB21E156M8RFT,NEO B2 CAPACITOR,6/22/2026 8:59,6/22/2026 23:04,7/1/2026 13:32,8.6,7/4/2026 0:00,11664,1664,10000
NEO,PSL B2,DummyEnd,Ta NEO Capacitor PSL series B2 case,6G04N03119,N,TEPSLB21E156M8RFT,NEO B2 CAPACITOR,6/22/2026 9:00,6/23/2026 2:55,7/4/2026 7:21,11.2,7/4/2026 0:00,11664,2181,10000
NEO,PSL B2,DummyEnd,Ta NEO Capacitor PSL series B2 case,6G04N03120,N,TEPSLB21E156M8RFT,NEO B2 CAPACITOR,6/22/2026 9:00,6/23/2026 13:53,7/3/2026 14:33,10,7/4/2026 0:00,11652,1652,10000
NEO,PSL B2,DummyEnd,Ta NEO Capacitor PSL series B2 case,6G04N03121,N,TEPSLB21E156M8RFT,NEO B2 CAPACITOR,6/22/2026 9:00,6/24/2026 20:50,7/4/2026 7:20,9.5,7/4/2026 0:00,11664,1664,10000
NEO,PSL B2,DummyEnd,Ta NEO Capacitor PSL series B2 case,6G04N03122,N,TEPSLB21E156M8RFT,NEO B2 CAPACITOR,6/22/2026 9:00,6/24/2026 22:04,7/3/2026 14:34,8.7,7/4/2026 0:00,11664,1664,10000
NEO,PSL B2,DummyEnd,Ta NEO Capacitor PSL series B2 case,6G04N03123,N,TEPSLB21E156M8RFT,NEO B2 CAPACITOR,6/22/2026 9:00,6/24/2026 23:11,7/5/2026 4:05,10.2,7/4/2026 0:00,11576,1576,10000
NEO,PSL B2,DummyEnd,Ta NEO Capacitor PSL series B2 case,6G04N03124,N,TEPSLB21E156M1008RKT2,NEO B2 CAPACITOR,6/22/2026 9:00,6/24/2026 10:06,7/4/2026 8:00,9.9,7/4/2026 0:00,11664,1664,10000
NEO,PSL B2,DummyEnd,Ta NEO Capacitor PSL series B2 case,6G04N03125,N,TEPSLB21E156M1008RKT2,NEO B2 CAPACITOR,6/22/2026 9:00,6/24/2026 14:02,7/5/2026 2:33,10.5,7/4/2026 0:00,11664,892,12000
NEO,PSL B2,DummyEnd,Ta NEO Capacitor PSL series B2 case,6G04N03126,N,TEPSLB21E156M1008RKT2,NEO B2 CAPACITOR,6/22/2026 9:00,6/24/2026 14:02,7/3/2026 15:21,9,7/4/2026 0:00,11524,1524,10000
NEO,PSL B2,DummyEnd,Ta NEO Capacitor PSL series B2 case,6G04N03127,N,TEPSLB21E156M1008RKT2,NEO B2 CAPACITOR,6/22/2026 9:00,6/24/2026 15:24,7/5/2026 1:50,10.4,7/4/2026 0:00,11664,839,12000
NEO,PSL B2,DummyEnd,Ta NEO Capacitor PSL series B2 case,6G04N03128,N,TEPSLB21E156M1008RKT2,NEO B2 CAPACITOR,6/22/2026 9:00,6/24/2026 15:27,7/3/2026 10:13,8.8,7/4/2026 0:00,11664,1718,10000
NEO,PSL B2,DummyEnd,Ta NEO Capacitor PSL series B2 case,6G04N03129,N,TEPSLB21E156M1008RKT2,NEO B2 CAPACITOR,6/22/2026 9:00,6/24/2026 15:27,7/4/2026 7:39,9.7,7/4/2026 0:00,11446,1446,10000
NEO,PSL B2,DummyEnd,Ta NEO Capacitor PSL series B2 case,6G04N03130,N,TEPSLB21A107M708RKT,NEO B2 CAPACITOR,6/22/2026 9:01,7/2/2026 6:28,7/12/2026 8:53,10.1,7/4/2026 0:00,11664,1664,10000
NEO,PSL B2,DummyEnd,Ta NEO Capacitor PSL series B2 case,6G04N03131,N,TEPSLB21A107M708RKT,NEO B2 CAPACITOR,6/22/2026 9:01,7/2/2026 6:29,7/12/2026 14:39,10.3,7/4/2026 0:00,11664,2325,10000
NEO,PSL B2,DummyEnd,Ta NEO Capacitor PSL series B2 case,6G04N03132,N,TEPSLB21A107M708RKT,NEO B2 CAPACITOR,6/22/2026 9:01,7/2/2026 6:29,7/12/2026 17:40,10.5,7/4/2026 0:00,11664,3664,8000
NEO,PSL B2,DummyEnd,Ta NEO Capacitor PSL series B2 case,6G04N03133,N,TEPSLB21A107M708RKT,NEO B2 CAPACITOR,6/22/2026 9:01,6/30/2026 4:48,7/12/2026 2:49,11.9,7/4/2026 0:00,11664,3832,8000
NEO,PSL B2,DummyEnd,Ta NEO Capacitor PSL series B2 case,6G04N03134,N,TEPSLB21A107M708RKT,NEO B2 CAPACITOR,6/22/2026 9:01,6/30/2026 7:06,7/12/2026 2:46,11.8,7/4/2026 0:00,11664,5664,6000
NEO,PSL B2,DummyEnd,Ta NEO Capacitor PSL series B2 case,6G04N03135,N,TEPSLB21A107M708RKT,NEO B2 CAPACITOR,6/22/2026 9:01,6/30/2026 7:50,7/12/2026 20:27,12.5,7/4/2026 0:00,11664,4924,8000
NEO,PSL B2,DummyEnd,Ta NEO Capacitor PSL series B2 case,6G04N03136,N,TEPSLB21A107M708RKT,NEO B2 CAPACITOR,6/22/2026 9:01,7/3/2026 4:06,7/12/2026 15:41,9.5,7/4/2026 0:00,11664,2583,10000
NEO,PSL B2,DummyEnd,Ta NEO Capacitor PSL series B2 case,6G04N03137,N,TEPSLB21A107M708RKT,NEO B2 CAPACITOR,6/22/2026 9:01,7/3/2026 5:31,7/12/2026 17:42,9.5,7/4/2026 0:00,11664,4456,8000
NEO,PSL B2,DummyEnd,Ta NEO Capacitor PSL series B2 case,6G04N03138,N,TEPSLB21A107M708RKT,NEO B2 CAPACITOR,6/22/2026 9:01,7/3/2026 14:38,7/14/2026 2:36,10.5,7/4/2026 0:00,11664,3210,10000
NEO,PSL B2,DummyEnd,Ta NEO Capacitor PSL series B2 case,6G04N03139,N,TEPSLB21A107M708RKT,NEO B2 CAPACITOR,6/22/2026 9:01,7/2/2026 2:37,7/12/2026 14:33,10.5,7/4/2026 0:00,11664,4878,8000
NEO,PSL B2,DummyEnd,Ta NEO Capacitor PSL series B2 case,6G04N03140,N,TEPSLB21A107M708RKT,NEO B2 CAPACITOR,6/22/2026 9:01,7/2/2026 3:45,7/12/2026 20:29,10.7,7/4/2026 0:00,11664,5664,6000
NEO,PSL B2,DummyEnd,Ta NEO Capacitor PSL series B2 case,6G04N03141,N,TEPSLB21A107M708RKT,NEO B2 CAPACITOR,6/22/2026 9:02,7/2/2026 3:34,7/12/2026 2:36,10,7/4/2026 0:00,11649,5503,8000
NEO,PSL B2,DummyEnd,Ta NEO Capacitor PSL series B2 case,6G04N03142,N,TEPSLB21A107M708RKT,NEO B2 CAPACITOR,6/22/2026 9:02,7/1/2026 3:35,7/12/2026 15:42,11.5,7/4/2026 0:00,11664,2571,10000
NEO,PSL B2,DummyEnd,Ta NEO Capacitor PSL series B2 case,6G04N03143,N,TEPSLB21A107M708RKT,NEO B2 CAPACITOR,6/22/2026 9:02,7/1/2026 4:10,7/12/2026 5:36,11,7/4/2026 0:00,11664,3817,8000
NEO,PSL B2,DummyEnd,Ta NEO Capacitor PSL series B2 case,6G04N03144,N,TEPSLB21A107M708RKT,NEO B2 CAPACITOR,6/22/2026 9:02,7/1/2026 4:10,7/12/2026 17:43,11.5,7/4/2026 0:00,11664,1664,10000
NEO,PSL B2,DummyEnd,Ta NEO Capacitor PSL series B2 case,6G04N03145,N,TEPSLB21A107M708RKT,NEO B2 CAPACITOR,6/22/2026 9:02,7/1/2026 10:32,7/12/2026 19:02,11.4,7/4/2026 0:00,11664,2915,10000
NEO,PSL B2,DummyEnd,Ta NEO Capacitor PSL series B2 case,6G04N03146,N,TEPSLB21A107M708RKT,NEO B2 CAPACITOR,6/22/2026 9:02,7/1/2026 14:50,7/12/2026 14:40,11,7/4/2026 0:00,11664,2494,10000
NEO,PSL B2,DummyEnd,Ta NEO Capacitor PSL series B2 case,6G04N03147,N,TEPSLB21A107M708RKT,NEO B2 CAPACITOR,6/22/2026 9:02,7/1/2026 14:49,7/12/2026 2:49,10.5,7/4/2026 0:00,11597,5262,8000
NEO,PSL B2,DummyEnd,Ta NEO Capacitor PSL series B2 case,6G04N03148,N,TEPSLB21A107M708RKT,NEO B2 CAPACITOR,6/22/2026 9:02,7/4/2026 4:13,7/14/2026 17:45,10.5,7/4/2026 0:00,11664,1664,10000
NEO,PSL B2,DummyEnd,Ta NEO Capacitor PSL series B2 case,6G04N03149,N,TEPSLB21A107M708RKT,NEO B2 CAPACITOR,6/22/2026 9:02,7/3/2026 18:37,7/14/2026 6:01,10.5,7/4/2026 0:00,11664,1664,10000
NEO,PSL B2,DummyEnd,Ta NEO Capacitor PSL series B2 case,6G04N03150,N,TEPSLB21A107M708RKT,NEO B2 CAPACITOR,6/22/2026 9:02,7/3/2026 17:44,7/14/2026 5:51,10.5,7/4/2026 0:00,11664,3664,8000
NEO,PSL B2,DummyEnd,Ta NEO Capacitor PSL series B2 case,6G04N03151,N,TEPSLB21A107M708RKT,NEO B2 CAPACITOR,6/22/2026 9:02,6/30/2026 14:02,7/12/2026 11:06,11.9,7/4/2026 0:00,11664,2550,10000
NEO,PSL B2,DummyEnd,Ta NEO Capacitor PSL series B2 case,6G04N03152,N,TEPSLB21A107M708RKT,NEO B2 CAPACITOR,6/22/2026 9:03,6/30/2026 14:01,7/12/2026 20:28,12.3,7/4/2026 0:00,11664,4896,8000
NEO,PSL B2,DummyEnd,Ta NEO Capacitor PSL series B2 case,6G04N03153,N,TEPSLB21A107M708RKT,NEO B2 CAPACITOR,6/22/2026 9:03,6/30/2026 14:01,7/12/2026 14:35,12,7/4/2026 0:00,11572,2368,10000
NEO,PSL B2,DummyEnd,Ta NEO Capacitor PSL series B2 case,6G04N03154,N,TEPSLB21A107M708RKT,NEO B2 CAPACITOR,6/22/2026 9:03,6/27/2026 2:39,7/6/2026 4:53,9.1,7/4/2026 0:00,11664,1664,10000
NEO,PSL B2,DummyEnd,Ta NEO Capacitor PSL series B2 case,6G04N03155,N,TEPSLB21A107M708RKT,NEO B2 CAPACITOR,6/22/2026 9:03,6/27/2026 4:45,7/6/2026 4:55,9,7/4/2026 0:00,11664,1664,10000
NEO,PSL B2,DummyEnd,Ta NEO Capacitor PSL series B2 case,6G04N03156,N,TEPSLB21A107M708RKT,NEO B2 CAPACITOR,6/22/2026 9:03,6/27/2026 8:03,7/6/2026 5:01,8.9,7/4/2026 0:00,11618,2277,10000
NEO,PSL B2,DummyEnd,Ta NEO Capacitor PSL series B2 case,6G06N03022,N,TEPSLB20J157M18CPF8R,NEO B2 CAPACITOR,6/22/2026 8:48,6/25/2026 0:25,7/13/2026 18:33,18.8,7/6/2026 0:00,11664,3770,8000
NEO,PSL B2,DummyEnd,Ta NEO Capacitor PSL series B2 case,6G06N03023,N,TEPSLB20J157M18CPF8R,NEO B2 CAPACITOR,6/22/2026 8:48,6/24/2026 23:08,7/7/2026 19:22,12.8,7/6/2026 0:00,11664,1979,10000
NEO,PSL B2,DummyEnd,Ta NEO Capacitor PSL series B2 case,6G06N03024,N,TEPSLB20J157M18CPF8R,NEO B2 CAPACITOR,6/22/2026 8:48,6/24/2026 23:09,7/12/2026 6:59,17.3,7/6/2026 0:00,11664,2994,10000
NEO,PSL B2,DummyEnd,Ta NEO Capacitor PSL series B2 case,6G06N03025,N,TEPSLB20J157M18CPF8R,NEO B2 CAPACITOR,6/22/2026 8:49,6/24/2026 18:20,7/7/2026 20:13,13.1,7/6/2026 0:00,11664,1117,12000
NEO,PSL B2,DummyEnd,Ta NEO Capacitor PSL series B2 case,6G06N03026,N,TEPSLB20J157M18CPF8R,NEO B2 CAPACITOR,6/22/2026 8:49,6/24/2026 19:07,7/9/2026 19:34,15,7/6/2026 0:00,11664,1664,10000
NEO,PSL B2,DummyEnd,Ta NEO Capacitor PSL series B2 case,6G06N03027,N,TEPSLB20J157M18CPF8R,NEO B2 CAPACITOR,6/22/2026 8:49,6/24/2026 20:24,7/9/2026 15:54,14.8,7/6/2026 0:00,11664,2844,10000
NEO,PSL B2,DummyEnd,Ta NEO Capacitor PSL series B2 case,6G06N03028,N,TEPSLB20J157M18CPF8R,NEO B2 CAPACITOR,6/22/2026 8:49,6/24/2026 13:42,7/7/2026 5:38,12.7,7/6/2026 0:00,11664,1664,10000
NEO,PSL B2,DummyEnd,Ta NEO Capacitor PSL series B2 case,6G06N03029,N,TEPSLB20J157M18CPF8R,NEO B2 CAPACITOR,6/22/2026 8:49,6/24/2026 14:31,7/8/2026 20:40,14.3,7/6/2026 0:00,11664,751,12000
NEO,PSL B2,DummyEnd,Ta NEO Capacitor PSL series B2 case,6G06N03030,N,TEPSLB20J157M18CPF8R,NEO B2 CAPACITOR,6/22/2026 8:49,6/24/2026 15:53,7/8/2026 23:14,14.3,7/6/2026 0:00,11664,598,12000
NEO,PSL B2,DummyEnd,Ta NEO Capacitor PSL series B2 case,6G06N03031,N,TEPSLB20J157M18CPF8R,NEO B2 CAPACITOR,6/22/2026 8:49,6/24/2026 15:02,7/7/2026 6:38,12.6,7/6/2026 0:00,11664,837,12000
NEO,PSL B2,DummyEnd,Ta NEO Capacitor PSL series B2 case,6G06N03032,N,TEPSLB20J157M18CPF8R,NEO B2 CAPACITOR,6/22/2026 8:49,6/24/2026 17:47,7/8/2026 23:10,14.3,7/6/2026 0:00,11664,940,12000
NEO,PSL B2,DummyEnd,Ta NEO Capacitor PSL series B2 case,6G06N03033,N,TEPSLB20J157M18CPF8R,NEO B2 CAPACITOR,6/22/2026 8:49,6/24/2026 19:08,7/7/2026 2:56,12.3,7/6/2026 0:00,11664,1755,10000
NEO,PSL B2,DummyEnd,Ta NEO Capacitor PSL series B2 case,6G06N03035,N,TEPSLB20J157M18CPF8R,NEO B2 CAPACITOR,6/22/2026 8:49,6/24/2026 16:31,7/8/2026 23:11,14.3,7/6/2026 0:00,11664,2001,10000
NEO,PSL B2,DummyEnd,Ta NEO Capacitor PSL series B2 case,6G06N03036,N,TEPSLB20J157M18CPF8R,NEO B2 CAPACITOR,6/22/2026 8:49,6/24/2026 18:19,7/7/2026 5:40,12.5,7/6/2026 0:00,11310,2537,10000
NEO,PSL B2,DummyEnd,Ta NEO Capacitor PSL series B2 case,6G06N03037,N,TEPSLB20J157M18CPF8R,NEO B2 CAPACITOR,6/22/2026 8:50,6/24/2026 0:50,7/6/2026 20:25,12.8,7/6/2026 0:00,11664,911,12000
NEO,PSL B2,DummyEnd,Ta NEO Capacitor PSL series B2 case,6G06N03038,N,TEPSLB20J157M18CPF8R,NEO B2 CAPACITOR,6/22/2026 8:50,6/24/2026 0:50,7/6/2026 18:32,12.8,7/6/2026 0:00,11664,1664,10000
NEO,PSL B2,DummyEnd,Ta NEO Capacitor PSL series B2 case,6G06N03039,N,TEPSLB20J157M18CPF8R,NEO B2 CAPACITOR,6/22/2026 8:50,6/24/2026 0:50,7/6/2026 20:33,12.8,7/6/2026 0:00,11664,1664,10000
NEO,PSL B2,DummyEnd,Ta NEO Capacitor PSL series B2 case,6G06N03040,N,TEPSLB20J157M18CPF8R,NEO B2 CAPACITOR,6/22/2026 8:50,6/24/2026 23:09,7/9/2026 19:02,14.8,7/6/2026 0:00,11664,1664,10000
NEO,PSL B2,DummyEnd,Ta NEO Capacitor PSL series B2 case,6G06N03041,N,TEPSLB20J157M18CPF8R,NEO B2 CAPACITOR,6/22/2026 8:50,6/24/2026 23:09,7/8/2026 20:09,13.9,7/6/2026 0:00,11664,1664,10000
NEO,PSL B2,DummyEnd,Ta NEO Capacitor PSL series B2 case,6G06N03042,N,TEPSLB20J157M18CPF8R,NEO B2 CAPACITOR,6/22/2026 8:50,6/24/2026 23:09,7/7/2026 21:04,12.9,7/6/2026 0:00,11405,2567,10000
NEO,PSL B2,DummyEnd,Ta NEO Capacitor PSL series B2 case,6G06N03043,N,TEPSLB20J157M18CPF8R,NEO B2 CAPACITOR,6/22/2026 8:50,6/24/2026 19:03,7/7/2026 5:38,12.4,7/6/2026 0:00,11664,1401,12000
NEO,PSL B2,DummyEnd,Ta NEO Capacitor PSL series B2 case,6G06N03044,N,TEPSLB20J157M18CPF8R,NEO B2 CAPACITOR,6/22/2026 8:50,6/24/2026 20:24,7/6/2026 19:23,12,7/6/2026 0:00,11664,1664,10000
NEO,PSL B2,DummyEnd,Ta NEO Capacitor PSL series B2 case,6G06N03045,N,TEPSLB20J157M18CPF8R,NEO B2 CAPACITOR,6/22/2026 8:50,6/25/2026 0:26,7/9/2026 7:30,14.3,7/6/2026 0:00,11664,1715,10000
NEO,PSL B2,DummyEnd,Ta NEO Capacitor PSL series B2 case,6G06N03046,N,TEPSLB20J157M18CPF8R,NEO B2 CAPACITOR,6/22/2026 8:50,6/24/2026 13:52,7/7/2026 19:42,13.3,7/6/2026 0:00,11664,1664,10000
NEO,PSL B2,DummyEnd,Ta NEO Capacitor PSL series B2 case,6G06N03047,N,TEPSLB20J157M18CPF8R,NEO B2 CAPACITOR,6/22/2026 8:50,6/24/2026 14:31,7/8/2026 20:33,14.3,7/6/2026 0:00,11664,1664,10000
NEO,PSL B2,DummyEnd,Ta NEO Capacitor PSL series B2 case,6G06N03048,N,TEPSLB20J157M18CPF8R,NEO B2 CAPACITOR,6/22/2026 8:51,6/24/2026 15:24,7/6/2026 20:32,12.2,7/6/2026 0:00,11664,1664,10000
NEO,PSL B2,DummyEnd,Ta NEO Capacitor PSL series B2 case,6G06N03049,N,TEPSLB20J157M18CPF8R,NEO B2 CAPACITOR,6/22/2026 8:51,6/24/2026 18:19,7/6/2026 20:29,12.1,7/6/2026 0:00,11664,1552,12000
NEO,PSL B2,DummyEnd,Ta NEO Capacitor PSL series B2 case,6G06N03050,N,TEPSLB20J157M18CPF8R,NEO B2 CAPACITOR,6/22/2026 8:51,6/24/2026 19:33,7/8/2026 7:36,13.5,7/6/2026 0:00,11664,1664,10000
NEO,PSL B2,DummyEnd,Ta NEO Capacitor PSL series B2 case,6G06N03051,N,TEPSLB20J157M18CPF8R,NEO B2 CAPACITOR,6/22/2026 8:51,6/24/2026 21:35,7/10/2026 5:04,15.3,7/6/2026 0:00,11601,3306,10000
NEO,PSL B2,DummyEnd,Ta NEO Capacitor PSL series B2 case,6G06N03709,N,TEPSLB20E337M(15)8R,NEO B2 CAPACITOR,6/23/2026 8:41,6/28/2026 15:27,7/10/2026 21:36,12.3,7/6/2026 0:00,11664,1664,10000
NEO,PSL B2,DummyEnd,Ta NEO Capacitor PSL series B2 case,6G06N03710,N,TEPSLB20E337M(15)8R,NEO B2 CAPACITOR,6/23/2026 8:41,6/28/2026 17:24,7/10/2026 19:04,12.1,7/6/2026 0:00,11664,1664,10000
NEO,PSL B2,DummyEnd,Ta NEO Capacitor PSL series B2 case,6G06N03711,N,TEPSLB20E337M(15)8R,NEO B2 CAPACITOR,6/23/2026 8:41,6/28/2026 17:58,7/10/2026 19:24,12.1,7/6/2026 0:00,11643,1999,10000
NEO,PSL B2,DummyEnd,Ta NEO Capacitor PSL series B2 case,6G06N03712,N,TEPSLB20E337M(15)8R,NEO B2 CAPACITOR,6/23/2026 8:41,7/2/2026 3:39,7/14/2026 5:47,12.1,7/6/2026 0:00,11664,1664,10000
NEO,PSL B2,DummyEnd,Ta NEO Capacitor PSL series B2 case,6G06N03713,N,TEPSLB20E337M(15)8R,NEO B2 CAPACITOR,6/23/2026 8:41,7/2/2026 3:39,7/14/2026 6:47,12.1,7/6/2026 0:00,11664,1664,10000
NEO,PSL B2,DummyEnd,Ta NEO Capacitor PSL series B2 case,6G06N03714,N,TEPSLB20E337M(15)8R,NEO B2 CAPACITOR,6/23/2026 8:41,7/2/2026 3:39,7/18/2026 21:53,16.8,7/6/2026 0:00,11664,3664,8000
NEO,PSL B2,DummyEnd,Ta NEO Capacitor PSL series B2 case,6G06N03715,N,TEPSLB20E337M(15)8R,NEO B2 CAPACITOR,6/23/2026 8:41,6/30/2026 20:40,7/10/2026 19:12,10,7/6/2026 0:00,11664,988,12000
NEO,PSL B2,DummyEnd,Ta NEO Capacitor PSL series B2 case,6G06N03716,N,TEPSLB20E337M(15)8R,NEO B2 CAPACITOR,6/23/2026 8:41,6/30/2026 21:56,7/10/2026 18:57,9.9,7/6/2026 0:00,11664,791,12000
NEO,PSL B2,DummyEnd,Ta NEO Capacitor PSL series B2 case,6G06N03717,N,TEPSLB20E337M(15)8R,NEO B2 CAPACITOR,6/23/2026 8:41,7/1/2026 1:56,7/10/2026 21:33,9.8,7/6/2026 0:00,11664,2114,10000
NEO,PSL B2,DummyEnd,Ta NEO Capacitor PSL series B2 case,6G06N03718,N,TEPSLB20E337M(15)8R,NEO B2 CAPACITOR,6/23/2026 8:42,7/1/2026 3:34,7/10/2026 19:51,9.7,7/6/2026 0:00,11664,2706,10000
NEO,PSL B2,DummyEnd,Ta NEO Capacitor PSL series B2 case,6G06N03719,N,TEPSLB20E337M(15)8R,NEO B2 CAPACITOR,6/23/2026 8:42,7/1/2026 4:10,7/10/2026 19:05,9.6,7/6/2026 0:00,11664,1664,10000
NEO,PSL B2,DummyEnd,Ta NEO Capacitor PSL series B2 case,6G06N03720,N,TEPSLB20E337M(15)8R,NEO B2 CAPACITOR,6/23/2026 8:42,7/1/2026 4:11,7/14/2026 17:52,13.5,7/6/2026 0:00,11661,1661,10000
NEO,PSL B2,DummyEnd,Ta NEO Capacitor PSL series B2 case,6G06N03721,N,TEPSLB20J157M18HF8R,NEO B2 CAPACITOR,6/23/2026 8:42,7/3/2026 17:25,7/13/2026 19:20,10.1,7/6/2026 0:00,11664,648,12000
NEO,PSL B2,DummyEnd,Ta NEO Capacitor PSL series B2 case,6G06N03722,N,TEPSLB20J157M18HF8R,NEO B2 CAPACITOR,6/23/2026 8:42,7/3/2026 19:15,7/13/2026 8:56,9.5,7/6/2026 0:00,11664,1505,12000
NEO,PSL B2,DummyEnd,Ta NEO Capacitor PSL series B2 case,6G06N03723,N,TEPSLB20J157M18HF8R,NEO B2 CAPACITOR,6/23/2026 8:42,7/3/2026 19:14,7/12/2026 11:14,8.7,7/6/2026 0:00,11664,2167,10000
NEO,PSL B2,DummyEnd,Ta NEO Capacitor PSL series B2 case,6G06N03724,N,TEPSLB20J157M18HF8R,NEO B2 CAPACITOR,6/23/2026 8:42,7/3/2026 5:04,7/12/2026 14:00,9.4,7/6/2026 0:00,11664,2291,10000
NEO,PSL B2,DummyEnd,Ta NEO Capacitor PSL series B2 case,6G06N03725,N,TEPSLB20J157M18HF8R,NEO B2 CAPACITOR,6/23/2026 8:42,7/3/2026 6:07,7/14/2026 8:10,11.1,7/6/2026 0:00,11664,927,12000
NEO,PSL B2,DummyEnd,Ta NEO Capacitor PSL series B2 case,6G06N03726,N,TEPSLB20J157M18HF8R,NEO B2 CAPACITOR,6/23/2026 8:42,7/3/2026 7:08,7/14/2026 6:53,11,7/6/2026 0:00,11664,1664,10000
NEO,PSL B2,DummyEnd,Ta NEO Capacitor PSL series B2 case,6G06N03727,N,TEPSLB20J157M18HF8R,NEO B2 CAPACITOR,6/23/2026 8:42,6/28/2026 8:08,7/7/2026 20:16,9.5,7/6/2026 0:00,11664,856,12000
NEO,PSL B2,DummyEnd,Ta NEO Capacitor PSL series B2 case,6G06N03728,N,TEPSLB20J157M18HF8R,NEO B2 CAPACITOR,6/23/2026 8:42,6/28/2026 9:18,7/7/2026 21:31,9.5,7/6/2026 0:00,11664,1664,10000
NEO,PSL B2,DummyEnd,Ta NEO Capacitor PSL series B2 case,6G06N03729,N,TEPSLB20J157M18HF8R,NEO B2 CAPACITOR,6/23/2026 8:43,6/28/2026 9:46,7/9/2026 7:30,10.9,7/6/2026 0:00,11664,1664,10000
NEO,PSL B2,DummyEnd,Ta NEO Capacitor PSL series B2 case,6G06N03730,N,TEPSLB20J157M18HF8R,NEO B2 CAPACITOR,6/23/2026 8:43,6/30/2026 4:49,7/8/2026 20:29,8.7,7/6/2026 0:00,11664,1664,10000
NEO,PSL B2,DummyEnd,Ta NEO Capacitor PSL series B2 case,6G06N03731,N,TEPSLB20J157M18HF8R,NEO B2 CAPACITOR,6/23/2026 8:43,6/30/2026 5:53,7/10/2026 5:01,10,7/6/2026 0:00,11664,1664,10000
NEO,PSL B2,DummyEnd,Ta NEO Capacitor PSL series B2 case,6G06N03732,N,TEPSLB20J157M18HF8R,NEO B2 CAPACITOR,6/23/2026 8:43,6/30/2026 8:47,7/9/2026 8:44,9,7/6/2026 0:00,11657,1657,10000
NEO,PSL B2,DummyEnd,Ta NEO Capacitor PSL series B2 case,6G06N03733,N,TEPSLB20J157M18HF8R,NEO B2 CAPACITOR,6/23/2026 8:43,7/1/2026 11:24,7/10/2026 19:04,9.3,7/6/2026 0:00,11664,2681,10000
NEO,PSL B2,DummyEnd,Ta NEO Capacitor PSL series B2 case,6G06N03734,N,TEPSLB20J157M18HF8R,NEO B2 CAPACITOR,6/23/2026 8:43,7/1/2026 11:24,7/11/2026 8:56,9.9,7/6/2026 0:00,11664,1664,10000
NEO,PSL B2,DummyEnd,Ta NEO Capacitor PSL series B2 case,6G06N03735,N,TEPSLB20J157M18HF8R,NEO B2 CAPACITOR,6/23/2026 8:43,7/1/2026 11:24,7/12/2026 18:27,11.3,7/6/2026 0:00,11664,1713,10000
NEO,PSL B2,DummyEnd,Ta NEO Capacitor PSL series B2 case,6G06N03736,N,TEPSLB20J157M18HF8R,NEO B2 CAPACITOR,6/23/2026 8:43,6/30/2026 6:13,7/10/2026 2:52,9.8,7/6/2026 0:00,11664,413,12000
NEO,PSL B2,DummyEnd,Ta NEO Capacitor PSL series B2 case,6G06N03737,N,TEPSLB20J157M18HF8R,NEO B2 CAPACITOR,6/23/2026 8:43,6/30/2026 8:10,7/9/2026 19:20,9.5,7/6/2026 0:00,11664,1664,10000
NEO,PSL B2,DummyEnd,Ta NEO Capacitor PSL series B2 case,6G06N03738,N,TEPSLB20J157M18HF8R,NEO B2 CAPACITOR,6/23/2026 8:43,6/30/2026 7:43,7/10/2026 19:03,10.5,7/6/2026 0:00,11664,2209,10000
NEO,PSL B2,DummyEnd,Ta NEO Capacitor PSL series B2 case,6G06N03739,N,TEPSLB20J157M18HF8R,NEO B2 CAPACITOR,6/23/2026 8:44,6/28/2026 2:01,7/8/2026 5:14,10.1,7/6/2026 0:00,11664,1664,10000
NEO,PSL B2,DummyEnd,Ta NEO Capacitor PSL series B2 case,6G06N03740,N,TEPSLB20J157M18HF8R,NEO B2 CAPACITOR,6/23/2026 8:44,6/28/2026 2:01,7/7/2026 21:43,9.8,7/6/2026 0:00,11664,2210,10000
NEO,PSL B2,DummyEnd,Ta NEO Capacitor PSL series B2 case,6G06N03741,N,TEPSLB20J157M18HF8R,NEO B2 CAPACITOR,6/23/2026 8:44,6/28/2026 2:56,7/9/2026 8:43,11.3,7/6/2026 0:00,11649,1649,10000
NEO,PSL B2,DummyEnd,Ta NEO Capacitor PSL series B2 case,6G06N03742,N,TEPSLB20J157M18HF8R,NEO B2 CAPACITOR,6/23/2026 8:44,7/4/2026 1:49,7/12/2026 5:21,8.2,7/6/2026 0:00,11664,991,12000
NEO,PSL B2,DummyEnd,Ta NEO Capacitor PSL series B2 case,6G06N03743,N,TEPSLB20J157M18HF8R,NEO B2 CAPACITOR,6/23/2026 8:44,7/4/2026 4:14,7/13/2026 20:41,9.7,7/6/2026 0:00,11664,1703,10000
NEO,PSL B2,DummyEnd,Ta NEO Capacitor PSL series B2 case,6G06N03744,N,TEPSLB20J157M18HF8R,NEO B2 CAPACITOR,6/23/2026 8:44,7/4/2026 2:48,7/13/2026 21:42,9.8,7/6/2026 0:00,11664,1664,10000
NEO,PSL B2,DummyEnd,Ta NEO Capacitor PSL series B2 case,6G06N03745,N,TEPSLB20J157M18HF8R,NEO B2 CAPACITOR,6/23/2026 8:44,7/1/2026 8:28,7/10/2026 22:45,9.6,7/6/2026 0:00,11664,1664,10000
NEO,PSL B2,DummyEnd,Ta NEO Capacitor PSL series B2 case,6G06N03746,N,TEPSLB20J157M18HF8R,NEO B2 CAPACITOR,6/23/2026 8:44,7/1/2026 9:17,7/10/2026 5:58,8.8,7/6/2026 0:00,11664,1415,12000
NEO,PSL B2,DummyEnd,Ta NEO Capacitor PSL series B2 case,6G06N03747,N,TEPSLB20J157M18HF8R,NEO B2 CAPACITOR,6/23/2026 8:44,7/1/2026 13:13,7/12/2026 10:29,10.9,7/6/2026 0:00,11141,933,12000
NEO,PSL B2,DummyEnd,Ta NEO Capacitor PSL series B2 case,6G06N03748,N,TEPSLB20J157M18HF8R,NEO B2 CAPACITOR,6/23/2026 8:44,6/28/2026 2:46,7/7/2026 21:01,9.8,7/6/2026 0:00,11664,1964,10000
NEO,PSL B2,DummyEnd,Ta NEO Capacitor PSL series B2 case,6G06N03749,N,TEPSLB20J157M18HF8R,NEO B2 CAPACITOR,6/23/2026 8:45,6/28/2026 4:40,7/8/2026 3:02,10,7/6/2026 0:00,11664,1338,12000
NEO,PSL B2,DummyEnd,Ta NEO Capacitor PSL series B2 case,6G06N03750,N,TEPSLB20J157M18HF8R,NEO B2 CAPACITOR,6/23/2026 8:45,6/28/2026 7:12,7/7/2026 22:55,9.6,7/6/2026 0:00,11664,675,12000
NEO,PSL B2,DummyEnd,Ta NEO Capacitor PSL series B2 case,6G06N03751,N,TEPSLB20J157M18HF8R,NEO B2 CAPACITOR,6/23/2026 8:45,7/3/2026 9:14,7/12/2026 19:37,9.4,7/6/2026 0:00,11664,1346,12000
NEO,PSL B2,DummyEnd,Ta NEO Capacitor PSL series B2 case,6G06N03752,N,TEPSLB20J157M18HF8R,NEO B2 CAPACITOR,6/23/2026 8:45,7/3/2026 10:06,7/13/2026 17:37,10.3,7/6/2026 0:00,11664,1123,12000
NEO,PSL B2,DummyEnd,Ta NEO Capacitor PSL series B2 case,6G06N03753,N,TEPSLB20J157M18HF8R,NEO B2 CAPACITOR,6/23/2026 8:45,7/3/2026 10:07,7/13/2026 20:41,10.4,7/6/2026 0:00,11489,1489,10000
NEO,PSL B2,DummyEnd,Ta NEO Capacitor PSL series B2 case,6G06N03754,N,TEPSLB20J157M18HF8R,NEO B2 CAPACITOR,6/23/2026 8:45,7/3/2026 3:11,7/12/2026 9:59,9.3,7/6/2026 0:00,11664,968,12000
NEO,PSL B2,DummyEnd,Ta NEO Capacitor PSL series B2 case,6G06N03755,N,TEPSLB20J157M18HF8R,NEO B2 CAPACITOR,6/23/2026 8:45,7/3/2026 5:04,7/12/2026 5:22,9,7/6/2026 0:00,11664,1664,10000
NEO,PSL B2,DummyEnd,Ta NEO Capacitor PSL series B2 case,6G06N03756,N,TEPSLB20J157M18HF8R,NEO B2 CAPACITOR,6/23/2026 8:45,7/3/2026 6:42,7/13/2026 15:43,10.4,7/6/2026 0:00,11664,2602,10000
NEO,PSL B2,DummyEnd,Ta NEO Capacitor PSL series B2 case,6G06N03757,N,TEPSLB20J157M18HF8R,NEO B2 CAPACITOR,6/23/2026 8:45,6/30/2026 15:45,7/9/2026 8:45,8.7,7/6/2026 0:00,11664,2224,10000
NEO,PSL B2,DummyEnd,Ta NEO Capacitor PSL series B2 case,6G06N03758,N,TEPSLB20J157M18HF8R,NEO B2 CAPACITOR,6/23/2026 8:45,6/30/2026 15:45,7/9/2026 22:59,9.3,7/6/2026 0:00,11664,1664,10000
NEO,PSL B2,DummyEnd,Ta NEO Capacitor PSL series B2 case,6G06N03759,N,TEPSLB20J157M18HF8R,NEO B2 CAPACITOR,6/23/2026 8:46,6/30/2026 15:45,7/9/2026 23:26,9.3,7/6/2026 0:00,11624,1867,10000
NEO,PSL B2,DummyEnd,Ta NEO Capacitor PSL series B2 case,6G06N03760,N,TEPSLB20J157M18HF8R,NEO B2 CAPACITOR,6/23/2026 8:46,6/30/2026 6:13,7/11/2026 8:55,11.1,7/6/2026 0:00,11664,1664,10000
NEO,PSL B2,DummyEnd,Ta NEO Capacitor PSL series B2 case,6G06N03761,N,TEPSLB20J157M18HF8R,NEO B2 CAPACITOR,6/23/2026 8:46,6/30/2026 8:10,7/9/2026 18:57,9.4,7/6/2026 0:00,11664,1503,12000
NEO,PSL B2,DummyEnd,Ta NEO Capacitor PSL series B2 case,6G06N03762,N,TEPSLB20J157M18HF8R,NEO B2 CAPACITOR,6/23/2026 8:46,7/1/2026 16:43,7/10/2026 8:44,8.7,7/6/2026 0:00,11664,897,12000
NEO,PSL B2,DummyEnd,Ta NEO Capacitor PSL series B2 case,6G06N03763,N,TEPSLB20J157M(35)8R,NEO B2 CAPACITOR,6/23/2026 8:46,6/28/2026 16:07,7/9/2026 19:13,11.1,7/6/2026 0:00,11664,1664,10000
NEO,PSL B2,DummyEnd,Ta NEO Capacitor PSL series B2 case,6G06N03764,N,TEPSLB20J157M(35)8R,NEO B2 CAPACITOR,6/23/2026 8:46,6/28/2026 15:26,7/7/2026 22:29,9.3,7/6/2026 0:00,11664,1563,12000
NEO,PSL B2,DummyEnd,Ta NEO Capacitor PSL series B2 case,6G06N03765,N,TEPSLB20J157M(35)8R,NEO B2 CAPACITOR,6/23/2026 8:46,6/28/2026 13:31,7/8/2026 7:37,9.8,7/6/2026 0:00,11664,792,12000
NEO,PSL B2,DummyEnd,Ta NEO Capacitor PSL series B2 case,6G06N03767,N,TEPSLB20J157M(35)8R,NEO B2 CAPACITOR,6/23/2026 8:46,6/29/2026 7:40,7/10/2026 19:18,11.5,7/6/2026 0:00,11664,930,12000
NEO,PSL B2,DummyEnd,Ta NEO Capacitor PSL series B2 case,6G06N03768,N,TEPSLB20J157M(35)8R,NEO B2 CAPACITOR,6/23/2026 8:46,6/29/2026 8:53,7/10/2026 19:17,11.5,7/6/2026 0:00,11618,1104,12000
NEO,PSL B2,DummyEnd,Ta NEO Capacitor PSL series B2 case,6G06N03769,N,TEPSLB20J157M(35)8R,NEO B2 CAPACITOR,6/23/2026 8:46,6/27/2026 12:35,7/7/2026 4:54,9.7,7/6/2026 0:00,11664,1664,10000
NEO,PSL B2,DummyEnd,Ta NEO Capacitor PSL series B2 case,6G06N03770,N,TEPSLB20J157M(35)8R,NEO B2 CAPACITOR,6/23/2026 8:47,6/27/2026 13:20,7/7/2026 4:48,9.6,7/6/2026 0:00,11664,1664,10000
NEO,PSL B2,DummyEnd,Ta NEO Capacitor PSL series B2 case,6G06N03771,N,TEPSLB20J157M(35)8R,NEO B2 CAPACITOR,6/23/2026 8:47,6/27/2026 13:59,7/7/2026 5:35,9.7,7/6/2026 0:00,11664,1669,10000
NEO,PSL B2,DummyEnd,Ta NEO Capacitor PSL series B2 case,6G06N03772,N,TEPSLB20J157M(35)8R,NEO B2 CAPACITOR,6/23/2026 8:47,6/29/2026 10:02,7/9/2026 23:26,10.5,7/6/2026 0:00,11664,1022,12000
NEO,PSL B2,DummyEnd,Ta NEO Capacitor PSL series B2 case,6G06N03773,N,TEPSLB20J157M(35)8R,NEO B2 CAPACITOR,6/23/2026 8:47,6/29/2026 12:57,7/8/2026 19:40,9.3,7/6/2026 0:00,11664,984,12000
NEO,PSL B2,DummyEnd,Ta NEO Capacitor PSL series B2 case,6G06N03774,N,TEPSLB20J157M(35)8R,NEO B2 CAPACITOR,6/23/2026 8:47,6/29/2026 11:30,7/9/2026 21:50,10.4,7/6/2026 0:00,11641,2150,10000
NEO,PSL B2,DummyEnd,Ta NEO Capacitor PSL series B2 case,6G06N03775,N,TEPSLB20J157M(25)8RF,NEO B2 CAPACITOR,6/23/2026 8:47,6/30/2026 7:43,7/13/2026 9:27,13.1,7/6/2026 0:00,11664,1664,10000
NEO,PSL B2,DummyEnd,Ta NEO Capacitor PSL series B2 case,6G06N03776,N,TEPSLB20J157M(25)8RF,NEO B2 CAPACITOR,6/23/2026 8:47,7/1/2026 6:56,7/11/2026 17:45,10.5,7/6/2026 0:00,11664,1664,10000
NEO,PSL B2,DummyEnd,Ta NEO Capacitor PSL series B2 case,6G06N03777,N,TEPSLB20J157M(25)8RF,NEO B2 CAPACITOR,6/23/2026 8:47,7/1/2026 6:58,7/10/2026 19:15,9.5,7/6/2026 0:00,11642,1642,10000
NEO,PSL B2,DummyEnd,Ta NEO Capacitor PSL series B2 case,6G06N03778,N,TEPSLB20J157M(25)8RF,NEO B2 CAPACITOR,6/23/2026 8:47,7/4/2026 2:50,7/15/2026 9:50,11.3,7/6/2026 0:00,11664,1664,10000
NEO,PSL B2,DummyEnd,Ta NEO Capacitor PSL series B2 case,6G06N03779,N,TEPSLB20J157M(25)8RF,NEO B2 CAPACITOR,6/23/2026 8:47,7/4/2026 2:20,7/14/2026 9:39,10.3,7/6/2026 0:00,11664,1664,10000
NEO,PSL B2,DummyEnd,Ta NEO Capacitor PSL series B2 case,6G06N03780,N,TEPSLB20J157M(25)8RF,NEO B2 CAPACITOR,6/23/2026 8:48,7/4/2026 5:32,7/14/2026 6:45,10,7/6/2026 0:00,11663,1663,10000
NEO,PSL B2,DummyEnd,Ta NEO Capacitor PSL series B2 case,6G06N03781,N,TEPSLB20J157M(25)8RF,NEO B2 CAPACITOR,6/23/2026 8:48,6/28/2026 15:49,7/9/2026 5:54,10.6,7/6/2026 0:00,11664,1664,10000
NEO,PSL B2,DummyEnd,Ta NEO Capacitor PSL series B2 case,6G06N03782,N,TEPSLB20J157M(25)8RF,NEO B2 CAPACITOR,6/23/2026 8:48,6/28/2026 16:08,7/10/2026 20:42,12.2,7/6/2026 0:00,11664,1664,10000
NEO,PSL B2,DummyEnd,Ta NEO Capacitor PSL series B2 case,6G06N03783,N,TEPSLB20J157M(25)8RF,NEO B2 CAPACITOR,6/23/2026 8:48,6/28/2026 17:58,7/8/2026 19:07,10.1,7/6/2026 0:00,11664,952,12000
NEO,PSL B2,DummyEnd,Ta NEO Capacitor PSL series B2 case,6G06N03784,N,TEPSLB20J157M(45)8R,NEO B2 CAPACITOR,6/23/2026 8:48,7/2/2026 1:22,7/12/2026 5:28,10.2,7/6/2026 0:00,11664,1664,10000
NEO,PSL B2,DummyEnd,Ta NEO Capacitor PSL series B2 case,6G06N03785,N,TEPSLB20J157M(45)8R,NEO B2 CAPACITOR,6/23/2026 8:48,7/2/2026 1:48,7/11/2026 10:12,9.4,7/6/2026 0:00,11664,1827,10000
NEO,PSL B2,DummyEnd,Ta NEO Capacitor PSL series B2 case,6G06N03786,N,TEPSLB20J157M(45)8R,NEO B2 CAPACITOR,6/23/2026 8:48,7/2/2026 1:49,7/13/2026 9:34,11.3,7/6/2026 0:00,11664,1664,10000
NEO,PSL B2,DummyEnd,Ta NEO Capacitor PSL series B2 case,6G06N03787,N,TEPSLB20J157M(45)8R,NEO B2 CAPACITOR,6/23/2026 8:48,6/27/2026 7:07,7/7/2026 20:45,10.5,7/6/2026 0:00,11664,1693,10000
NEO,PSL B2,DummyEnd,Ta NEO Capacitor PSL series B2 case,6G06N03788,N,TEPSLB20J157M(45)8R,NEO B2 CAPACITOR,6/23/2026 8:48,6/27/2026 8:06,7/7/2026 8:12,10,7/6/2026 0:00,11664,1664,10000
NEO,PSL B2,DummyEnd,Ta NEO Capacitor PSL series B2 case,6G06N03789,N,TEPSLB20J157M(45)8R,NEO B2 CAPACITOR,6/23/2026 8:48,6/27/2026 9:15,7/6/2026 20:27,9.5,7/6/2026 0:00,11653,1843,10000
NEO,PSL B2,DummyEnd,Ta NEO Capacitor PSL series B2 case,6G06N03790,N,TEPSLB20J157M(45)8R,NEO B2 CAPACITOR,6/23/2026 8:48,6/29/2026 18:05,7/10/2026 21:27,11.1,7/6/2026 0:00,11664,1664,10000
NEO,PSL B2,DummyEnd,Ta NEO Capacitor PSL series B2 case,6G06N03791,N,TEPSLB20J157M(45)8R,NEO B2 CAPACITOR,6/23/2026 8:49,6/29/2026 18:05,7/10/2026 19:21,11,7/6/2026 0:00,11664,2268,10000
NEO,PSL B2,DummyEnd,Ta NEO Capacitor PSL series B2 case,6G06N03792,N,TEPSLB20J157M(45)8R,NEO B2 CAPACITOR,6/23/2026 8:49,6/29/2026 20:05,7/10/2026 11:16,10.6,7/6/2026 0:00,11664,1664,10000
NEO,PSL B2,DummyEnd,Ta NEO Capacitor PSL series B2 case,6G06N03793,N,TEPSLB20J157M(45)8R,NEO B2 CAPACITOR,6/23/2026 8:49,6/30/2026 10:25,7/10/2026 23:17,10.5,7/6/2026 0:00,11664,603,12000
NEO,PSL B2,DummyEnd,Ta NEO Capacitor PSL series B2 case,6G06N03794,N,TEPSLB20J157M(45)8R,NEO B2 CAPACITOR,6/23/2026 8:49,6/30/2026 13:12,7/10/2026 7:48,9.8,7/6/2026 0:00,11664,1327,12000
NEO,PSL B2,DummyEnd,Ta NEO Capacitor PSL series B2 case,6G06N03795,N,TEPSLB20J157M(45)8R,NEO B2 CAPACITOR,6/23/2026 8:49,6/30/2026 18:50,7/11/2026 8:54,10.6,7/6/2026 0:00,10724,724,10000
NEO,PSL B2,DummyEnd,Ta NEO Capacitor PSL series B2 case,6G06N03796,N,TEPSLB21E156M8R,NEO B2 CAPACITOR,6/23/2026 8:49,6/26/2026 5:00,7/5/2026 1:45,8.8,7/6/2026 0:00,11664,1664,10000
NEO,PSL B2,DummyEnd,Ta NEO Capacitor PSL series B2 case,6G06N03797,N,TEPSLB21E156M8R,NEO B2 CAPACITOR,6/23/2026 8:49,6/26/2026 5:00,7/4/2026 6:25,8,7/6/2026 0:00,11664,1664,10000
NEO,PSL B2,DummyEnd,Ta NEO Capacitor PSL series B2 case,6G06N03798,N,TEPSLB21E156M8R,NEO B2 CAPACITOR,6/23/2026 8:49,6/26/2026 4:59,7/4/2026 7:14,8.1,7/6/2026 0:00,11607,1607,10000
NEO,PSL B2,DummyEnd,Ta NEO Capacitor PSL series B2 case,6G06N03799,N,TEPSLB21E156M8R,NEO B2 CAPACITOR,6/23/2026 8:49,6/27/2026 5:30,7/5/2026 2:49,7.9,7/6/2026 0:00,11664,1664,10000
NEO,PSL B2,DummyEnd,Ta NEO Capacitor PSL series B2 case,6G06N03800,N,TEPSLB21E156M8R,NEO B2 CAPACITOR,6/23/2026 8:49,6/27/2026 6:43,7/5/2026 19:27,8.5,7/6/2026 0:00,11664,1021,12000
NEO,PSL B2,DummyEnd,Ta NEO Capacitor PSL series B2 case,6G06N03801,N,TEPSLB21E156M8R,NEO B2 CAPACITOR,6/23/2026 8:49,6/27/2026 6:43,7/5/2026 2:40,7.8,7/6/2026 0:00,11585,720,12000
NEO,PSL B2,DummyEnd,Ta NEO Capacitor PSL series B2 case,6G06N03802,N,TEPSLB21E156M8R,NEO B2 CAPACITOR,6/23/2026 8:50,6/26/2026 4:10,7/3/2026 15:02,7.5,7/6/2026 0:00,11664,1664,10000
NEO,PSL B2,DummyEnd,Ta NEO Capacitor PSL series B2 case,6G06N03803,N,TEPSLB21E156M8R,NEO B2 CAPACITOR,6/23/2026 8:50,6/26/2026 4:10,7/5/2026 2:48,8.9,7/6/2026 0:00,11664,1664,10000
NEO,PSL B2,DummyEnd,Ta NEO Capacitor PSL series B2 case,6G06N03804,N,TEPSLB21E156M8R,NEO B2 CAPACITOR,6/23/2026 8:50,6/26/2026 4:10,7/5/2026 2:34,8.9,7/6/2026 0:00,11521,2752,10000
NEO,PSL B2,DummyEnd,Ta NEO Capacitor PSL series B2 case,6G06N03805,N,TEPSLB21E156M8R,NEO B2 CAPACITOR,6/23/2026 8:50,6/25/2026 20:49,7/3/2026 15:41,7.8,7/6/2026 0:00,11664,1664,10000
NEO,PSL B2,DummyEnd,Ta NEO Capacitor PSL series B2 case,6G06N03806,N,TEPSLB21E156M8R,NEO B2 CAPACITOR,6/23/2026 8:50,6/25/2026 20:50,7/4/2026 6:15,8.4,7/6/2026 0:00,11664,1664,10000
NEO,PSL B2,DummyEnd,Ta NEO Capacitor PSL series B2 case,6G06N03807,N,TEPSLB21E156M8R,NEO B2 CAPACITOR,6/23/2026 8:50,6/25/2026 20:50,7/4/2026 7:13,8.5,7/6/2026 0:00,11628,1628,10000
NEO,PSL B2,DummyEnd,Ta NEO Capacitor PSL series B2 case,6G06N03808,N,TEPSLB21E156M8R,NEO B2 CAPACITOR,6/23/2026 8:50,6/27/2026 17:25,7/5/2026 16:51,8,7/6/2026 0:00,11664,505,12000
NEO,PSL B2,DummyEnd,Ta NEO Capacitor PSL series B2 case,6G06N03809,N,TEPSLB21E156M8R,NEO B2 CAPACITOR,6/23/2026 8:56,6/27/2026 17:51,7/5/2026 19:25,8.1,7/6/2026 0:00,11664,1664,10000
NEO,PSL B2,DummyEnd,Ta NEO Capacitor PSL series B2 case,6G06N03810,N,TEPSLB21E156M8R,NEO B2 CAPACITOR,6/23/2026 8:56,6/27/2026 17:52,7/5/2026 16:50,8,7/6/2026 0:00,11641,1883,10000
NEO,PSL B2,DummyEnd,Ta NEO Capacitor PSL series B2 case,6G06N03811,N,TEPSLB21E156M8R,NEO B2 CAPACITOR,6/23/2026 8:56,6/27/2026 7:25,7/5/2026 16:46,8.4,7/6/2026 0:00,11664,1096,12000
NEO,PSL B2,DummyEnd,Ta NEO Capacitor PSL series B2 case,6G06N03812,N,TEPSLB21E156M8R,NEO B2 CAPACITOR,6/23/2026 8:56,6/27/2026 8:29,7/5/2026 2:47,7.8,7/6/2026 0:00,11664,1664,10000
NEO,PSL B2,DummyEnd,Ta NEO Capacitor PSL series B2 case,6G06N03813,N,TEPSLB21E156M8R,NEO B2 CAPACITOR,6/23/2026 8:56,6/27/2026 10:03,7/4/2026 17:33,7.3,7/6/2026 0:00,11664,1664,10000
NEO,PSL B2,DummyEnd,Ta NEO Capacitor PSL series B2 case,6G06N03814,N,TEPSLB21E156M8R,NEO B2 CAPACITOR,6/23/2026 8:56,6/25/2026 5:01,7/5/2026 2:40,9.9,7/6/2026 0:00,11664,1918,10000
NEO,PSL B2,DummyEnd,Ta NEO Capacitor PSL series B2 case,6G06N03815,N,TEPSLB21E156M8R,NEO B2 CAPACITOR,6/23/2026 8:56,6/25/2026 5:01,7/4/2026 5:56,9,7/6/2026 0:00,11664,1664,10000
NEO,PSL B2,DummyEnd,Ta NEO Capacitor PSL series B2 case,6G06N03816,N,TEPSLB21E156M8R,NEO B2 CAPACITOR,6/23/2026 8:57,6/25/2026 5:01,7/5/2026 19:50,10.6,7/6/2026 0:00,11594,1594,10000
NEO,PSL B2,DummyEnd,Ta NEO Capacitor PSL series B2 case,6G06N03817,N,TEPSLB21E156M8RFT,NEO B2 CAPACITOR,6/23/2026 8:57,6/25/2026 2:52,7/4/2026 7:44,9.2,7/6/2026 0:00,11664,1664,10000
NEO,PSL B2,DummyEnd,Ta NEO Capacitor PSL series B2 case,6G06N03818,N,TEPSLB21E156M8RFT,NEO B2 CAPACITOR,6/23/2026 8:57,6/25/2026 1:57,7/4/2026 9:53,9.3,7/6/2026 0:00,11664,597,12000
NEO,PSL B2,DummyEnd,Ta NEO Capacitor PSL series B2 case,6G06N03819,N,TEPSLB21E156M8RFT,NEO B2 CAPACITOR,6/23/2026 8:57,6/25/2026 1:57,7/6/2026 5:04,11.2,7/6/2026 0:00,11613,1596,12000
NEO,PSL B2,DummyEnd,Ta NEO Capacitor PSL series B2 case,6G06N03820,N,TEPSLB21E156M8RFT,NEO B2 CAPACITOR,6/23/2026 8:57,6/25/2026 20:43,7/3/2026 18:23,7.9,7/6/2026 0:00,11664,1664,10000
NEO,PSL B2,DummyEnd,Ta NEO Capacitor PSL series B2 case,6G06N03821,N,TEPSLB21E156M8RFT,NEO B2 CAPACITOR,6/23/2026 8:57,6/25/2026 20:44,7/4/2026 14:51,8.8,7/6/2026 0:00,11664,755,12000
NEO,PSL B2,DummyEnd,Ta NEO Capacitor PSL series B2 case,6G06N03822,N,TEPSLB21E156M8RFT,NEO B2 CAPACITOR,6/23/2026 8:57,6/25/2026 20:44,7/5/2026 2:37,9.3,7/6/2026 0:00,11556,2086,10000
NEO,PSL B2,DummyEnd,Ta NEO Capacitor PSL series B2 case,6G06N03823,N,TEPSLB21E156M8RFT,NEO B2 CAPACITOR,6/23/2026 8:57,6/26/2026 9:46,7/4/2026 15:01,8.3,7/6/2026 0:00,11664,2693,10000
NEO,PSL B2,DummyEnd,Ta NEO Capacitor PSL series B2 case,6G06N03824,N,TEPSLB21E156M8RFT,NEO B2 CAPACITOR,6/23/2026 8:57,6/26/2026 10:56,7/3/2026 18:24,7.3,7/6/2026 0:00,11664,1664,10000
NEO,PSL B2,DummyEnd,Ta NEO Capacitor PSL series B2 case,6G06N03825,N,TEPSLB21E156M8RFT,NEO B2 CAPACITOR,6/23/2026 8:57,6/26/2026 14:01,7/4/2026 6:07,7.7,7/6/2026 0:00,11545,1545,10000
NEO,PSL B2,DummyEnd,Ta NEO Capacitor PSL series B2 case,6G06N03826,N,TEPSLB21E156M8RFT,NEO B2 CAPACITOR,6/23/2026 8:57,6/25/2026 17:08,7/4/2026 7:22,8.6,7/6/2026 0:00,11664,1664,10000
NEO,PSL B2,DummyEnd,Ta NEO Capacitor PSL series B2 case,6G06N03827,N,TEPSLB21E156M8RFT,NEO B2 CAPACITOR,6/23/2026 8:58,6/25/2026 17:08,7/4/2026 9:38,8.7,7/6/2026 0:00,11664,1085,12000
NEO,PSL B2,DummyEnd,Ta NEO Capacitor PSL series B2 case,6G06N03828,N,TEPSLB21E156M8RFT,NEO B2 CAPACITOR,6/23/2026 8:58,6/25/2026 17:08,7/5/2026 19:16,10.1,7/6/2026 0:00,11539,766,12000
NEO,PSL B2,DummyEnd,Ta NEO Capacitor PSL series B2 case,6G06N03829,N,TEPSLB21E156M8RFT,NEO B2 CAPACITOR,6/23/2026 8:58,6/26/2026 1:22,7/4/2026 7:04,8.3,7/6/2026 0:00,11664,1664,10000
NEO,PSL B2,DummyEnd,Ta NEO Capacitor PSL series B2 case,6G06N03830,N,TEPSLB21E156M8RFT,NEO B2 CAPACITOR,6/23/2026 8:58,6/26/2026 2:42,7/6/2026 18:32,10.7,7/6/2026 0:00,11664,1070,12000
NEO,PSL B2,DummyEnd,Ta NEO Capacitor PSL series B2 case,6G06N03831,N,TEPSLB21E156M8RFT,NEO B2 CAPACITOR,6/23/2026 8:58,6/26/2026 3:51,7/5/2026 2:32,9,7/6/2026 0:00,11664,967,12000
NEO,PSL B2,DummyEnd,Ta NEO Capacitor PSL series B2 case,6G06N03832,N,TEPSLB21E156M8RFT,NEO B2 CAPACITOR,6/23/2026 8:58,6/25/2026 7:51,7/4/2026 9:51,9.1,7/6/2026 0:00,11664,1664,10000
NEO,PSL B2,DummyEnd,Ta NEO Capacitor PSL series B2 case,6G06N03833,N,TEPSLB21E156M8RFT,NEO B2 CAPACITOR,6/23/2026 8:58,6/25/2026 9:49,7/4/2026 6:06,8.9,7/6/2026 0:00,11664,1664,10000
NEO,PSL B2,DummyEnd,Ta NEO Capacitor PSL series B2 case,6G06N03834,N,TEPSLB21E156M8RFT,NEO B2 CAPACITOR,6/23/2026 8:58,6/25/2026 10:35,7/5/2026 9:39,10,7/6/2026 0:00,11578,3578,8000
NEO,PSL B2,DummyEnd,Ta NEO Capacitor PSL series B2 case,6G06N03835,N,TEPSLB21E156M8RFT,NEO B2 CAPACITOR,6/23/2026 8:58,6/28/2026 15:49,7/6/2026 9:46,7.8,7/6/2026 0:00,11664,1664,10000
NEO,PSL B2,DummyEnd,Ta NEO Capacitor PSL series B2 case,6G06N03836,N,TEPSLB21E156M8RFT,NEO B2 CAPACITOR,6/23/2026 8:58,6/28/2026 16:08,7/7/2026 20:57,9.2,7/6/2026 0:00,11664,1664,10000
NEO,PSL B2,DummyEnd,Ta NEO Capacitor PSL series B2 case,6G06N03837,N,TEPSLB21E156M8RFT,NEO B2 CAPACITOR,6/23/2026 8:58,6/28/2026 17:23,7/6/2026 16:04,8,7/6/2026 0:00,11608,1981,10000
NEO,PSL B2,DummyEnd,Ta NEO Capacitor PSL series B2 case,6G06N03838,N,TEPSLB21E156M1008RKT2,NEO B2 CAPACITOR,6/23/2026 8:59,6/27/2026 2:20,7/5/2026 2:42,8,7/6/2026 0:00,11664,1677,10000
NEO,PSL B2,DummyEnd,Ta NEO Capacitor PSL series B2 case,6G06N03839,N,TEPSLB21E156M1008RKT2,NEO B2 CAPACITOR,6/23/2026 8:59,6/27/2026 3:34,7/4/2026 14:50,7.5,7/6/2026 0:00,11664,251,12000
NEO,PSL B2,DummyEnd,Ta NEO Capacitor PSL series B2 case,6G06N03840,N,TEPSLB21E156M1008RKT2,NEO B2 CAPACITOR,6/23/2026 8:59,6/27/2026 5:29,7/5/2026 2:44,7.9,7/6/2026 0:00,11543,756,12000
NEO,PSL B2,DummyEnd,Ta NEO Capacitor PSL series B2 case,6G06N03841,N,TEPSLB21E156M1008RKT2,NEO B2 CAPACITOR,6/23/2026 8:59,6/25/2026 13:35,7/5/2026 2:43,9.5,7/6/2026 0:00,11664,1664,10000
NEO,PSL B2,DummyEnd,Ta NEO Capacitor PSL series B2 case,6G06N03842,N,TEPSLB21E156M1008RKT2,NEO B2 CAPACITOR,6/23/2026 8:59,6/25/2026 14:27,7/6/2026 2:55,10.5,7/6/2026 0:00,11664,1677,10000
NEO,PSL B2,DummyEnd,Ta NEO Capacitor PSL series B2 case,6G06N03843,N,TEPSLB21E156M1008RKT2,NEO B2 CAPACITOR,6/23/2026 8:59,6/25/2026 14:27,7/5/2026 9:40,9.8,7/6/2026 0:00,11605,1605,10000
NEO,PSL B2,DummyEnd,Ta NEO Capacitor PSL series B2 case,6G06N03844,N,TEPSLB21E156M1008RKT2,NEO B2 CAPACITOR,6/23/2026 8:59,6/26/2026 19:41,7/4/2026 17:44,7.9,7/6/2026 0:00,11664,1664,10000
NEO,PSL B2,DummyEnd,Ta NEO Capacitor PSL series B2 case,6G06N03845,N,TEPSLB21E156M1008RKT2,NEO B2 CAPACITOR,6/23/2026 8:59,6/26/2026 19:41,7/5/2026 2:35,8.3,7/6/2026 0:00,11664,1664,10000
NEO,PSL B2,DummyEnd,Ta NEO Capacitor PSL series B2 case,6G06N03846,N,TEPSLB21E156M1008RKT2,NEO B2 CAPACITOR,6/23/2026 8:59,6/26/2026 19:42,7/5/2026 3:48,8.3,7/6/2026 0:00,11540,896,12000
NEO,PSL B2,DummyEnd,Ta NEO Capacitor PSL series B2 case,6G06N03847,N,TEPSLB21E156M1008RKT2,NEO B2 CAPACITOR,6/23/2026 8:59,7/7/2026 19:03,7/16/2026 14:48,8.8,7/6/2026 0:00,11664,1048,12000
NEO,PSL B2,DummyEnd,Ta NEO Capacitor PSL series B2 case,6G06N03848,N,TEPSLB21E156M1008RKT2,NEO B2 CAPACITOR,6/23/2026 8:59,7/7/2026 21:51,7/16/2026 6:36,8.4,7/6/2026 0:00,11664,2189,10000
NEO,PSL B2,DummyEnd,Ta NEO Capacitor PSL series B2 case,6G06N03849,N,TEPSLB21E156M1008RKT2,NEO B2 CAPACITOR,6/23/2026 8:59,7/7/2026 21:51,7/16/2026 10:52,8.5,7/6/2026 0:00,11639,2279,10000
NEO,PSL B2,DummyEnd,Ta NEO Capacitor PSL series B2 case,6G07N03679,N,TEPSLB20J157M18CPF8R,NEO B2 CAPACITOR,6/23/2026 8:37,6/28/2026 14:04,7/16/2026 10:44,17.8,7/7/2026 0:00,11664,990,12000
NEO,PSL B2,DummyEnd,Ta NEO Capacitor PSL series B2 case,6G07N03680,N,TEPSLB20J157M18CPF8R,NEO B2 CAPACITOR,6/23/2026 8:37,6/28/2026 14:04,7/16/2026 10:46,17.8,7/7/2026 0:00,11664,1664,10000
NEO,PSL B2,DummyEnd,Ta NEO Capacitor PSL series B2 case,6G07N03681,N,TEPSLB20J157M18CPF8R,NEO B2 CAPACITOR,6/23/2026 8:37,6/28/2026 15:49,7/15/2026 16:45,17,7/7/2026 0:00,11435,1435,10000
NEO,PSL B2,DummyEnd,Ta NEO Capacitor PSL series B2 case,6G07N03682,N,TEPSLB20J157M18CPF8R,NEO B2 CAPACITOR,6/23/2026 8:37,6/27/2026 4:44,7/13/2026 10:11,16.3,7/7/2026 0:00,11664,1664,10000
NEO,PSL B2,DummyEnd,Ta NEO Capacitor PSL series B2 case,6G07N03683,N,TEPSLB20J157M18CPF8R,NEO B2 CAPACITOR,6/23/2026 8:37,6/27/2026 8:03,7/16/2026 10:48,19.1,7/7/2026 0:00,11664,1664,10000
NEO,PSL B2,DummyEnd,Ta NEO Capacitor PSL series B2 case,6G07N03684,N,TEPSLB20J157M18CPF8R,NEO B2 CAPACITOR,6/23/2026 8:37,6/27/2026 9:37,7/13/2026 16:40,16.3,7/7/2026 0:00,11626,1626,10000
NEO,PSL B2,DummyEnd,Ta NEO Capacitor PSL series B2 case,6G07N03685,N,TEPSLB20J157M18CPF8R,NEO B2 CAPACITOR,6/23/2026 8:37,6/27/2026 3:15,7/12/2026 19:01,15.7,7/7/2026 0:00,11664,1404,12000
NEO,PSL B2,DummyEnd,Ta NEO Capacitor PSL series B2 case,6G07N03686,N,TEPSLB20J157M18CPF8R,NEO B2 CAPACITOR,6/23/2026 8:37,6/27/2026 4:24,7/16/2026 10:35,19.3,7/7/2026 0:00,11664,1664,10000
NEO,PSL B2,DummyEnd,Ta NEO Capacitor PSL series B2 case,6G07N03688,N,TEPSLB20J157M18CPF8R,NEO B2 CAPACITOR,6/23/2026 8:38,6/27/2026 12:36,7/13/2026 16:38,16.2,7/7/2026 0:00,11664,1664,10000
NEO,PSL B2,DummyEnd,Ta NEO Capacitor PSL series B2 case,6G07N03689,N,TEPSLB20J157M18CPF8R,NEO B2 CAPACITOR,6/23/2026 8:38,6/27/2026 14:22,7/13/2026 16:42,16.1,7/7/2026 0:00,11664,1664,10000
NEO,PSL B2,DummyEnd,Ta NEO Capacitor PSL series B2 case,6G07N03690,N,TEPSLB20J157M18CPF8R,NEO B2 CAPACITOR,6/23/2026 8:38,6/27/2026 15:26,7/16/2026 11:22,18.8,7/7/2026 0:00,11601,1601,10000
NEO,PSL B2,DummyEnd,Ta NEO Capacitor PSL series B2 case,6G07N03691,N,TEPSLB20J157M18CPF8R,NEO B2 CAPACITOR,6/23/2026 8:38,6/26/2026 22:44,7/13/2026 4:39,16.3,7/7/2026 0:00,11664,1195,12000
NEO,PSL B2,DummyEnd,Ta NEO Capacitor PSL series B2 case,6G07N03692,N,TEPSLB20J157M18CPF8R,NEO B2 CAPACITOR,6/23/2026 8:38,6/27/2026 1:58,7/14/2026 5:38,17.2,7/7/2026 0:00,11664,921,12000
NEO,PSL B2,DummyEnd,Ta NEO Capacitor PSL series B2 case,6G07N03693,N,TEPSLB20J157M18CPF8R,NEO B2 CAPACITOR,6/23/2026 8:38,6/27/2026 3:07,7/8/2026 18:08,11.6,7/7/2026 0:00,11602,1602,10000
NEO,PSL B2,DummyEnd,Ta NEO Capacitor PSL series B2 case,6G07N03694,N,TEPSLB20J157M18CPF8R,NEO B2 CAPACITOR,6/23/2026 8:38,6/28/2026 3:53,7/7/2026 23:07,9.8,7/7/2026 0:00,11664,950,12000
NEO,PSL B2,DummyEnd,Ta NEO Capacitor PSL series B2 case,6G07N03696,N,TEPSLB20J157M18CPF8R,NEO B2 CAPACITOR,6/23/2026 8:38,6/28/2026 7:31,7/15/2026 20:18,17.5,7/7/2026 0:00,11664,1664,10000
NEO,PSL B2,DummyEnd,Ta NEO Capacitor PSL series B2 case,6G07N03697,N,TEPSLB20J157M18CPF8R,NEO B2 CAPACITOR,6/23/2026 8:38,6/25/2026 15:35,7/9/2026 19:30,14.2,7/7/2026 0:00,11664,926,12000
NEO,PSL B2,DummyEnd,Ta NEO Capacitor PSL series B2 case,6G07N03698,N,TEPSLB20J157M18CPF8R,NEO B2 CAPACITOR,6/23/2026 8:38,6/25/2026 15:35,7/9/2026 20:43,14.2,7/7/2026 0:00,11664,2345,10000
NEO,PSL B2,DummyEnd,Ta NEO Capacitor PSL series B2 case,6G07N03699,N,TEPSLB20J157M18CPF8R,NEO B2 CAPACITOR,6/23/2026 8:38,6/25/2026 15:35,7/12/2026 11:11,16.8,7/7/2026 0:00,11664,850,12000
NEO,PSL B2,DummyEnd,Ta NEO Capacitor PSL series B2 case,6G07N03700,N,TEPSLB20J157M18CPF8R,NEO B2 CAPACITOR,6/23/2026 8:39,6/28/2026 2:46,7/14/2026 5:49,16.1,7/7/2026 0:00,11664,1664,10000
NEO,PSL B2,DummyEnd,Ta NEO Capacitor PSL series B2 case,6G07N03701,N,TEPSLB20J157M18CPF8R,NEO B2 CAPACITOR,6/23/2026 8:39,6/28/2026 9:18,7/16/2026 10:50,18,7/7/2026 0:00,11664,1664,10000
NEO,PSL B2,DummyEnd,Ta NEO Capacitor PSL series B2 case,6G07N03702,N,TEPSLB20J157M18CPF8R,NEO B2 CAPACITOR,6/23/2026 8:39,6/28/2026 9:36,7/16/2026 21:30,18.5,7/7/2026 0:00,11664,1664,10000
NEO,PSL B2,DummyEnd,Ta NEO Capacitor PSL series B2 case,6G07N03703,N,TEPSLB20J157M18CPF8R,NEO B2 CAPACITOR,6/23/2026 8:39,6/25/2026 10:36,7/12/2026 11:15,17,7/7/2026 0:00,11664,1664,10000
NEO,PSL B2,DummyEnd,Ta NEO Capacitor PSL series B2 case,6G07N03704,N,TEPSLB20J157M18CPF8R,NEO B2 CAPACITOR,6/23/2026 8:39,6/25/2026 13:36,7/12/2026 10:34,16.9,7/7/2026 0:00,11664,1619,12000
NEO,PSL B2,DummyEnd,Ta NEO Capacitor PSL series B2 case,6G07N03705,N,TEPSLB20J157M18CPF8R,NEO B2 CAPACITOR,6/23/2026 8:39,6/25/2026 14:05,7/7/2026 19:07,12.2,7/7/2026 0:00,11664,1956,10000
NEO,PSL B2,DummyEnd,Ta NEO Capacitor PSL series B2 case,6G07N03706,N,TEPSLB20J157M18CPF8R,NEO B2 CAPACITOR,6/23/2026 8:39,6/28/2026 8:23,7/15/2026 17:23,17.4,7/7/2026 0:00,11664,1664,10000
NEO,PSL B2,DummyEnd,Ta NEO Capacitor PSL series B2 case,6G07N03707,N,TEPSLB20J157M18CPF8R,NEO B2 CAPACITOR,6/23/2026 8:39,6/28/2026 2:01,7/16/2026 10:50,18.3,7/7/2026 0:00,11664,1664,10000
NEO,PSL B2,DummyEnd,Ta NEO Capacitor PSL series B2 case,6G07N03708,N,TEPSLB20J157M18CPF8R,NEO B2 CAPACITOR,6/23/2026 8:39,6/28/2026 2:47,7/16/2026 10:48,18.3,7/7/2026 0:00,11664,1664,10000
NEO,PSL B2,DummyEnd,Ta NEO Capacitor PSL series B2 case,6G07N04290,N,TEPSLB20E337M(15)8R,NEO B2 CAPACITOR,6/24/2026 7:42,6/30/2026 21:56,7/10/2026 10:42,9.5,7/7/2026 0:00,11664,1664,10000
NEO,PSL B2,DummyEnd,Ta NEO Capacitor PSL series B2 case,6G07N04291,N,TEPSLB20E337M(15)8R,NEO B2 CAPACITOR,6/24/2026 7:43,7/1/2026 0:27,7/10/2026 19:44,9.8,7/7/2026 0:00,11664,1764,10000
NEO,PSL B2,DummyEnd,Ta NEO Capacitor PSL series B2 case,6G07N04292,N,TEPSLB20E337M(15)8R,NEO B2 CAPACITOR,6/24/2026 7:43,7/1/2026 1:56,7/10/2026 20:43,9.8,7/7/2026 0:00,10965,2345,10000
NEO,PSL B2,DummyEnd,Ta NEO Capacitor PSL series B2 case,6G07N04293,N,TEPSLB20E337M(15)8R,NEO B2 CAPACITOR,6/24/2026 7:43,7/1/2026 3:34,7/10/2026 20:12,9.7,7/7/2026 0:00,11664,799,12000
NEO,PSL B2,DummyEnd,Ta NEO Capacitor PSL series B2 case,6G07N04294,N,TEPSLB20E337M(15)8R,NEO B2 CAPACITOR,6/24/2026 7:43,7/1/2026 4:10,7/10/2026 20:44,9.7,7/7/2026 0:00,11664,859,12000
NEO,PSL B2,DummyEnd,Ta NEO Capacitor PSL series B2 case,6G07N04295,N,TEPSLB20E337M(15)8R,NEO B2 CAPACITOR,6/24/2026 7:43,7/1/2026 4:10,7/10/2026 18:59,9.6,7/7/2026 0:00,11664,1065,12000
NEO,PSL B2,DummyEnd,Ta NEO Capacitor PSL series B2 case,6G07N04296,N,TEPSLB20J157M18HF8R,NEO B2 CAPACITOR,6/24/2026 7:43,6/28/2026 20:21,7/10/2026 23:19,12.1,7/7/2026 0:00,11664,673,12000
NEO,PSL B2,DummyEnd,Ta NEO Capacitor PSL series B2 case,6G07N04297,N,TEPSLB20J157M18HF8R,NEO B2 CAPACITOR,6/24/2026 7:43,6/28/2026 22:12,7/8/2026 20:05,9.9,7/7/2026 0:00,11664,1012,12000
NEO,PSL B2,DummyEnd,Ta NEO Capacitor PSL series B2 case,6G07N04298,N,TEPSLB20J157M18HF8R,NEO B2 CAPACITOR,6/24/2026 7:43,6/28/2026 22:15,7/8/2026 23:12,10,7/7/2026 0:00,11664,1664,10000
NEO,PSL B2,DummyEnd,Ta NEO Capacitor PSL series B2 case,6G07N04299,N,TEPSLB20J157M18HF8R,NEO B2 CAPACITOR,6/24/2026 7:43,7/1/2026 13:54,7/10/2026 18:59,9.2,7/7/2026 0:00,11664,922,12000
NEO,PSL B2,DummyEnd,Ta NEO Capacitor PSL series B2 case,6G07N04300,N,TEPSLB20J157M18HF8R,NEO B2 CAPACITOR,6/24/2026 7:43,7/1/2026 13:14,7/9/2026 22:55,8.4,7/7/2026 0:00,11664,1488,12000
NEO,PSL B2,DummyEnd,Ta NEO Capacitor PSL series B2 case,6G07N04301,N,TEPSLB20J157M18HF8R,NEO B2 CAPACITOR,6/24/2026 7:44,7/1/2026 13:14,7/13/2026 19:19,12.3,7/7/2026 0:00,11664,1664,10000
NEO,PSL B2,DummyEnd,Ta NEO Capacitor PSL series B2 case,6G07N04302,N,TEPSLB20J157M18HF8R,NEO B2 CAPACITOR,6/24/2026 7:44,6/29/2026 18:03,7/10/2026 6:12,10.5,7/7/2026 0:00,11664,1217,12000
NEO,PSL B2,DummyEnd,Ta NEO Capacitor PSL series B2 case,6G07N04303,N,TEPSLB20J157M18HF8R,NEO B2 CAPACITOR,6/24/2026 7:44,6/29/2026 18:03,7/10/2026 2:54,10.3,7/7/2026 0:00,11664,1664,10000
NEO,PSL B2,DummyEnd,Ta NEO Capacitor PSL series B2 case,6G07N04304,N,TEPSLB20J157M18HF8R,NEO B2 CAPACITOR,6/24/2026 7:44,6/29/2026 18:01,7/9/2026 8:43,9.6,7/7/2026 0:00,11664,879,12000
NEO,PSL B2,DummyEnd,Ta NEO Capacitor PSL series B2 case,6G07N04305,N,TEPSLB20J157M18HF8R,NEO B2 CAPACITOR,6/24/2026 7:44,6/29/2026 2:55,7/8/2026 2:55,9,7/7/2026 0:00,11664,1664,10000
NEO,PSL B2,DummyEnd,Ta NEO Capacitor PSL series B2 case,6G07N04306,N,TEPSLB20J157M18HF8R,NEO B2 CAPACITOR,6/24/2026 7:44,6/29/2026 3:17,7/10/2026 19:11,11.7,7/7/2026 0:00,11664,1694,10000
NEO,PSL B2,DummyEnd,Ta NEO Capacitor PSL series B2 case,6G07N04307,N,TEPSLB20J157M18HF8R,NEO B2 CAPACITOR,6/24/2026 7:44,6/29/2026 4:25,7/9/2026 19:29,10.6,7/7/2026 0:00,11663,2061,10000
NEO,PSL B2,DummyEnd,Ta NEO Capacitor PSL series B2 case,6G07N04308,N,TEPSLB20J157M18HF8R,NEO B2 CAPACITOR,6/24/2026 7:44,6/28/2026 20:20,7/7/2026 22:57,9.1,7/7/2026 0:00,11664,1664,10000
NEO,PSL B2,DummyEnd,Ta NEO Capacitor PSL series B2 case,6G07N04310,N,TEPSLB20J157M18HF8R,NEO B2 CAPACITOR,6/24/2026 7:45,6/29/2026 2:55,7/8/2026 4:57,9.1,7/7/2026 0:00,11664,964,12000
NEO,PSL B2,DummyEnd,Ta NEO Capacitor PSL series B2 case,6G07N04311,N,TEPSLB20J157M18HF8R,NEO B2 CAPACITOR,6/24/2026 7:45,7/2/2026 9:27,7/12/2026 19:08,10.4,7/7/2026 0:00,11664,1664,10000
NEO,PSL B2,DummyEnd,Ta NEO Capacitor PSL series B2 case,6G07N04312,N,TEPSLB20J157M18HF8R,NEO B2 CAPACITOR,6/24/2026 7:45,7/2/2026 9:27,7/11/2026 22:28,9.5,7/7/2026 0:00,11664,910,12000
NEO,PSL B2,DummyEnd,Ta NEO Capacitor PSL series B2 case,6G07N04313,N,TEPSLB20J157M18HF8R,NEO B2 CAPACITOR,6/24/2026 7:45,7/2/2026 9:27,7/11/2026 7:28,8.9,7/7/2026 0:00,11664,1402,12000
NEO,PSL B2,DummyEnd,Ta NEO Capacitor PSL series B2 case,6G07N04314,N,TEPSLB20J157M18HF8R,NEO B2 CAPACITOR,6/24/2026 7:45,7/1/2026 2:49,7/12/2026 10:33,11.3,7/7/2026 0:00,11664,1664,10000
NEO,PSL B2,DummyEnd,Ta NEO Capacitor PSL series B2 case,6G07N04315,N,TEPSLB20J157M18HF8R,NEO B2 CAPACITOR,6/24/2026 7:45,7/1/2026 2:33,7/11/2026 8:56,10.3,7/7/2026 0:00,11664,1664,10000
NEO,PSL B2,DummyEnd,Ta NEO Capacitor PSL series B2 case,6G07N04316,N,TEPSLB20J157M18HF8R,NEO B2 CAPACITOR,6/24/2026 7:45,7/1/2026 2:34,7/11/2026 3:30,10,7/7/2026 0:00,11664,1329,12000
NEO,PSL B2,DummyEnd,Ta NEO Capacitor PSL series B2 case,6G07N04317,N,TEPSLB20J157M18HF8R,NEO B2 CAPACITOR,6/24/2026 7:45,6/28/2026 17:59,7/7/2026 21:35,9.2,7/7/2026 0:00,11664,2068,10000
NEO,PSL B2,DummyEnd,Ta NEO Capacitor PSL series B2 case,6G07N04318,N,TEPSLB20J157M18HF8R,NEO B2 CAPACITOR,6/24/2026 7:45,6/28/2026 19:50,7/9/2026 19:41,11,7/7/2026 0:00,11664,966,12000
NEO,PSL B2,DummyEnd,Ta NEO Capacitor PSL series B2 case,6G07N04319,N,TEPSLB20J157M18HF8R,NEO B2 CAPACITOR,6/24/2026 7:46,6/29/2026 1:29,7/14/2026 5:57,15.2,7/7/2026 0:00,11639,847,12000
NEO,PSL B2,DummyEnd,Ta NEO Capacitor PSL series B2 case,6G07N04320,N,TEPSLB20J157M18HF8R,NEO B2 CAPACITOR,6/24/2026 7:46,6/29/2026 5:52,7/8/2026 20:40,9.6,7/7/2026 0:00,11664,1664,10000
NEO,PSL B2,DummyEnd,Ta NEO Capacitor PSL series B2 case,6G07N04321,N,TEPSLB20J157M18HF8R,NEO B2 CAPACITOR,6/24/2026 7:46,6/29/2026 7:48,7/8/2026 22:41,9.6,7/7/2026 0:00,11664,2189,10000
NEO,PSL B2,DummyEnd,Ta NEO Capacitor PSL series B2 case,6G07N04322,N,TEPSLB20J157M18HF8R,NEO B2 CAPACITOR,6/24/2026 7:46,6/29/2026 8:18,7/10/2026 19:04,11.5,7/7/2026 0:00,11646,2384,10000
NEO,PSL B2,DummyEnd,Ta NEO Capacitor PSL series B2 case,6G07N04323,N,TEPSLB20J157M18HF8R,NEO B2 CAPACITOR,6/24/2026 7:46,6/30/2026 10:25,7/9/2026 19:19,9.4,7/7/2026 0:00,11664,1664,10000
NEO,PSL B2,DummyEnd,Ta NEO Capacitor PSL series B2 case,6G07N04324,N,TEPSLB20J157M18HF8R,NEO B2 CAPACITOR,6/24/2026 7:46,6/30/2026 13:31,7/9/2026 19:15,9.3,7/7/2026 0:00,11664,525,12000
NEO,PSL B2,DummyEnd,Ta NEO Capacitor PSL series B2 case,6G07N04325,N,TEPSLB20J157M18HF8R,NEO B2 CAPACITOR,6/24/2026 7:46,6/30/2026 13:30,7/9/2026 19:14,9.3,7/7/2026 0:00,11664,724,12000
NEO,PSL B2,DummyEnd,Ta NEO Capacitor PSL series B2 case,6G07N04326,N,TEPSLB20J157M18HF8R,NEO B2 CAPACITOR,6/24/2026 7:46,6/30/2026 3:00,7/8/2026 20:06,8.7,7/7/2026 0:00,11664,860,12000
NEO,PSL B2,DummyEnd,Ta NEO Capacitor PSL series B2 case,6G07N04327,N,TEPSLB20J157M18HF8R,NEO B2 CAPACITOR,6/24/2026 7:46,6/30/2026 4:18,7/9/2026 9:55,9.2,7/7/2026 0:00,11664,767,12000
NEO,PSL B2,DummyEnd,Ta NEO Capacitor PSL series B2 case,6G07N04328,N,TEPSLB20J157M18HF8R,NEO B2 CAPACITOR,6/24/2026 7:46,6/30/2026 4:17,7/9/2026 19:29,9.6,7/7/2026 0:00,11664,648,12000
NEO,PSL B2,DummyEnd,Ta NEO Capacitor PSL series B2 case,6G07N04329,N,TEPSLB20J157M18HF8R,NEO B2 CAPACITOR,6/24/2026 7:47,6/28/2026 17:57,7/10/2026 23:20,12.3,7/7/2026 0:00,11664,1434,12000
NEO,PSL B2,DummyEnd,Ta NEO Capacitor PSL series B2 case,6G07N04330,N,TEPSLB20J157M18HF8R,NEO B2 CAPACITOR,6/24/2026 7:47,6/28/2026 20:20,7/8/2026 8:50,9.5,7/7/2026 0:00,11664,1664,10000
NEO,PSL B2,DummyEnd,Ta NEO Capacitor PSL series B2 case,6G07N04331,N,TEPSLB20J157M18HF8R,NEO B2 CAPACITOR,6/24/2026 7:47,6/28/2026 22:11,7/10/2026 7:44,11.4,7/7/2026 0:00,11664,1888,10000
NEO,PSL B2,DummyEnd,Ta NEO Capacitor PSL series B2 case,6G07N04332,N,TEPSLB20J157M(35)8R,NEO B2 CAPACITOR,6/24/2026 7:47,6/27/2026 1:58,7/7/2026 19:15,10.8,7/7/2026 0:00,11664,2231,10000
NEO,PSL B2,DummyEnd,Ta NEO Capacitor PSL series B2 case,6G07N04333,N,TEPSLB20J157M(35)8R,NEO B2 CAPACITOR,6/24/2026 7:47,6/27/2026 3:14,7/5/2026 22:25,8.8,7/7/2026 0:00,11664,709,12000
NEO,PSL B2,DummyEnd,Ta NEO Capacitor PSL series B2 case,6G07N04334,N,TEPSLB20J157M(35)8R,NEO B2 CAPACITOR,6/24/2026 7:47,6/27/2026 4:24,7/6/2026 6:21,9.1,7/7/2026 0:00,11562,1562,10000
NEO,PSL B2,DummyEnd,Ta NEO Capacitor PSL series B2 case,6G07N04335,N,TEPSLB20J157M(35)8R,NEO B2 CAPACITOR,6/24/2026 7:47,6/27/2026 17:32,7/7/2026 2:51,9.4,7/7/2026 0:00,11664,888,12000
NEO,PSL B2,DummyEnd,Ta NEO Capacitor PSL series B2 case,6G07N04336,N,TEPSLB20J157M(35)8R,NEO B2 CAPACITOR,6/24/2026 7:47,6/27/2026 17:32,7/13/2026 17:39,16,7/7/2026 0:00,11664,1110,12000
NEO,PSL B2,DummyEnd,Ta NEO Capacitor PSL series B2 case,6G07N04337,N,TEPSLB20J157M(35)8R,NEO B2 CAPACITOR,6/24/2026 7:47,6/27/2026 17:32,7/7/2026 19:06,10.1,7/7/2026 0:00,11664,1071,12000
NEO,PSL B2,DummyEnd,Ta NEO Capacitor PSL series B2 case,6G07N04338,N,TEPSLB20J157M(35)8R,NEO B2 CAPACITOR,6/24/2026 7:47,6/29/2026 14:29,7/8/2026 19:41,9.2,7/7/2026 0:00,11664,1664,10000
NEO,PSL B2,DummyEnd,Ta NEO Capacitor PSL series B2 case,6G07N04339,N,TEPSLB20J157M(35)8R,NEO B2 CAPACITOR,6/24/2026 7:48,6/29/2026 14:28,7/8/2026 11:18,8.9,7/7/2026 0:00,11664,1664,10000
NEO,PSL B2,DummyEnd,Ta NEO Capacitor PSL series B2 case,6G07N04340,N,TEPSLB20J157M(35)8R,NEO B2 CAPACITOR,6/24/2026 7:48,6/29/2026 14:28,7/13/2026 16:00,14.1,7/7/2026 0:00,11664,5057,8000
NEO,PSL B2,DummyEnd,Ta NEO Capacitor PSL series B2 case,6G07N04341,N,TEPSLB20J157M(25)8RF,NEO B2 CAPACITOR,6/24/2026 7:48,6/30/2026 8:05,7/11/2026 11:27,11.1,7/7/2026 0:00,11664,885,12000
NEO,PSL B2,DummyEnd,Ta NEO Capacitor PSL series B2 case,6G07N04342,N,TEPSLB20J157M(25)8RF,NEO B2 CAPACITOR,6/24/2026 7:48,6/30/2026 8:06,7/10/2026 21:32,10.5,7/7/2026 0:00,11664,288,12000
NEO,PSL B2,DummyEnd,Ta NEO Capacitor PSL series B2 case,6G07N04344,N,TEPSLB20J157M(25)8RF,NEO B2 CAPACITOR,6/24/2026 7:48,7/3/2026 14:37,7/14/2026 19:46,11.2,7/7/2026 0:00,11664,965,12000
NEO,PSL B2,DummyEnd,Ta NEO Capacitor PSL series B2 case,6G07N04345,N,TEPSLB20J157M(25)8RF,NEO B2 CAPACITOR,6/24/2026 7:48,7/3/2026 15:15,7/14/2026 21:28,11.3,7/7/2026 0:00,11664,1664,10000
NEO,PSL B2,DummyEnd,Ta NEO Capacitor PSL series B2 case,6G07N04346,N,TEPSLB20J157M(25)8RF,NEO B2 CAPACITOR,6/24/2026 7:48,7/3/2026 19:16,7/14/2026 19:41,11,7/7/2026 0:00,11641,1641,10000
NEO,PSL B2,DummyEnd,Ta NEO Capacitor PSL series B2 case,6G07N04347,N,TEPSLB20J157M(45)8R,NEO B2 CAPACITOR,6/24/2026 7:48,7/4/2026 3:01,7/12/2026 21:38,8.8,7/7/2026 0:00,11664,1664,10000
NEO,PSL B2,DummyEnd,Ta NEO Capacitor PSL series B2 case,6G07N04348,N,TEPSLB20J157M(45)8R,NEO B2 CAPACITOR,6/24/2026 7:48,7/4/2026 3:01,7/13/2026 10:07,9.3,7/7/2026 0:00,11664,1664,10000
NEO,PSL B2,DummyEnd,Ta NEO Capacitor PSL series B2 case,6G07N04349,N,TEPSLB20J157M(45)8R,NEO B2 CAPACITOR,6/24/2026 7:48,7/4/2026 3:59,7/14/2026 19:18,10.7,7/7/2026 0:00,11664,2076,10000
NEO,PSL B2,DummyEnd,Ta NEO Capacitor PSL series B2 case,6G07N04350,N,TEPSLB20J157M(45)8R,NEO B2 CAPACITOR,6/24/2026 7:49,7/1/2026 13:54,7/10/2026 8:48,8.8,7/7/2026 0:00,11664,914,12000
NEO,PSL B2,DummyEnd,Ta NEO Capacitor PSL series B2 case,6G07N04351,N,TEPSLB20J157M(45)8R,NEO B2 CAPACITOR,6/24/2026 7:49,7/1/2026 13:37,7/10/2026 22:42,9.4,7/7/2026 0:00,11664,513,12000
NEO,PSL B2,DummyEnd,Ta NEO Capacitor PSL series B2 case,6G07N04352,N,TEPSLB20J157M(45)8R,NEO B2 CAPACITOR,6/24/2026 7:49,7/1/2026 13:36,7/10/2026 21:32,9.3,7/7/2026 0:00,11664,1277,12000
NEO,PSL B2,DummyEnd,Ta NEO Capacitor PSL series B2 case,6G07N04353,N,TEPSLB21E156M8R,NEO B2 CAPACITOR,6/24/2026 7:49,6/27/2026 12:36,7/5/2026 7:53,7.8,7/7/2026 0:00,11664,1150,12000
NEO,PSL B2,DummyEnd,Ta NEO Capacitor PSL series B2 case,6G07N04354,N,TEPSLB21E156M8R,NEO B2 CAPACITOR,6/24/2026 7:49,6/27/2026 13:20,7/5/2026 2:39,7.5,7/7/2026 0:00,11664,568,12000
NEO,PSL B2,DummyEnd,Ta NEO Capacitor PSL series B2 case,6G07N04355,N,TEPSLB21E156M8R,NEO B2 CAPACITOR,6/24/2026 7:49,6/27/2026 14:51,7/5/2026 9:45,7.8,7/7/2026 0:00,11561,1561,10000
NEO,PSL B2,DummyEnd,Ta NEO Capacitor PSL series B2 case,6G07N04356,N,TEPSLB21E156M8R,NEO B2 CAPACITOR,6/24/2026 7:49,6/28/2026 8:48,7/7/2026 2:56,8.8,7/7/2026 0:00,11664,677,12000
NEO,PSL B2,DummyEnd,Ta NEO Capacitor PSL series B2 case,6G07N04357,N,TEPSLB21E156M8R,NEO B2 CAPACITOR,6/24/2026 7:49,6/28/2026 9:44,7/6/2026 4:59,7.8,7/7/2026 0:00,11664,2418,10000
NEO,PSL B2,DummyEnd,Ta NEO Capacitor PSL series B2 case,6G07N04358,N,TEPSLB21E156M8R,NEO B2 CAPACITOR,6/24/2026 7:49,6/28/2026 9:44,7/6/2026 4:54,7.8,7/7/2026 0:00,11374,1374,10000
NEO,PSL B2,DummyEnd,Ta NEO Capacitor PSL series B2 case,6G07N04359,N,TEPSLB21E156M8R,NEO B2 CAPACITOR,6/24/2026 7:49,6/28/2026 4:40,7/5/2026 19:27,7.6,7/7/2026 0:00,11664,698,12000
NEO,PSL B2,DummyEnd,Ta NEO Capacitor PSL series B2 case,6G07N04360,N,TEPSLB21E156M8R,NEO B2 CAPACITOR,6/24/2026 7:50,6/28/2026 6:08,7/6/2026 2:50,7.8,7/7/2026 0:00,11664,1684,10000
NEO,PSL B2,DummyEnd,Ta NEO Capacitor PSL series B2 case,6G07N04361,N,TEPSLB21E156M8R,NEO B2 CAPACITOR,6/24/2026 7:50,6/28/2026 7:49,7/5/2026 22:27,7.6,7/7/2026 0:00,11612,816,12000
NEO,PSL B2,DummyEnd,Ta NEO Capacitor PSL series B2 case,6G07N04362,N,TEPSLB21E156M8R,NEO B2 CAPACITOR,6/24/2026 7:50,6/28/2026 10:40,7/6/2026 4:48,7.8,7/7/2026 0:00,11664,758,12000
NEO,PSL B2,DummyEnd,Ta NEO Capacitor PSL series B2 case,6G07N04363,N,TEPSLB21E156M8R,NEO B2 CAPACITOR,6/24/2026 7:50,6/28/2026 9:25,7/8/2026 10:37,10,7/7/2026 0:00,11664,1664,10000
NEO,PSL B2,DummyEnd,Ta NEO Capacitor PSL series B2 case,6G07N04364,N,TEPSLB21E156M8R,NEO B2 CAPACITOR,6/24/2026 7:50,6/28/2026 9:25,7/6/2026 4:35,7.8,7/7/2026 0:00,11631,1631,10000
NEO,PSL B2,DummyEnd,Ta NEO Capacitor PSL series B2 case,6G07N04365,N,TEPSLB21E156M8R,NEO B2 CAPACITOR,6/24/2026 7:50,6/28/2026 3:53,7/8/2026 9:31,10.3,7/7/2026 0:00,11664,1664,10000
NEO,PSL B2,DummyEnd,Ta NEO Capacitor PSL series B2 case,6G07N04366,N,TEPSLB21E156M8R,NEO B2 CAPACITOR,6/24/2026 7:50,6/28/2026 4:41,7/6/2026 4:52,8,7/7/2026 0:00,11664,983,12000
NEO,PSL B2,DummyEnd,Ta NEO Capacitor PSL series B2 case,6G07N04367,N,TEPSLB21E156M8R,NEO B2 CAPACITOR,6/24/2026 7:50,6/28/2026 7:12,7/6/2026 5:05,7.9,7/7/2026 0:00,11664,1662,12000
NEO,PSL B2,DummyEnd,Ta NEO Capacitor PSL series B2 case,6G07N04368,N,TEPSLB21E156M8R,NEO B2 CAPACITOR,6/24/2026 7:50,6/27/2026 22:15,7/5/2026 14:41,7.7,7/7/2026 0:00,11664,1038,12000
NEO,PSL B2,DummyEnd,Ta NEO Capacitor PSL series B2 case,6G07N04369,N,TEPSLB21E156M8R,NEO B2 CAPACITOR,6/24/2026 7:50,6/28/2026 3:10,7/6/2026 4:57,8,7/7/2026 0:00,11664,1664,10000
NEO,PSL B2,DummyEnd,Ta NEO Capacitor PSL series B2 case,6G07N04370,N,TEPSLB21E156M8R,NEO B2 CAPACITOR,6/24/2026 7:50,6/28/2026 3:10,7/6/2026 4:56,8,7/7/2026 0:00,11599,1599,10000
NEO,PSL B2,DummyEnd,Ta NEO Capacitor PSL series B2 case,6G07N04371,N,TEPSLB21E156M8RFT,NEO B2 CAPACITOR,6/24/2026 7:51,6/26/2026 14:44,7/5/2026 9:01,8.8,7/7/2026 0:00,11664,1664,10000
NEO,PSL B2,DummyEnd,Ta NEO Capacitor PSL series B2 case,6G07N04372,N,TEPSLB21E156M8RFT,NEO B2 CAPACITOR,6/24/2026 7:51,6/26/2026 14:44,7/5/2026 4:14,8.6,7/7/2026 0:00,11664,1664,10000
NEO,PSL B2,DummyEnd,Ta NEO Capacitor PSL series B2 case,6G07N04373,N,TEPSLB21E156M8RFT,NEO B2 CAPACITOR,6/24/2026 7:51,6/26/2026 14:44,7/5/2026 4:10,8.6,7/7/2026 0:00,11557,977,12000
NEO,PSL B2,DummyEnd,Ta NEO Capacitor PSL series B2 case,6G07N04374,N,TEPSLB21E156M8RFT,NEO B2 CAPACITOR,6/24/2026 7:51,6/28/2026 21:25,7/6/2026 16:03,7.8,7/7/2026 0:00,11664,1664,10000
NEO,PSL B2,DummyEnd,Ta NEO Capacitor PSL series B2 case,6G07N04375,N,TEPSLB21E156M8RFT,NEO B2 CAPACITOR,6/24/2026 7:51,6/29/2026 8:18,7/8/2026 9:34,9,7/7/2026 0:00,11664,1664,10000
NEO,PSL B2,DummyEnd,Ta NEO Capacitor PSL series B2 case,6G07N04376,N,TEPSLB21E156M8RFT,NEO B2 CAPACITOR,6/24/2026 7:51,6/29/2026 10:02,7/8/2026 11:30,9,7/7/2026 0:00,11634,1672,10000
NEO,PSL B2,DummyEnd,Ta NEO Capacitor PSL series B2 case,6G07N04377,N,TEPSLB21E156M8RFT,NEO B2 CAPACITOR,6/24/2026 7:51,6/27/2026 12:58,7/5/2026 4:00,7.7,7/7/2026 0:00,11664,1664,10000
NEO,PSL B2,DummyEnd,Ta NEO Capacitor PSL series B2 case,6G07N04378,N,TEPSLB21E156M8RFT,NEO B2 CAPACITOR,6/24/2026 7:51,6/27/2026 14:23,7/5/2026 19:25,8.2,7/7/2026 0:00,11664,576,12000
NEO,PSL B2,DummyEnd,Ta NEO Capacitor PSL series B2 case,6G07N04379,N,TEPSLB21E156M8RFT,NEO B2 CAPACITOR,6/24/2026 7:51,6/27/2026 15:25,7/6/2026 4:37,8.5,7/7/2026 0:00,11579,1579,10000
NEO,PSL B2,DummyEnd,Ta NEO Capacitor PSL series B2 case,6G07N04380,N,TEPSLB21E156M8RFT,NEO B2 CAPACITOR,6/24/2026 7:51,6/29/2026 1:32,7/7/2026 5:46,8.2,7/7/2026 0:00,11664,734,12000
NEO,PSL B2,DummyEnd,Ta NEO Capacitor PSL series B2 case,6G07N04381,N,TEPSLB21E156M8RFT,NEO B2 CAPACITOR,6/24/2026 7:51,6/28/2026 22:30,7/7/2026 9:34,8.5,7/7/2026 0:00,11664,1664,10000
NEO,PSL B2,DummyEnd,Ta NEO Capacitor PSL series B2 case,6G07N04382,N,TEPSLB21E156M8RFT,NEO B2 CAPACITOR,6/24/2026 7:52,6/28/2026 22:30,7/7/2026 9:34,8.5,7/7/2026 0:00,11608,1026,12000
NEO,PSL B2,DummyEnd,Ta NEO Capacitor PSL series B2 case,6G07N04383,N,TEPSLB21E156M8RFT,NEO B2 CAPACITOR,6/24/2026 7:52,6/27/2026 19:14,7/5/2026 9:40,7.6,7/7/2026 0:00,11664,1664,10000
NEO,PSL B2,DummyEnd,Ta NEO Capacitor PSL series B2 case,6G07N04384,N,TEPSLB21E156M8RFT,NEO B2 CAPACITOR,6/24/2026 7:52,6/27/2026 17:54,7/5/2026 2:40,7.4,7/7/2026 0:00,11664,1664,10000
NEO,PSL B2,DummyEnd,Ta NEO Capacitor PSL series B2 case,6G07N04385,N,TEPSLB21E156M8RFT,NEO B2 CAPACITOR,6/24/2026 7:52,6/27/2026 17:54,7/5/2026 19:49,8.1,7/7/2026 0:00,11664,1664,10000
NEO,PSL B2,DummyEnd,Ta NEO Capacitor PSL series B2 case,6G07N04386,N,TEPSLB21E156M8RFT,NEO B2 CAPACITOR,6/24/2026 7:52,6/28/2026 17:35,7/6/2026 17:23,8,7/7/2026 0:00,11664,1675,10000
NEO,PSL B2,DummyEnd,Ta NEO Capacitor PSL series B2 case,6G07N04387,N,TEPSLB21E156M8RFT,NEO B2 CAPACITOR,6/24/2026 7:53,6/28/2026 18:29,7/7/2026 3:01,8.4,7/7/2026 0:00,11664,953,12000
NEO,PSL B2,DummyEnd,Ta NEO Capacitor PSL series B2 case,6G07N04388,N,TEPSLB21E156M8RFT,NEO B2 CAPACITOR,6/24/2026 7:53,6/28/2026 20:19,7/6/2026 18:26,7.9,7/7/2026 0:00,11664,1664,10000
NEO,PSL B2,DummyEnd,Ta NEO Capacitor PSL series B2 case,6G07N04389,N,TEPSLB21E156M1008RKT2,NEO B2 CAPACITOR,6/24/2026 7:53,6/26/2026 6:34,7/7/2026 5:37,11,7/7/2026 0:00,11664,1664,10000
NEO,PSL B2,DummyEnd,Ta NEO Capacitor PSL series B2 case,6G07N04390,N,TEPSLB21E156M1008RKT2,NEO B2 CAPACITOR,6/24/2026 7:53,6/26/2026 6:34,7/6/2026 4:58,9.9,7/7/2026 0:00,11664,548,12000
NEO,PSL B2,DummyEnd,Ta NEO Capacitor PSL series B2 case,6G07N04391,N,TEPSLB21E156M1008RKT2,NEO B2 CAPACITOR,6/24/2026 7:53,6/26/2026 6:34,7/5/2026 9:44,9.1,7/7/2026 0:00,11664,1718,10000
NEO,PSL B2,DummyEnd,Ta NEO Capacitor PSL series B2 case,6G07N04392,N,TEPSLB21E156M1008RKT2,NEO B2 CAPACITOR,6/24/2026 7:53,6/26/2026 19:05,7/7/2026 20:17,11,7/7/2026 0:00,11664,2222,10000
NEO,PSL B2,DummyEnd,Ta NEO Capacitor PSL series B2 case,6G07N04393,N,TEPSLB21E156M1008RKT2,NEO B2 CAPACITOR,6/24/2026 7:53,6/26/2026 19:05,7/5/2026 5:53,8.4,7/7/2026 0:00,11664,1107,12000
NEO,PSL B2,DummyEnd,Ta NEO Capacitor PSL series B2 case,6G07N04394,N,TEPSLB21E156M1008RKT2,NEO B2 CAPACITOR,6/24/2026 7:53,6/26/2026 19:05,7/5/2026 3:51,8.3,7/7/2026 0:00,11664,1664,10000
NEO,PSL B2,DummyEnd,Ta NEO Capacitor PSL series B2 case,6G07N04395,N,TEPSLB21E156M1008RKT2,NEO B2 CAPACITOR,6/24/2026 7:53,6/26/2026 14:24,7/4/2026 6:09,7.7,7/7/2026 0:00,11664,1664,10000
NEO,PSL B2,DummyEnd,Ta NEO Capacitor PSL series B2 case,6G07N04396,N,TEPSLB21E156M1008RKT2,NEO B2 CAPACITOR,6/24/2026 7:53,6/26/2026 14:24,7/4/2026 9:34,7.8,7/7/2026 0:00,11664,1664,10000
NEO,PSL B2,DummyEnd,Ta NEO Capacitor PSL series B2 case,6G07N04397,N,TEPSLB21E156M1008RKT2,NEO B2 CAPACITOR,6/24/2026 7:54,6/26/2026 14:25,7/5/2026 9:01,8.8,7/7/2026 0:00,10326,326,10000
NEO,PSL B2,DummyEnd,Ta NEO Capacitor PSL series B2 case,6G07N04398,N,TEPSLB20E227M(15)8R,NEO B2 CAPACITOR,6/24/2026 7:54,6/29/2026 3:19,7/11/2026 21:38,12.8,7/7/2026 0:00,11664,3160,10000
NEO,PSL B2,DummyEnd,Ta NEO Capacitor PSL series B2 case,6G07N04399,N,TEPSLB20E227M(15)8R,NEO B2 CAPACITOR,6/24/2026 7:54,6/29/2026 3:19,7/11/2026 22:27,12.8,7/7/2026 0:00,11664,2212,10000
NEO,PSL B2,DummyEnd,Ta NEO Capacitor PSL series B2 case,6G07N04400,N,TEPSLB20E227M(15)8R,NEO B2 CAPACITOR,6/24/2026 7:54,6/29/2026 3:18,7/11/2026 23:15,12.8,7/7/2026 0:00,11664,1664,10000
NEO,PSL B2,DummyEnd,Ta NEO Capacitor PSL series B2 case,6G07N04401,N,TEPSLB20E227M(15)8R,NEO B2 CAPACITOR,6/24/2026 7:54,6/28/2026 2:47,7/9/2026 5:51,11.1,7/7/2026 0:00,11664,1664,10000
NEO,PSL B2,DummyEnd,Ta NEO Capacitor PSL series B2 case,6G07N04402,N,TEPSLB20E227M(15)8R,NEO B2 CAPACITOR,6/24/2026 7:54,6/28/2026 2:48,7/9/2026 7:33,11.2,7/7/2026 0:00,11664,2776,10000
NEO,PSL B2,DummyEnd,Ta NEO Capacitor PSL series B2 case,6G07N04403,N,TEPSLB20E227M(15)8R,NEO B2 CAPACITOR,6/24/2026 7:54,6/28/2026 6:08,7/9/2026 9:54,11.1,7/7/2026 0:00,11644,1644,10000
NEO,PSL B2,DummyEnd,Ta NEO Capacitor PSL series B2 case,6G07N04404,N,TEPSLB20E227M(15)8R,NEO B2 CAPACITOR,6/24/2026 7:54,6/29/2026 7:48,7/11/2026 3:23,11.8,7/7/2026 0:00,11664,1114,12000
NEO,PSL B2,DummyEnd,Ta NEO Capacitor PSL series B2 case,6G07N04405,N,TEPSLB20E227M(15)8R,NEO B2 CAPACITOR,6/24/2026 7:54,6/29/2026 9:42,7/11/2026 4:38,11.8,7/7/2026 0:00,11664,1611,12000
NEO,PSL B2,DummyEnd,Ta NEO Capacitor PSL series B2 case,6G07N04406,N,TEPSLB20E227M(15)8R,NEO B2 CAPACITOR,6/24/2026 7:54,6/29/2026 12:55,7/11/2026 22:27,12.4,7/7/2026 0:00,11658,1233,12000
NEO,PSL B2,DummyEnd,Ta NEO Capacitor PSL series B2 case,6G07N04408,N,TEPSLB20E227M(15)8R,NEO B2 CAPACITOR,6/24/2026 7:55,6/27/2026 16:01,7/11/2026 21:46,14.2,7/7/2026 0:00,11664,1824,10000
NEO,PSL B2,DummyEnd,Ta NEO Capacitor PSL series B2 case,6G07N04410,N,TEPSLB20E227M(15)8R,NEO B2 CAPACITOR,6/24/2026 7:55,6/28/2026 4:40,7/11/2026 11:19,13.3,7/7/2026 0:00,11664,1664,10000
NEO,PSL B2,DummyEnd,Ta NEO Capacitor PSL series B2 case,6G07N04411,N,TEPSLB20E227M(15)8R,NEO B2 CAPACITOR,6/24/2026 7:55,6/28/2026 6:08,7/12/2026 14:35,14.3,7/7/2026 0:00,11664,3664,8000
NEO,PSL B2,DummyEnd,Ta NEO Capacitor PSL series B2 case,6G07N04412,N,TEPSLB20E227M(15)8R,NEO B2 CAPACITOR,6/24/2026 7:55,6/28/2026 7:22,7/9/2026 9:55,11.1,7/7/2026 0:00,11628,1366,12000
NEO,PSL B2,DummyEnd,Ta NEO Capacitor PSL series B2 case,6G07N04413,N,TEPSLB20E227M(15)8R,NEO B2 CAPACITOR,6/24/2026 7:55,6/28/2026 19:02,7/9/2026 23:17,11.2,7/7/2026 0:00,11664,1664,10000
NEO,PSL B2,DummyEnd,Ta NEO Capacitor PSL series B2 case,6G07N04414,N,TEPSLB20E227M(15)8R,NEO B2 CAPACITOR,6/24/2026 7:55,6/28/2026 20:21,7/11/2026 5:28,12.4,7/7/2026 0:00,11664,1664,10000
NEO,PSL B2,DummyEnd,Ta NEO Capacitor PSL series B2 case,6G07N04415,N,TEPSLB20E227M(15)8R,NEO B2 CAPACITOR,6/24/2026 7:55,6/29/2026 3:19,7/11/2026 22:28,12.8,7/7/2026 0:00,11664,2304,10000
NEO,PSL B2,DummyEnd,Ta NEO Capacitor PSL series B2 case,6G07N04416,N,TEPSLB20E227M(15)8R,NEO B2 CAPACITOR,6/24/2026 7:56,6/27/2026 17:46,7/11/2026 11:19,13.8,7/7/2026 0:00,11664,750,12000
NEO,PSL B2,DummyEnd,Ta NEO Capacitor PSL series B2 case,6G07N04417,N,TEPSLB20E227M(15)8R,NEO B2 CAPACITOR,6/24/2026 7:56,6/27/2026 17:47,7/11/2026 17:44,14,7/7/2026 0:00,11664,3664,8000
NEO,PSL B2,DummyEnd,Ta NEO Capacitor PSL series B2 case,6G07N04418,N,TEPSLB20E227M(15)8R,NEO B2 CAPACITOR,6/24/2026 7:56,6/27/2026 17:47,7/11/2026 23:09,14.3,7/7/2026 0:00,11619,2222,10000
NEO,PSL B2,DummyEnd,Ta NEO Capacitor PSL series B2 case,6G07N04420,N,TEPSLB20E227M(35)8R,NEO B2 CAPACITOR,6/24/2026 7:56,6/28/2026 10:41,7/11/2026 3:48,12.7,7/7/2026 0:00,11664,1664,10000
NEO,PSL B2,DummyEnd,Ta NEO Capacitor PSL series B2 case,6G07N04422,N,TEPSLB20E227M(35)8R,NEO B2 CAPACITOR,6/24/2026 7:56,6/29/2026 13:37,7/11/2026 22:29,12.4,7/7/2026 0:00,11664,1664,10000
NEO,PSL B2,DummyEnd,Ta NEO Capacitor PSL series B2 case,6G07N04424,N,TEPSLB20E227M(35)8R,NEO B2 CAPACITOR,6/24/2026 7:56,6/29/2026 13:37,7/12/2026 3:55,12.6,7/7/2026 0:00,11652,1652,10000
NEO,PSL B2,DummyEnd,Ta NEO Capacitor PSL series B2 case,6G07N04425,N,TEPSLB20J227M(25)8R,NEO B2 CAPACITOR,6/24/2026 7:56,6/29/2026 12:54,7/13/2026 9:52,13.9,7/7/2026 0:00,11664,2579,10000
NEO,PSL B2,DummyEnd,Ta NEO Capacitor PSL series B2 case,6G07N04426,N,TEPSLB20J227M(25)8R,NEO B2 CAPACITOR,6/24/2026 7:56,6/29/2026 14:34,7/10/2026 21:34,11.3,7/7/2026 0:00,11664,1664,10000
NEO,PSL B2,DummyEnd,Ta NEO Capacitor PSL series B2 case,6G07N04427,N,TEPSLB20J227M(25)8R,NEO B2 CAPACITOR,6/24/2026 7:57,6/29/2026 17:21,7/11/2026 3:44,11.4,7/7/2026 0:00,11664,871,12000
NEO,PSL B2,DummyEnd,Ta NEO Capacitor PSL series B2 case,6G07N04428,N,TEPSLB20J227M(25)8R,NEO B2 CAPACITOR,6/24/2026 7:57,6/27/2026 12:49,7/10/2026 7:49,12.8,7/7/2026 0:00,11664,2053,10000
NEO,PSL B2,DummyEnd,Ta NEO Capacitor PSL series B2 case,6G07N04429,N,TEPSLB20J227M(25)8R,NEO B2 CAPACITOR,6/24/2026 7:57,6/27/2026 14:36,7/10/2026 4:54,12.6,7/7/2026 0:00,11664,1664,10000
NEO,PSL B2,DummyEnd,Ta NEO Capacitor PSL series B2 case,6G07N04430,N,TEPSLB20J227M(25)8R,NEO B2 CAPACITOR,6/24/2026 7:57,6/27/2026 15:25,7/10/2026 11:20,12.8,7/7/2026 0:00,11664,1664,10000
NEO,PSL B2,DummyEnd,Ta NEO Capacitor PSL series B2 case,6G07N04431,N,TEPSLB20J227M258RKT2,NEO B2 CAPACITOR,6/24/2026 7:57,6/27/2026 12:48,7/10/2026 18:52,13.3,7/7/2026 0:00,11664,1664,10000
NEO,PSL B2,DummyEnd,Ta NEO Capacitor PSL series B2 case,6G07N04432,N,TEPSLB20J227M258RKT2,NEO B2 CAPACITOR,6/24/2026 7:57,6/27/2026 8:57,7/10/2026 9:45,13,7/7/2026 0:00,11664,982,12000
NEO,PSL B2,DummyEnd,Ta NEO Capacitor PSL series B2 case,6G07N04433,N,TEPSLB20J227M258RKT2,NEO B2 CAPACITOR,6/24/2026 7:57,6/27/2026 7:26,7/10/2026 7:49,13,7/7/2026 0:00,11664,1907,10000
NEO,PSL B2,DummyEnd,Ta NEO Capacitor PSL series B2 case,6G07N04434,N,TEPSLB20J227M258RKT2,NEO B2 CAPACITOR,6/24/2026 7:57,6/27/2026 2:39,7/10/2026 19:15,13.7,7/7/2026 0:00,11664,1663,12000
NEO,PSL B2,DummyEnd,Ta NEO Capacitor PSL series B2 case,6G07N04435,N,TEPSLB20J227M258RKT2,NEO B2 CAPACITOR,6/24/2026 7:57,6/27/2026 4:44,7/9/2026 20:42,12.7,7/7/2026 0:00,11664,3605,10000
NEO,PSL B2,DummyEnd,Ta NEO Capacitor PSL series B2 case,6G07N04436,N,TEPSLB20J227M258RKT2,NEO B2 CAPACITOR,6/24/2026 7:57,6/27/2026 5:30,7/12/2026 8:44,15.1,7/7/2026 0:00,11664,3664,8000
NEO,PSL B2,DummyEnd,Ta NEO Capacitor PSL series B2 case,6G07N04437,N,TEPSLB20J227M258RKT2,NEO B2 CAPACITOR,6/24/2026 7:57,6/27/2026 1:29,7/10/2026 19:38,13.8,7/7/2026 0:00,11664,2952,10000
NEO,PSL B2,DummyEnd,Ta NEO Capacitor PSL series B2 case,6G07N04439,N,TEPSLB20J227M258RKT2,NEO B2 CAPACITOR,6/24/2026 7:58,6/27/2026 12:48,7/11/2026 10:44,13.9,7/7/2026 0:00,11664,1664,10000
NEO,PSL B2,DummyEnd,Ta NEO Capacitor PSL series B2 case,6G07N04440,N,TEPSLB20J227M358RKT4,NEO B2 CAPACITOR,6/24/2026 7:58,6/28/2026 1:36,7/14/2026 19:47,16.8,7/7/2026 0:00,11664,1664,10000
NEO,PSL B2,DummyEnd,Ta NEO Capacitor PSL series B2 case,6G07N04441,N,TEPSLB20J227M358RKT4,NEO B2 CAPACITOR,6/24/2026 7:58,6/28/2026 1:36,7/10/2026 19:39,12.8,7/7/2026 0:00,11664,2373,10000
NEO,PSL B2,DummyEnd,Ta NEO Capacitor PSL series B2 case,6G07N04442,N,TEPSLB20J227M358RKT4,NEO B2 CAPACITOR,6/24/2026 7:58,6/28/2026 2:56,7/13/2026 6:10,15.2,7/7/2026 0:00,11661,1217,12000
NEO,PSL B2,DummyEnd,Ta NEO Capacitor PSL series B2 case,6G07N04443,N,TEPSLB20J227M358RKT4,NEO B2 CAPACITOR,6/24/2026 7:58,6/28/2026 7:31,7/11/2026 21:44,13.6,7/7/2026 0:00,11664,3664,8000
NEO,PSL B2,DummyEnd,Ta NEO Capacitor PSL series B2 case,6G07N04444,N,TEPSLB20J227M358RKT4,NEO B2 CAPACITOR,6/24/2026 7:58,6/28/2026 7:50,7/11/2026 5:27,12.9,7/7/2026 0:00,11664,1664,10000
NEO,PSL B2,DummyEnd,Ta NEO Capacitor PSL series B2 case,6G07N04445,N,TEPSLB20J227M358RKT4,NEO B2 CAPACITOR,6/24/2026 7:58,6/28/2026 10:41,7/12/2026 14:14,14.2,7/7/2026 0:00,11631,2445,10000
NEO,PSL B2,DummyEnd,Ta NEO Capacitor PSL series B2 case,6G07N04446,N,TEPSLB20J227M358RKT4,NEO B2 CAPACITOR,6/24/2026 7:58,6/27/2026 14:51,7/11/2026 11:23,13.9,7/7/2026 0:00,11664,1664,10000
NEO,PSL B2,DummyEnd,Ta NEO Capacitor PSL series B2 case,6G07N04447,N,TEPSLB20J227M358RKT4,NEO B2 CAPACITOR,6/24/2026 7:58,6/27/2026 16:01,7/10/2026 19:00,13.1,7/7/2026 0:00,11664,1664,10000
NEO,PSL B2,DummyEnd,Ta NEO Capacitor PSL series B2 case,6G08N04701,N,TEPSLB20J157M18HF8R,NEO B2 CAPACITOR,6/25/2026 6:38,7/3/2026 14:24,7/13/2026 11:07,9.9,7/8/2026 0:00,11664,730,12000
NEO,PSL B2,DummyEnd,Ta NEO Capacitor PSL series B2 case,6G08N04702,N,TEPSLB20J157M18HF8R,NEO B2 CAPACITOR,6/25/2026 6:38,7/3/2026 17:08,7/13/2026 17:40,10,7/8/2026 0:00,11664,2310,10000
NEO,PSL B2,DummyEnd,Ta NEO Capacitor PSL series B2 case,6G08N04703,N,TEPSLB20J157M18HF8R,NEO B2 CAPACITOR,6/25/2026 6:38,7/3/2026 18:15,7/14/2026 10:00,10.7,7/8/2026 0:00,11664,2512,10000
NEO,PSL B2,DummyEnd,Ta NEO Capacitor PSL series B2 case,6G08N04704,N,TEPSLB20J157M18HF8R,NEO B2 CAPACITOR,6/25/2026 6:38,7/4/2026 12:16,7/13/2026 18:33,9.3,7/8/2026 0:00,11664,1664,10000
NEO,PSL B2,DummyEnd,Ta NEO Capacitor PSL series B2 case,6G08N04705,N,TEPSLB20J157M18HF8R,NEO B2 CAPACITOR,6/25/2026 6:38,7/4/2026 10:31,7/14/2026 10:45,10,7/8/2026 0:00,11664,1996,10000
NEO,PSL B2,DummyEnd,Ta NEO Capacitor PSL series B2 case,6G08N04706,N,TEPSLB20J157M18HF8R,NEO B2 CAPACITOR,6/25/2026 6:38,7/4/2026 10:32,7/13/2026 15:50,9.2,7/8/2026 0:00,11639,1639,10000
NEO,PSL B2,DummyEnd,Ta NEO Capacitor PSL series B2 case,6G08N04707,N,TEPSLB20J157M18HF8R,NEO B2 CAPACITOR,6/25/2026 6:38,7/5/2026 6:41,7/14/2026 19:18,9.5,7/8/2026 0:00,11664,1664,10000
NEO,PSL B2,DummyEnd,Ta NEO Capacitor PSL series B2 case,6G08N04709,N,TEPSLB20J157M18HF8R,NEO B2 CAPACITOR,6/25/2026 6:38,7/5/2026 6:41,7/13/2026 23:16,8.7,7/8/2026 0:00,11664,1664,10000
NEO,PSL B2,DummyEnd,Ta NEO Capacitor PSL series B2 case,6G08N04710,N,TEPSLB20J157M18HF8R,NEO B2 CAPACITOR,6/25/2026 6:38,7/6/2026 2:40,7/14/2026 15:00,8.5,7/8/2026 0:00,11664,1664,10000
NEO,PSL B2,DummyEnd,Ta NEO Capacitor PSL series B2 case,6G08N04711,N,TEPSLB20J157M18HF8R,NEO B2 CAPACITOR,6/25/2026 6:38,7/6/2026 2:40,7/15/2026 6:55,9.2,7/8/2026 0:00,11664,773,12000
NEO,PSL B2,DummyEnd,Ta NEO Capacitor PSL series B2 case,6G08N04712,N,TEPSLB20J157M18HF8R,NEO B2 CAPACITOR,6/25/2026 6:39,7/6/2026 4:56,7/14/2026 14:44,8.4,7/8/2026 0:00,11664,1058,12000
NEO,PSL B2,DummyEnd,Ta NEO Capacitor PSL series B2 case,6G08N04713,N,TEPSLB21E156M8R,NEO B2 CAPACITOR,6/25/2026 6:39,6/28/2026 21:38,7/6/2026 20:35,8,7/8/2026 0:00,11664,1664,10000
NEO,PSL B2,DummyEnd,Ta NEO Capacitor PSL series B2 case,6G08N04714,N,TEPSLB21E156M8R,NEO B2 CAPACITOR,6/25/2026 6:39,6/29/2026 3:18,7/7/2026 5:38,8.1,7/8/2026 0:00,11664,1664,10000
NEO,PSL B2,DummyEnd,Ta NEO Capacitor PSL series B2 case,6G08N04715,N,TEPSLB21E156M8R,NEO B2 CAPACITOR,6/25/2026 6:39,6/29/2026 3:17,7/7/2026 2:58,8,7/8/2026 0:00,11664,1664,10000
NEO,PSL B2,DummyEnd,Ta NEO Capacitor PSL series B2 case,6G08N04716,N,TEPSLB21E156M8R,NEO B2 CAPACITOR,6/25/2026 6:39,6/29/2026 13:57,7/7/2026 21:41,8.3,7/8/2026 0:00,11664,1701,10000
NEO,PSL B2,DummyEnd,Ta NEO Capacitor PSL series B2 case,6G08N04717,N,TEPSLB21E156M8R,NEO B2 CAPACITOR,6/25/2026 6:39,6/29/2026 13:58,7/7/2026 20:50,8.3,7/8/2026 0:00,11664,1664,10000
NEO,PSL B2,DummyEnd,Ta NEO Capacitor PSL series B2 case,6G08N04718,N,TEPSLB21E156M8R,NEO B2 CAPACITOR,6/25/2026 6:39,6/29/2026 13:57,7/9/2026 3:31,9.6,7/8/2026 0:00,11547,1711,10000
NEO,PSL B2,DummyEnd,Ta NEO Capacitor PSL series B2 case,6G08N04719,N,TEPSLB21E156M8R,NEO B2 CAPACITOR,6/25/2026 6:39,6/29/2026 3:38,7/7/2026 20:44,8.7,7/8/2026 0:00,11664,784,12000
NEO,PSL B2,DummyEnd,Ta NEO Capacitor PSL series B2 case,6G08N04720,N,TEPSLB21E156M8R,NEO B2 CAPACITOR,6/25/2026 6:39,6/29/2026 5:52,7/7/2026 4:55,8,7/8/2026 0:00,11664,1664,10000
NEO,PSL B2,DummyEnd,Ta NEO Capacitor PSL series B2 case,6G08N04721,N,TEPSLB21E156M8R,NEO B2 CAPACITOR,6/25/2026 6:39,6/29/2026 7:48,7/8/2026 2:57,8.8,7/8/2026 0:00,11664,1664,10000
NEO,PSL B2,DummyEnd,Ta NEO Capacitor PSL series B2 case,6G08N04722,N,TEPSLB21E156M8R,NEO B2 CAPACITOR,6/25/2026 6:39,6/28/2026 19:01,7/7/2026 5:48,8.4,7/8/2026 0:00,11664,1664,10000
NEO,PSL B2,DummyEnd,Ta NEO Capacitor PSL series B2 case,6G08N04723,N,TEPSLB21E156M8R,NEO B2 CAPACITOR,6/25/2026 6:39,6/28/2026 20:20,7/6/2026 9:46,7.5,7/8/2026 0:00,11664,1664,10000
NEO,PSL B2,DummyEnd,Ta NEO Capacitor PSL series B2 case,6G08N04724,N,TEPSLB21E156M8R,NEO B2 CAPACITOR,6/25/2026 6:40,6/28/2026 21:38,7/6/2026 15:59,7.8,7/8/2026 0:00,11592,1592,10000
NEO,PSL B2,DummyEnd,Ta NEO Capacitor PSL series B2 case,6G08N04725,N,TEPSLB21E156M8RFT,NEO B2 CAPACITOR,6/25/2026 6:40,6/28/2026 21:38,7/6/2026 16:03,7.8,7/8/2026 0:00,11664,953,12000
NEO,PSL B2,DummyEnd,Ta NEO Capacitor PSL series B2 case,6G08N04726,N,TEPSLB21E156M8RFT,NEO B2 CAPACITOR,6/25/2026 6:40,6/28/2026 22:26,7/7/2026 2:52,8.2,7/8/2026 0:00,11664,981,12000
NEO,PSL B2,DummyEnd,Ta NEO Capacitor PSL series B2 case,6G08N04727,N,TEPSLB21E156M8RFT,NEO B2 CAPACITOR,6/25/2026 6:40,6/28/2026 22:26,7/6/2026 17:24,7.8,7/8/2026 0:00,11651,2613,10000
NEO,PSL B2,DummyEnd,Ta NEO Capacitor PSL series B2 case,6G08N04728,N,TEPSLB21E156M8RFT,NEO B2 CAPACITOR,6/25/2026 6:40,6/29/2026 12:41,7/7/2026 19:41,8.3,7/8/2026 0:00,11664,307,12000
NEO,PSL B2,DummyEnd,Ta NEO Capacitor PSL series B2 case,6G08N04729,N,TEPSLB21E156M8RFT,NEO B2 CAPACITOR,6/25/2026 6:40,6/29/2026 12:42,7/8/2026 2:58,8.6,7/8/2026 0:00,11664,2244,10000
NEO,PSL B2,DummyEnd,Ta NEO Capacitor PSL series B2 case,6G08N04730,N,TEPSLB21E156M8RFT,NEO B2 CAPACITOR,6/25/2026 6:40,6/29/2026 11:33,7/8/2026 2:56,8.6,7/8/2026 0:00,11596,1047,12000
NEO,PSL B2,DummyEnd,Ta NEO Capacitor PSL series B2 case,6G08N04731,N,TEPSLB21E156M1008RKT2,NEO B2 CAPACITOR,6/25/2026 6:40,6/29/2026 3:17,7/7/2026 4:39,8,7/8/2026 0:00,11664,921,12000
NEO,PSL B2,DummyEnd,Ta NEO Capacitor PSL series B2 case,6G08N04732,N,TEPSLB21E156M1008RKT2,NEO B2 CAPACITOR,6/25/2026 6:40,6/29/2026 13:12,7/7/2026 4:43,7.6,7/8/2026 0:00,11664,1680,10000
NEO,PSL B2,DummyEnd,Ta NEO Capacitor PSL series B2 case,6G08N04733,N,TEPSLB21E156M1008RKT2,NEO B2 CAPACITOR,6/25/2026 6:40,6/29/2026 11:30,7/8/2026 3:04,8.7,7/8/2026 0:00,11656,1045,12000
NEO,PSL B2,DummyEnd,Ta NEO Capacitor PSL series B2 case,6G08N04734,N,TEPSLB21E156M1008RKT2,NEO B2 CAPACITOR,6/25/2026 6:41,6/27/2026 21:49,7/5/2026 19:28,7.9,7/8/2026 0:00,11664,1664,10000
NEO,PSL B2,DummyEnd,Ta NEO Capacitor PSL series B2 case,6G08N04735,N,TEPSLB21E156M1008RKT2,NEO B2 CAPACITOR,6/25/2026 6:41,6/28/2026 2:57,7/6/2026 2:38,8,7/8/2026 0:00,11664,1664,10000
NEO,PSL B2,DummyEnd,Ta NEO Capacitor PSL series B2 case,6G08N04736,N,TEPSLB21E156M1008RKT2,NEO B2 CAPACITOR,6/25/2026 6:41,6/28/2026 2:57,7/6/2026 4:56,8.1,7/8/2026 0:00,11664,774,12000
NEO,PSL B2,DummyEnd,Ta NEO Capacitor PSL series B2 case,6G08N04740,N,TEPSLB20E227M(15)8R,NEO B2 CAPACITOR,6/25/2026 6:41,6/28/2026 20:20,7/11/2026 5:21,12.4,7/8/2026 0:00,11664,1664,10000
NEO,PSL B2,DummyEnd,Ta NEO Capacitor PSL series B2 case,6G08N04741,N,TEPSLB20E227M(15)8R,NEO B2 CAPACITOR,6/25/2026 6:41,6/28/2026 22:14,7/11/2026 3:47,12.2,7/8/2026 0:00,11664,2169,10000
NEO,PSL B2,DummyEnd,Ta NEO Capacitor PSL series B2 case,6G08N04742,N,TEPSLB20E227M(15)8R,NEO B2 CAPACITOR,6/25/2026 6:41,6/29/2026 3:18,7/11/2026 6:37,12.1,7/8/2026 0:00,11664,881,12000
NEO,PSL B2,DummyEnd,Ta NEO Capacitor PSL series B2 case,6G08N04744,N,TEPSLB20E227M(15)8R,NEO B2 CAPACITOR,6/25/2026 6:41,6/29/2026 5:16,7/11/2026 22:30,12.7,7/8/2026 0:00,11664,1004,12000
NEO,PSL B2,DummyEnd,Ta NEO Capacitor PSL series B2 case,6G08N04745,N,TEPSLB20E227M(15)8R,NEO B2 CAPACITOR,6/25/2026 6:42,6/29/2026 6:37,7/11/2026 23:10,12.7,7/8/2026 0:00,11664,827,12000
NEO,PSL B2,DummyEnd,Ta NEO Capacitor PSL series B2 case,6G08N04746,N,TEPSLB20E227M(15)8R,NEO B2 CAPACITOR,6/25/2026 6:42,6/29/2026 7:48,7/12/2026 3:57,12.8,7/8/2026 0:00,11664,1499,12000
NEO,PSL B2,DummyEnd,Ta NEO Capacitor PSL series B2 case,6G08N04747,N,TEPSLB20E227M(15)8R,NEO B2 CAPACITOR,6/25/2026 6:42,6/29/2026 13:10,7/11/2026 5:22,11.7,7/8/2026 0:00,11664,931,12000
NEO,PSL B2,DummyEnd,Ta NEO Capacitor PSL series B2 case,6G08N04748,N,TEPSLB20E227M(15)8R,NEO B2 CAPACITOR,6/25/2026 6:42,6/29/2026 13:11,7/11/2026 10:10,11.9,7/8/2026 0:00,11648,777,12000
NEO,PSL B2,DummyEnd,Ta NEO Capacitor PSL series B2 case,6G08N04749,N,TEPSLB20E227M(15)8R,NEO B2 CAPACITOR,6/25/2026 6:42,6/28/2026 15:27,7/11/2026 5:32,12.6,7/8/2026 0:00,11664,1664,10000
NEO,PSL B2,DummyEnd,Ta NEO Capacitor PSL series B2 case,6G08N04750,N,TEPSLB20E227M(15)8R,NEO B2 CAPACITOR,6/25/2026 6:42,6/28/2026 17:23,7/11/2026 21:40,13.2,7/8/2026 0:00,11664,1664,10000
NEO,PSL B2,DummyEnd,Ta NEO Capacitor PSL series B2 case,6G08N04751,N,TEPSLB20E227M(15)8R,NEO B2 CAPACITOR,6/25/2026 6:42,6/28/2026 19:50,7/13/2026 10:11,14.6,7/8/2026 0:00,11664,1664,10000
NEO,PSL B2,DummyEnd,Ta NEO Capacitor PSL series B2 case,6G09N04251,N,TEPSLB20J157M18CPF8R,NEO B2 CAPACITOR,6/24/2026 7:36,6/26/2026 4:16,7/7/2026 5:41,11,7/9/2026 0:00,11664,1664,10000
NEO,PSL B2,DummyEnd,Ta NEO Capacitor PSL series B2 case,6G09N04252,N,TEPSLB20J157M18CPF8R,NEO B2 CAPACITOR,6/24/2026 7:36,6/26/2026 4:16,7/18/2026 15:29,22.5,7/9/2026 0:00,11664,1097,12000
NEO,PSL B2,DummyEnd,Ta NEO Capacitor PSL series B2 case,6G09N04253,N,TEPSLB20J157M18CPF8R,NEO B2 CAPACITOR,6/24/2026 7:36,6/26/2026 4:15,7/13/2026 23:20,17.8,7/9/2026 0:00,11129,2307,10000
NEO,PSL B2,DummyEnd,Ta NEO Capacitor PSL series B2 case,6G09N04254,N,TEPSLB20J157M18CPF8R,NEO B2 CAPACITOR,6/24/2026 7:36,6/27/2026 19:49,7/8/2026 7:33,10.5,7/9/2026 0:00,11664,1664,10000
NEO,PSL B2,DummyEnd,Ta NEO Capacitor PSL series B2 case,6G09N04255,N,TEPSLB20J157M18CPF8R,NEO B2 CAPACITOR,6/24/2026 7:36,6/27/2026 20:07,7/15/2026 6:20,17.4,7/9/2026 0:00,11664,1664,10000
NEO,PSL B2,DummyEnd,Ta NEO Capacitor PSL series B2 case,6G09N04256,N,TEPSLB20J157M18CPF8R,NEO B2 CAPACITOR,6/24/2026 7:36,6/27/2026 19:49,7/16/2026 10:48,18.6,7/9/2026 0:00,10701,2055,10000
NEO,PSL B2,DummyEnd,Ta NEO Capacitor PSL series B2 case,6G09N04257,N,TEPSLB20J157M18CPF8R,NEO B2 CAPACITOR,6/24/2026 7:36,6/27/2026 3:50,7/16/2026 10:53,19.3,7/9/2026 0:00,11664,1664,10000
NEO,PSL B2,DummyEnd,Ta NEO Capacitor PSL series B2 case,6G09N04258,N,TEPSLB20J157M18CPF8R,NEO B2 CAPACITOR,6/24/2026 7:36,6/27/2026 6:13,7/12/2026 21:40,15.6,7/9/2026 0:00,11664,537,12000
NEO,PSL B2,DummyEnd,Ta NEO Capacitor PSL series B2 case,6G09N04259,N,TEPSLB20J157M18CPF8R,NEO B2 CAPACITOR,6/24/2026 7:36,6/27/2026 8:02,7/8/2026 4:58,10.8,7/9/2026 0:00,11664,1685,10000
NEO,PSL B2,DummyEnd,Ta NEO Capacitor PSL series B2 case,6G09N04260,N,TEPSLB20J157M18CPF8R,NEO B2 CAPACITOR,6/24/2026 7:37,6/26/2026 14:28,7/13/2026 17:37,17.1,7/9/2026 0:00,11664,866,12000
NEO,PSL B2,DummyEnd,Ta NEO Capacitor PSL series B2 case,6G09N04262,N,TEPSLB20J157M18CPF8R,NEO B2 CAPACITOR,6/24/2026 7:37,6/26/2026 14:29,7/13/2026 9:51,16.8,7/9/2026 0:00,11664,1909,10000
NEO,PSL B2,DummyEnd,Ta NEO Capacitor PSL series B2 case,6G09N04263,N,TEPSLB20J157M18CPF8R,NEO B2 CAPACITOR,6/24/2026 7:37,6/26/2026 14:00,7/13/2026 10:47,16.8,7/9/2026 0:00,11664,1237,12000
NEO,PSL B2,DummyEnd,Ta NEO Capacitor PSL series B2 case,6G09N04264,N,TEPSLB20J157M18CPF8R,NEO B2 CAPACITOR,6/24/2026 7:37,6/26/2026 14:54,7/7/2026 19:16,11.2,7/9/2026 0:00,11664,1005,12000
NEO,PSL B2,DummyEnd,Ta NEO Capacitor PSL series B2 case,6G09N04265,N,TEPSLB20J157M18CPF8R,NEO B2 CAPACITOR,6/24/2026 7:37,6/26/2026 14:38,7/14/2026 10:38,17.8,7/9/2026 0:00,11664,2848,10000
NEO,PSL B2,DummyEnd,Ta NEO Capacitor PSL series B2 case,6G09N04266,N,TEPSLB20J157M18CPF8R,NEO B2 CAPACITOR,6/24/2026 7:37,6/26/2026 6:59,7/7/2026 5:36,11,7/9/2026 0:00,11664,1664,10000
NEO,PSL B2,DummyEnd,Ta NEO Capacitor PSL series B2 case,6G09N04267,N,TEPSLB20J157M18CPF8R,NEO B2 CAPACITOR,6/24/2026 7:37,6/26/2026 6:59,7/13/2026 5:50,17,7/9/2026 0:00,11664,1664,10000
NEO,PSL B2,DummyEnd,Ta NEO Capacitor PSL series B2 case,6G09N04268,N,TEPSLB20J157M18CPF8R,NEO B2 CAPACITOR,6/24/2026 7:37,6/26/2026 6:59,7/8/2026 10:37,12.2,7/9/2026 0:00,11494,1494,10000
NEO,PSL B2,DummyEnd,Ta NEO Capacitor PSL series B2 case,6G09N04269,N,TEPSLB20J157M18CPF8R,NEO B2 CAPACITOR,6/24/2026 7:37,6/26/2026 18:42,7/13/2026 5:58,16.5,7/9/2026 0:00,11664,624,12000
NEO,PSL B2,DummyEnd,Ta NEO Capacitor PSL series B2 case,6G09N04270,N,TEPSLB20J157M18CPF8R,NEO B2 CAPACITOR,6/24/2026 7:37,6/26/2026 18:59,7/12/2026 22:22,16.2,7/9/2026 0:00,11664,1664,10000
NEO,PSL B2,DummyEnd,Ta NEO Capacitor PSL series B2 case,6G09N04271,N,TEPSLB20J157M18CPF8R,NEO B2 CAPACITOR,6/24/2026 7:38,6/26/2026 18:59,7/13/2026 16:38,16.9,7/9/2026 0:00,11664,1771,10000
NEO,PSL B2,DummyEnd,Ta NEO Capacitor PSL series B2 case,6G09N04272,N,TEPSLB20J157M18CPF8R,NEO B2 CAPACITOR,6/24/2026 7:38,6/26/2026 1:04,7/12/2026 10:37,16.4,7/9/2026 0:00,11664,1692,10000
NEO,PSL B2,DummyEnd,Ta NEO Capacitor PSL series B2 case,6G09N04273,N,TEPSLB20J157M18CPF8R,NEO B2 CAPACITOR,6/24/2026 7:38,6/26/2026 1:06,7/7/2026 18:57,11.7,7/9/2026 0:00,11664,1664,10000
NEO,PSL B2,DummyEnd,Ta NEO Capacitor PSL series B2 case,6G09N04274,N,TEPSLB20J157M18CPF8R,NEO B2 CAPACITOR,6/24/2026 7:38,6/26/2026 1:04,7/8/2026 7:38,12.3,7/9/2026 0:00,11619,1619,10000
NEO,PSL B2,DummyEnd,Ta NEO Capacitor PSL series B2 case,6G09N04275,N,TEPSLB20J157M18CPF8R,NEO B2 CAPACITOR,6/24/2026 7:38,6/27/2026 18:38,7/13/2026 23:21,16.2,7/9/2026 0:00,11664,2264,10000
NEO,PSL B2,DummyEnd,Ta NEO Capacitor PSL series B2 case,6G09N04276,N,TEPSLB20J157M18CPF8R,NEO B2 CAPACITOR,6/24/2026 7:38,6/27/2026 19:49,7/13/2026 16:36,15.9,7/9/2026 0:00,11664,1664,10000
NEO,PSL B2,DummyEnd,Ta NEO Capacitor PSL series B2 case,6G09N04277,N,TEPSLB20J157M18CPF8R,NEO B2 CAPACITOR,6/24/2026 7:38,6/27/2026 19:49,7/16/2026 10:37,18.6,7/9/2026 0:00,11594,2224,10000
NEO,PSL B2,DummyEnd,Ta NEO Capacitor PSL series B2 case,6G09N04278,N,TEPSLB20J157M18CPF8R,NEO B2 CAPACITOR,6/24/2026 7:38,6/28/2026 8:23,7/8/2026 4:54,9.8,7/9/2026 0:00,11664,1713,10000
NEO,PSL B2,DummyEnd,Ta NEO Capacitor PSL series B2 case,6G09N04279,N,TEPSLB20J157M18CPF8R,NEO B2 CAPACITOR,6/24/2026 7:38,6/27/2026 22:09,7/7/2026 22:59,10,7/9/2026 0:00,11664,1664,10000
NEO,PSL B2,DummyEnd,Ta NEO Capacitor PSL series B2 case,6G09N04280,N,TEPSLB20J157M18CPF8R,NEO B2 CAPACITOR,6/24/2026 7:38,6/28/2026 2:47,7/16/2026 6:45,18.2,7/9/2026 0:00,11662,811,12000
NEO,PSL B2,DummyEnd,Ta NEO Capacitor PSL series B2 case,6G09N04281,N,TEPSLB20J157M18CPF8R,NEO B2 CAPACITOR,6/24/2026 7:38,6/26/2026 10:18,7/14/2026 5:43,17.8,7/9/2026 0:00,11664,1664,10000
NEO,PSL B2,DummyEnd,Ta NEO Capacitor PSL series B2 case,6G09N04282,N,TEPSLB20J157M18CPF8R,NEO B2 CAPACITOR,6/24/2026 7:39,6/26/2026 12:49,7/13/2026 4:31,16.7,7/9/2026 0:00,11664,1664,10000
NEO,PSL B2,DummyEnd,Ta NEO Capacitor PSL series B2 case,6G09N04283,N,TEPSLB20J157M18CPF8R,NEO B2 CAPACITOR,6/24/2026 7:39,6/26/2026 15:06,7/9/2026 20:06,13.2,7/9/2026 0:00,11633,1633,10000
NEO,PSL B2,DummyEnd,Ta NEO Capacitor PSL series B2 case,6G09N04284,N,TEPSLB20J157M18CPF8R,NEO B2 CAPACITOR,6/24/2026 7:39,6/27/2026 10:03,7/13/2026 16:37,16.3,7/9/2026 0:00,11664,1664,10000
NEO,PSL B2,DummyEnd,Ta NEO Capacitor PSL series B2 case,6G09N04285,N,TEPSLB20J157M18CPF8R,NEO B2 CAPACITOR,6/24/2026 7:39,6/27/2026 12:36,7/8/2026 7:38,10.8,7/9/2026 0:00,11664,912,12000
NEO,PSL B2,DummyEnd,Ta NEO Capacitor PSL series B2 case,6G09N04286,N,TEPSLB20J157M18CPF8R,NEO B2 CAPACITOR,6/24/2026 7:39,6/27/2026 14:36,7/13/2026 16:36,16.1,7/9/2026 0:00,11664,1011,12000
NEO,PSL B2,DummyEnd,Ta NEO Capacitor PSL series B2 case,6G09N05920,N,TEPSLB20J157M18HF8R,NEO B2 CAPACITOR,6/27/2026 13:00,7/2/2026 15:49,7/14/2026 10:01,11.8,7/9/2026 0:00,11664,1070,12000
NEO,PSL B2,DummyEnd,Ta NEO Capacitor PSL series B2 case,6G09N05921,N,TEPSLB20J157M18HF8R,NEO B2 CAPACITOR,6/27/2026 13:00,7/2/2026 14:59,7/11/2026 7:28,8.7,7/9/2026 0:00,11664,1664,10000
NEO,PSL B2,DummyEnd,Ta NEO Capacitor PSL series B2 case,6G09N05922,N,TEPSLB20J157M18HF8R,NEO B2 CAPACITOR,6/27/2026 13:00,7/2/2026 13:13,7/13/2026 5:51,10.7,7/9/2026 0:00,11664,1664,10000
NEO,PSL B2,DummyEnd,Ta NEO Capacitor PSL series B2 case,6G09N05923,N,TEPSLB20J157M18HF8R,NEO B2 CAPACITOR,6/27/2026 13:00,7/2/2026 3:44,7/10/2026 4:52,8,7/9/2026 0:00,11664,670,12000
NEO,PSL B2,DummyEnd,Ta NEO Capacitor PSL series B2 case,6G09N05924,N,TEPSLB20J157M18HF8R,NEO B2 CAPACITOR,6/27/2026 13:00,7/2/2026 2:37,7/10/2026 23:19,8.9,7/9/2026 0:00,11664,2373,10000
NEO,PSL B2,DummyEnd,Ta NEO Capacitor PSL series B2 case,6G09N05925,N,TEPSLB20J157M18HF8R,NEO B2 CAPACITOR,6/27/2026 13:01,7/2/2026 0:30,7/11/2026 11:27,9.5,7/9/2026 0:00,11664,1939,10000
NEO,PSL B2,DummyEnd,Ta NEO Capacitor PSL series B2 case,6G09N05926,N,TEPSLB20J157M18HF8R,NEO B2 CAPACITOR,6/27/2026 13:01,7/3/2026 8:31,7/13/2026 19:21,10.5,7/9/2026 0:00,11664,1664,10000
NEO,PSL B2,DummyEnd,Ta NEO Capacitor PSL series B2 case,6G09N05927,N,TEPSLB20J157M18HF8R,NEO B2 CAPACITOR,6/27/2026 13:01,7/3/2026 8:31,7/13/2026 15:56,10.3,7/9/2026 0:00,11664,1386,12000
NEO,PSL B2,DummyEnd,Ta NEO Capacitor PSL series B2 case,6G09N05928,N,TEPSLB20J157M18HF8R,NEO B2 CAPACITOR,6/27/2026 13:01,7/3/2026 8:31,7/13/2026 16:01,10.3,7/9/2026 0:00,11615,1615,10000
NEO,PSL B2,DummyEnd,Ta NEO Capacitor PSL series B2 case,6G09N05929,N,TEPSLB20J157M18HF8R,NEO B2 CAPACITOR,6/27/2026 13:01,7/2/2026 9:29,7/11/2026 7:30,8.9,7/9/2026 0:00,11664,2052,10000
NEO,PSL B2,DummyEnd,Ta NEO Capacitor PSL series B2 case,6G09N05930,N,TEPSLB20J157M18HF8R,NEO B2 CAPACITOR,6/27/2026 13:01,7/2/2026 9:29,7/10/2026 22:42,8.5,7/9/2026 0:00,11664,626,12000
NEO,PSL B2,DummyEnd,Ta NEO Capacitor PSL series B2 case,6G09N05931,N,TEPSLB20J157M18HF8R,NEO B2 CAPACITOR,6/27/2026 13:01,7/2/2026 9:29,7/11/2026 3:31,8.8,7/9/2026 0:00,11659,1272,12000
NEO,PSL B2,DummyEnd,Ta NEO Capacitor PSL series B2 case,6G09N05932,N,TEPSLB20J157M18HF8R,NEO B2 CAPACITOR,6/27/2026 13:01,7/2/2026 5:54,7/10/2026 23:15,8.8,7/9/2026 0:00,11664,2119,10000
NEO,PSL B2,DummyEnd,Ta NEO Capacitor PSL series B2 case,6G09N05933,N,TEPSLB20J157M18HF8R,NEO B2 CAPACITOR,6/27/2026 13:01,7/2/2026 5:54,7/12/2026 7:59,10.1,7/9/2026 0:00,11664,1041,12000
NEO,PSL B2,DummyEnd,Ta NEO Capacitor PSL series B2 case,6G09N05934,N,TEPSLB20J157M18HF8R,NEO B2 CAPACITOR,6/27/2026 13:01,7/2/2026 5:54,7/12/2026 10:31,10.2,7/9/2026 0:00,11664,2125,10000
NEO,PSL B2,DummyEnd,Ta NEO Capacitor PSL series B2 case,6G09N05935,N,TEPSLB20J157M18HF8R,NEO B2 CAPACITOR,6/27/2026 13:02,7/3/2026 2:35,7/13/2026 5:56,10.1,7/9/2026 0:00,11664,1144,12000
NEO,PSL B2,DummyEnd,Ta NEO Capacitor PSL series B2 case,6G09N05936,N,TEPSLB20J157M18HF8R,NEO B2 CAPACITOR,6/27/2026 13:02,7/2/2026 22:50,7/12/2026 19:38,9.9,7/9/2026 0:00,11664,1961,10000
NEO,PSL B2,DummyEnd,Ta NEO Capacitor PSL series B2 case,6G09N05937,N,TEPSLB20J157M18HF8R,NEO B2 CAPACITOR,6/27/2026 13:02,7/3/2026 1:26,7/12/2026 10:31,9.4,7/9/2026 0:00,11592,642,12000
NEO,PSL B2,DummyEnd,Ta NEO Capacitor PSL series B2 case,6G09N05938,N,TEPSLB20J157M18HF8R,NEO B2 CAPACITOR,6/27/2026 13:02,7/2/2026 18:12,7/13/2026 4:37,10.4,7/9/2026 0:00,11664,2107,10000
NEO,PSL B2,DummyEnd,Ta NEO Capacitor PSL series B2 case,6G09N05940,N,TEPSLB20J157M18HF8R,NEO B2 CAPACITOR,6/27/2026 13:02,7/2/2026 18:59,7/15/2026 7:38,12.5,7/9/2026 0:00,11219,1487,10000
NEO,PSL B2,DummyEnd,Ta NEO Capacitor PSL series B2 case,6G09N05941,N,TEPSLB20J157M18HF8R,NEO B2 CAPACITOR,6/27/2026 13:02,7/3/2026 1:10,7/13/2026 21:42,10.8,7/9/2026 0:00,11664,1648,12000
NEO,PSL B2,DummyEnd,Ta NEO Capacitor PSL series B2 case,6G09N05942,N,TEPSLB20J157M18HF8R,NEO B2 CAPACITOR,6/27/2026 13:02,7/3/2026 1:40,7/12/2026 6:57,9.2,7/9/2026 0:00,11664,714,12000
NEO,PSL B2,DummyEnd,Ta NEO Capacitor PSL series B2 case,6G09N05943,N,TEPSLB20J157M18HF8R,NEO B2 CAPACITOR,6/27/2026 13:02,7/2/2026 22:50,7/12/2026 9:56,9.5,7/9/2026 0:00,11664,2195,10000
NEO,PSL B2,DummyEnd,Ta NEO Capacitor PSL series B2 case,6G09N05944,N,TEPSLB20J157M18HF8R,NEO B2 CAPACITOR,6/27/2026 13:02,7/2/2026 6:29,7/11/2026 5:31,9,7/9/2026 0:00,11664,386,12000
NEO,PSL B2,DummyEnd,Ta NEO Capacitor PSL series B2 case,6G09N05945,N,TEPSLB20J157M18HF8R,NEO B2 CAPACITOR,6/27/2026 13:03,7/2/2026 6:29,7/12/2026 6:58,10,7/9/2026 0:00,11664,1264,12000
NEO,PSL B2,DummyEnd,Ta NEO Capacitor PSL series B2 case,6G09N05946,N,TEPSLB20J157M18HF8R,NEO B2 CAPACITOR,6/27/2026 13:03,7/2/2026 6:59,7/11/2026 10:06,9.2,7/9/2026 0:00,11664,896,12000
NEO,PSL B2,DummyEnd,Ta NEO Capacitor PSL series B2 case,6G09N05947,N,TEPSLB20J157M18HF8R,NEO B2 CAPACITOR,6/27/2026 13:03,7/3/2026 19:39,7/13/2026 19:19,10,7/9/2026 0:00,11664,1744,10000
NEO,PSL B2,DummyEnd,Ta NEO Capacitor PSL series B2 case,6G09N05948,N,TEPSLB20J157M18HF8R,NEO B2 CAPACITOR,6/27/2026 13:03,7/4/2026 1:50,7/12/2026 5:20,8.2,7/9/2026 0:00,11664,1103,12000
NEO,PSL B2,DummyEnd,Ta NEO Capacitor PSL series B2 case,6G09N05949,N,TEPSLB20J157M18HF8R,NEO B2 CAPACITOR,6/27/2026 13:03,7/4/2026 1:50,7/14/2026 8:53,10.3,7/9/2026 0:00,11635,1635,10000
NEO,PSL B2,DummyEnd,Ta NEO Capacitor PSL series B2 case,6G09N05950,N,TEPSLB20J157M18HF8R,NEO B2 CAPACITOR,6/27/2026 13:03,7/2/2026 22:49,7/13/2026 5:51,10.3,7/9/2026 0:00,11664,1664,10000
NEO,PSL B2,DummyEnd,Ta NEO Capacitor PSL series B2 case,6G09N05951,N,TEPSLB20J157M18HF8R,NEO B2 CAPACITOR,6/27/2026 13:03,7/2/2026 18:59,7/13/2026 6:14,10.5,7/9/2026 0:00,11664,515,12000
NEO,PSL B2,DummyEnd,Ta NEO Capacitor PSL series B2 case,6G09N05952,N,TEPSLB20J157M18HF8R,NEO B2 CAPACITOR,6/27/2026 13:03,7/2/2026 18:12,7/11/2026 10:13,8.7,7/9/2026 0:00,11664,488,12000
NEO,PSL B2,DummyEnd,Ta NEO Capacitor PSL series B2 case,6G09N05953,N,TEPSLB20J157M18HF8R,NEO B2 CAPACITOR,6/27/2026 13:03,7/2/2026 19:29,7/12/2026 6:59,9.5,7/9/2026 0:00,11664,782,12000
NEO,PSL B2,DummyEnd,Ta NEO Capacitor PSL series B2 case,6G09N05954,N,TEPSLB20J157M18HF8R,NEO B2 CAPACITOR,6/27/2026 13:03,7/2/2026 19:30,7/11/2026 10:14,8.6,7/9/2026 0:00,11664,697,12000
NEO,PSL B2,DummyEnd,Ta NEO Capacitor PSL series B2 case,6G09N05955,N,TEPSLB20J157M18HF8R,NEO B2 CAPACITOR,6/27/2026 13:04,7/2/2026 19:30,7/11/2026 4:37,8.4,7/9/2026 0:00,11664,1726,10000
NEO,PSL B2,DummyEnd,Ta NEO Capacitor PSL series B2 case,6G09N05956,N,TEPSLB20J157M18HF8R,NEO B2 CAPACITOR,6/27/2026 13:04,7/3/2026 5:04,7/12/2026 5:20,9,7/9/2026 0:00,11664,637,12000
NEO,PSL B2,DummyEnd,Ta NEO Capacitor PSL series B2 case,6G09N05957,N,TEPSLB20J157M18HF8R,NEO B2 CAPACITOR,6/27/2026 13:04,7/3/2026 6:41,7/13/2026 5:52,10,7/9/2026 0:00,11664,2444,10000
NEO,PSL B2,DummyEnd,Ta NEO Capacitor PSL series B2 case,6G09N05958,N,TEPSLB20J157M18HF8R,NEO B2 CAPACITOR,6/27/2026 13:04,7/3/2026 8:10,7/13/2026 23:20,10.6,7/9/2026 0:00,11624,937,12000
NEO,PSL B2,DummyEnd,Ta NEO Capacitor PSL series B2 case,6G09N05959,N,TEPSLB20J157M(35)8R,NEO B2 CAPACITOR,6/27/2026 13:04,6/29/2026 14:48,7/9/2026 23:28,10.4,7/9/2026 0:00,11664,1664,10000
NEO,PSL B2,DummyEnd,Ta NEO Capacitor PSL series B2 case,6G09N05960,N,TEPSLB20J157M(35)8R,NEO B2 CAPACITOR,6/27/2026 13:04,6/29/2026 14:48,7/9/2026 19:47,10.2,7/9/2026 0:00,11664,1045,12000
NEO,PSL B2,DummyEnd,Ta NEO Capacitor PSL series B2 case,6G09N05961,N,TEPSLB20J157M(35)8R,NEO B2 CAPACITOR,6/27/2026 13:04,6/29/2026 14:48,7/9/2026 10:23,9.8,7/9/2026 0:00,11664,1715,10000
NEO,PSL B2,DummyEnd,Ta NEO Capacitor PSL series B2 case,6G09N05962,N,TEPSLB20J157M(35)8R,NEO B2 CAPACITOR,6/27/2026 13:04,6/30/2026 3:01,7/9/2026 22:59,9.8,7/9/2026 0:00,11664,2375,10000
NEO,PSL B2,DummyEnd,Ta NEO Capacitor PSL series B2 case,6G09N05963,N,TEPSLB20J157M(35)8R,NEO B2 CAPACITOR,6/27/2026 13:04,6/30/2026 3:01,7/9/2026 19:05,9.7,7/9/2026 0:00,11664,1588,12000
NEO,PSL B2,DummyEnd,Ta NEO Capacitor PSL series B2 case,6G09N05964,N,TEPSLB20J157M(35)8R,NEO B2 CAPACITOR,6/27/2026 13:04,6/30/2026 4:49,7/9/2026 22:56,9.8,7/9/2026 0:00,11664,2653,10000
NEO,PSL B2,DummyEnd,Ta NEO Capacitor PSL series B2 case,6G09N05965,N,TEPSLB20J157M(35)8R,NEO B2 CAPACITOR,6/27/2026 13:05,6/29/2026 20:05,7/10/2026 5:08,10.4,7/9/2026 0:00,11664,1664,10000
NEO,PSL B2,DummyEnd,Ta NEO Capacitor PSL series B2 case,6G09N05966,N,TEPSLB20J157M(35)8R,NEO B2 CAPACITOR,6/27/2026 13:05,6/29/2026 23:15,7/11/2026 7:28,11.3,7/9/2026 0:00,11664,3084,10000
NEO,PSL B2,DummyEnd,Ta NEO Capacitor PSL series B2 case,6G09N05967,N,TEPSLB20J157M(35)8R,NEO B2 CAPACITOR,6/27/2026 13:05,6/29/2026 23:16,7/10/2026 4:50,10.2,7/9/2026 0:00,11499,1089,12000
NEO,PSL B2,DummyEnd,Ta NEO Capacitor PSL series B2 case,6G09N05968,N,TEPSLB20J157M(35)8R,NEO B2 CAPACITOR,6/27/2026 13:05,6/29/2026 23:16,7/11/2026 10:40,11.5,7/9/2026 0:00,11664,1664,10000
NEO,PSL B2,DummyEnd,Ta NEO Capacitor PSL series B2 case,6G09N05969,N,TEPSLB20J157M(35)8R,NEO B2 CAPACITOR,6/27/2026 13:05,6/30/2026 1:39,7/11/2026 4:34,11.1,7/9/2026 0:00,11664,1488,12000
NEO,PSL B2,DummyEnd,Ta NEO Capacitor PSL series B2 case,6G09N05970,N,TEPSLB20J157M(35)8R,NEO B2 CAPACITOR,6/27/2026 13:05,6/30/2026 4:49,7/10/2026 7:47,10.1,7/9/2026 0:00,11664,1664,10000
NEO,PSL B2,DummyEnd,Ta NEO Capacitor PSL series B2 case,6G09N05971,N,TEPSLB20J157M(35)8R,NEO B2 CAPACITOR,6/27/2026 13:05,6/29/2026 17:59,7/13/2026 6:02,13.5,7/9/2026 0:00,11664,356,12000
NEO,PSL B2,DummyEnd,Ta NEO Capacitor PSL series B2 case,6G09N05972,N,TEPSLB20J157M(35)8R,NEO B2 CAPACITOR,6/27/2026 13:05,6/29/2026 17:59,7/8/2026 19:32,9.1,7/9/2026 0:00,11664,1664,10000
NEO,PSL B2,DummyEnd,Ta NEO Capacitor PSL series B2 case,6G09N05973,N,TEPSLB20J157M(35)8R,NEO B2 CAPACITOR,6/27/2026 13:05,6/29/2026 17:59,7/10/2026 21:29,11.2,7/9/2026 0:00,11664,1664,10000
NEO,PSL B2,DummyEnd,Ta NEO Capacitor PSL series B2 case,6G09N05974,N,TEPSLB20J157M(35)8R,NEO B2 CAPACITOR,6/27/2026 13:05,6/29/2026 13:07,7/10/2026 7:45,10.8,7/9/2026 0:00,11664,2082,10000
NEO,PSL B2,DummyEnd,Ta NEO Capacitor PSL series B2 case,6G09N05975,N,TEPSLB20J157M(35)8R,NEO B2 CAPACITOR,6/27/2026 13:05,6/29/2026 13:07,7/9/2026 19:18,10.3,7/9/2026 0:00,11664,686,12000
NEO,PSL B2,DummyEnd,Ta NEO Capacitor PSL series B2 case,6G09N05976,N,TEPSLB20J157M(35)8R,NEO B2 CAPACITOR,6/27/2026 13:06,6/29/2026 13:06,7/9/2026 20:41,10.3,7/9/2026 0:00,11639,1241,12000
NEO,PSL B2,DummyEnd,Ta NEO Capacitor PSL series B2 case,6G09N05977,N,TEPSLB20J157M(35)8R,NEO B2 CAPACITOR,6/27/2026 13:06,6/29/2026 21:43,7/12/2026 15:31,12.8,7/9/2026 0:00,11664,2124,10000
NEO,PSL B2,DummyEnd,Ta NEO Capacitor PSL series B2 case,6G09N05978,N,TEPSLB20J157M(35)8R,NEO B2 CAPACITOR,6/27/2026 13:06,6/29/2026 23:16,7/10/2026 19:02,10.8,7/9/2026 0:00,11664,2204,10000
NEO,PSL B2,DummyEnd,Ta NEO Capacitor PSL series B2 case,6G09N05979,N,TEPSLB20J157M(35)8R,NEO B2 CAPACITOR,6/27/2026 13:06,6/30/2026 7:06,7/9/2026 21:48,9.6,7/9/2026 0:00,11661,715,12000
NEO,PSL B2,DummyEnd,Ta NEO Capacitor PSL series B2 case,6G09N05980,N,TEPSLB20J157M(45)8R,NEO B2 CAPACITOR,6/27/2026 13:06,7/4/2026 6:30,7/14/2026 6:52,10,7/9/2026 0:00,11664,1096,12000
NEO,PSL B2,DummyEnd,Ta NEO Capacitor PSL series B2 case,6G09N05981,N,TEPSLB20J157M(45)8R,NEO B2 CAPACITOR,6/27/2026 13:06,7/4/2026 6:54,7/13/2026 17:46,9.5,7/9/2026 0:00,11664,1664,10000
NEO,PSL B2,DummyEnd,Ta NEO Capacitor PSL series B2 case,6G09N05982,N,TEPSLB20J157M(45)8R,NEO B2 CAPACITOR,6/27/2026 13:06,7/4/2026 7:11,7/13/2026 23:15,9.7,7/9/2026 0:00,11664,1664,10000
NEO,PSL B2,DummyEnd,Ta NEO Capacitor PSL series B2 case,6G09N05984,N,TEPSLB20J157M(45)8R,NEO B2 CAPACITOR,6/27/2026 13:06,7/2/2026 15:32,7/12/2026 14:03,10,7/9/2026 0:00,11664,1664,10000
NEO,PSL B2,DummyEnd,Ta NEO Capacitor PSL series B2 case,6G09N05985,N,TEPSLB20J157M(45)8R,NEO B2 CAPACITOR,6/27/2026 13:06,7/2/2026 15:32,7/12/2026 7:59,9.7,7/9/2026 0:00,11664,874,12000
NEO,PSL B2,DummyEnd,Ta NEO Capacitor PSL series B2 case,6G09N05986,N,TEPSLB20J157M(45)8R,NEO B2 CAPACITOR,6/27/2026 13:06,7/3/2026 8:10,7/12/2026 9:58,9,7/9/2026 0:00,11664,1664,10000
NEO,PSL B2,DummyEnd,Ta NEO Capacitor PSL series B2 case,6G09N05987,N,TEPSLB20J157M(45)8R,NEO B2 CAPACITOR,6/27/2026 13:07,7/3/2026 9:14,7/13/2026 16:42,10.3,7/9/2026 0:00,11664,1709,10000
NEO,PSL B2,DummyEnd,Ta NEO Capacitor PSL series B2 case,6G09N05988,N,TEPSLB20J157M(45)8R,NEO B2 CAPACITOR,6/27/2026 13:07,7/3/2026 10:03,7/13/2026 5:50,9.8,7/9/2026 0:00,11664,1664,10000
NEO,PSL B2,DummyEnd,Ta NEO Capacitor PSL series B2 case,6G09N05989,N,TEPSLB21E156M8R,NEO B2 CAPACITOR,6/27/2026 13:07,7/1/2026 17:56,7/8/2026 20:06,7.1,7/9/2026 0:00,11664,1664,10000
NEO,PSL B2,DummyEnd,Ta NEO Capacitor PSL series B2 case,6G09N05990,N,TEPSLB21E156M8R,NEO B2 CAPACITOR,6/27/2026 13:07,7/1/2026 17:56,7/9/2026 4:46,7.5,7/9/2026 0:00,11664,1664,10000
NEO,PSL B2,DummyEnd,Ta NEO Capacitor PSL series B2 case,6G09N05991,N,TEPSLB21E156M8R,NEO B2 CAPACITOR,6/27/2026 13:07,7/1/2026 17:56,7/13/2026 5:50,11.5,7/9/2026 0:00,11621,1621,10000
NEO,PSL B2,DummyEnd,Ta NEO Capacitor PSL series B2 case,6G09N05992,N,TEPSLB21E156M8R,NEO B2 CAPACITOR,6/27/2026 13:07,6/29/2026 3:00,7/6/2026 20:35,7.7,7/9/2026 0:00,11664,1664,10000
NEO,PSL B2,DummyEnd,Ta NEO Capacitor PSL series B2 case,6G09N05993,N,TEPSLB21E156M8R,NEO B2 CAPACITOR,6/27/2026 13:07,6/29/2026 4:27,7/7/2026 2:52,7.9,7/9/2026 0:00,11664,1664,10000
NEO,PSL B2,DummyEnd,Ta NEO Capacitor PSL series B2 case,6G09N05994,N,TEPSLB21E156M8R,NEO B2 CAPACITOR,6/27/2026 13:07,6/29/2026 6:01,7/8/2026 9:32,9.1,7/9/2026 0:00,11576,1630,10000
NEO,PSL B2,DummyEnd,Ta NEO Capacitor PSL series B2 case,6G09N05995,N,TEPSLB21E156M8R,NEO B2 CAPACITOR,6/27/2026 13:07,7/1/2026 6:32,7/9/2026 23:22,8.7,7/9/2026 0:00,11664,1664,10000
NEO,PSL B2,DummyEnd,Ta NEO Capacitor PSL series B2 case,6G09N05996,N,TEPSLB21E156M8R,NEO B2 CAPACITOR,6/27/2026 13:07,7/1/2026 8:28,7/10/2026 20:45,9.5,7/9/2026 0:00,11664,1074,12000
NEO,PSL B2,DummyEnd,Ta NEO Capacitor PSL series B2 case,6G09N05997,N,TEPSLB21E156M8R,NEO B2 CAPACITOR,6/27/2026 13:07,7/1/2026 9:18,7/8/2026 21:25,7.5,7/9/2026 0:00,11587,743,12000
NEO,PSL B2,DummyEnd,Ta NEO Capacitor PSL series B2 case,6G09N05998,N,TEPSLB21E156M8R,NEO B2 CAPACITOR,6/27/2026 13:08,7/1/2026 12:44,7/8/2026 22:36,7.4,7/9/2026 0:00,11664,2328,10000
NEO,PSL B2,DummyEnd,Ta NEO Capacitor PSL series B2 case,6G09N05999,N,TEPSLB21E156M8R,NEO B2 CAPACITOR,6/27/2026 13:08,7/1/2026 12:43,7/8/2026 19:31,7.3,7/9/2026 0:00,11664,1664,10000
NEO,PSL B2,DummyEnd,Ta NEO Capacitor PSL series B2 case,6G09N06000,N,TEPSLB21E156M8R,NEO B2 CAPACITOR,6/27/2026 13:08,7/1/2026 12:38,7/9/2026 4:49,7.7,7/9/2026 0:00,11649,1700,10000
NEO,PSL B2,DummyEnd,Ta NEO Capacitor PSL series B2 case,6G09N06001,N,TEPSLB21E156M8R,NEO B2 CAPACITOR,6/27/2026 13:08,6/30/2026 19:32,7/8/2026 3:03,7.3,7/9/2026 0:00,11664,1664,10000
NEO,PSL B2,DummyEnd,Ta NEO Capacitor PSL series B2 case,6G09N06003,N,TEPSLB21E156M8R,NEO B2 CAPACITOR,6/27/2026 13:08,6/30/2026 19:31,7/8/2026 22:39,8.1,7/9/2026 0:00,11621,1621,10000
NEO,PSL B2,DummyEnd,Ta NEO Capacitor PSL series B2 case,6G09N06004,N,TEPSLB21E156M8R,NEO B2 CAPACITOR,6/27/2026 13:08,6/30/2026 4:17,7/8/2026 3:03,8,7/9/2026 0:00,11664,493,12000
NEO,PSL B2,DummyEnd,Ta NEO Capacitor PSL series B2 case,6G09N06005,N,TEPSLB21E156M8R,NEO B2 CAPACITOR,6/27/2026 13:08,6/30/2026 6:48,7/9/2026 4:49,8.9,7/9/2026 0:00,11664,3664,8000
NEO,PSL B2,DummyEnd,Ta NEO Capacitor PSL series B2 case,6G09N06006,N,TEPSLB21E156M8R,NEO B2 CAPACITOR,6/27/2026 13:08,6/30/2026 8:09,7/8/2026 5:12,7.9,7/9/2026 0:00,11597,1597,10000
NEO,PSL B2,DummyEnd,Ta NEO Capacitor PSL series B2 case,6G09N06007,N,TEPSLB21E156M8R,NEO B2 CAPACITOR,6/27/2026 13:08,7/1/2026 3:18,7/8/2026 18:12,7.6,7/9/2026 0:00,11664,1664,10000
NEO,PSL B2,DummyEnd,Ta NEO Capacitor PSL series B2 case,6G09N06008,N,TEPSLB21E156M8R,NEO B2 CAPACITOR,6/27/2026 13:08,7/1/2026 1:55,7/8/2026 22:43,7.9,7/9/2026 0:00,11664,1549,12000
NEO,PSL B2,DummyEnd,Ta NEO Capacitor PSL series B2 case,6G09N06009,N,TEPSLB21E156M8R,NEO B2 CAPACITOR,6/27/2026 13:09,7/1/2026 5:17,7/9/2026 6:25,8,7/9/2026 0:00,11473,1473,10000
NEO,PSL B2,DummyEnd,Ta NEO Capacitor PSL series B2 case,6G09N06010,N,TEPSLB21E156M8RFT,NEO B2 CAPACITOR,6/27/2026 13:09,7/2/2026 0:30,7/9/2026 21:47,7.9,7/9/2026 0:00,11664,1704,10000
NEO,PSL B2,DummyEnd,Ta NEO Capacitor PSL series B2 case,6G09N06011,N,TEPSLB21E156M8RFT,NEO B2 CAPACITOR,6/27/2026 13:09,7/2/2026 1:43,7/9/2026 4:48,7.1,7/9/2026 0:00,11664,1664,10000
NEO,PSL B2,DummyEnd,Ta NEO Capacitor PSL series B2 case,6G09N06012,N,TEPSLB21E156M8RFT,NEO B2 CAPACITOR,6/27/2026 13:09,7/2/2026 3:44,7/9/2026 19:47,7.7,7/9/2026 0:00,11627,1622,12000
NEO,PSL B2,DummyEnd,Ta NEO Capacitor PSL series B2 case,6G09N06013,N,TEPSLB21E156M8RFT,NEO B2 CAPACITOR,6/27/2026 13:09,6/30/2026 14:01,7/8/2026 11:31,7.9,7/9/2026 0:00,11664,1664,10000
NEO,PSL B2,DummyEnd,Ta NEO Capacitor PSL series B2 case,6G09N06014,N,TEPSLB21E156M8RFT,NEO B2 CAPACITOR,6/27/2026 13:09,6/30/2026 14:01,7/8/2026 11:32,7.9,7/9/2026 0:00,11664,1664,10000
NEO,PSL B2,DummyEnd,Ta NEO Capacitor PSL series B2 case,6G09N06015,N,TEPSLB21E156M8RFT,NEO B2 CAPACITOR,6/27/2026 13:09,6/30/2026 13:59,7/9/2026 20:41,9.3,7/9/2026 0:00,11254,1286,10000
NEO,PSL B2,DummyEnd,Ta NEO Capacitor PSL series B2 case,6G09N06016,N,TEPSLB21E156M8RFT,NEO B2 CAPACITOR,6/27/2026 13:09,7/4/2026 6:56,7/12/2026 5:43,8,7/9/2026 0:00,11664,882,12000
NEO,PSL B2,DummyEnd,Ta NEO Capacitor PSL series B2 case,6G09N06017,N,TEPSLB21E156M8RFT,NEO B2 CAPACITOR,6/27/2026 13:09,7/4/2026 6:56,7/13/2026 8:55,9.1,7/9/2026 0:00,11664,2208,10000
NEO,PSL B2,DummyEnd,Ta NEO Capacitor PSL series B2 case,6G09N06018,N,TEPSLB21E156M8RFT,NEO B2 CAPACITOR,6/27/2026 13:09,7/4/2026 6:56,7/12/2026 22:25,8.7,7/9/2026 0:00,11552,2627,10000
NEO,PSL B2,DummyEnd,Ta NEO Capacitor PSL series B2 case,6G09N06019,N,TEPSLB21E156M8RFT,NEO B2 CAPACITOR,6/27/2026 13:09,6/29/2026 13:57,7/8/2026 11:22,8.9,7/9/2026 0:00,11664,1493,12000
NEO,PSL B2,DummyEnd,Ta NEO Capacitor PSL series B2 case,6G09N06020,N,TEPSLB21E156M8RFT,NEO B2 CAPACITOR,6/27/2026 13:10,6/29/2026 13:57,7/7/2026 22:19,8.4,7/9/2026 0:00,11664,1684,10000
NEO,PSL B2,DummyEnd,Ta NEO Capacitor PSL series B2 case,6G09N06022,N,TEPSLB21E156M8RFT,NEO B2 CAPACITOR,6/27/2026 13:10,6/30/2026 1:25,7/13/2026 21:41,13.8,7/9/2026 0:00,11664,1664,10000
NEO,PSL B2,DummyEnd,Ta NEO Capacitor PSL series B2 case,6G09N06023,N,TEPSLB21E156M8RFT,NEO B2 CAPACITOR,6/27/2026 13:10,6/30/2026 2:31,7/8/2026 10:36,8.3,7/9/2026 0:00,11664,714,12000
NEO,PSL B2,DummyEnd,Ta NEO Capacitor PSL series B2 case,6G09N06025,N,TEPSLB21E156M8RFT,NEO B2 CAPACITOR,6/27/2026 13:10,6/30/2026 15:43,7/8/2026 19:37,8.2,7/9/2026 0:00,11664,1017,12000
NEO,PSL B2,DummyEnd,Ta NEO Capacitor PSL series B2 case,6G09N06026,N,TEPSLB21E156M8RFT,NEO B2 CAPACITOR,6/27/2026 13:10,6/30/2026 15:42,7/8/2026 19:06,8.2,7/9/2026 0:00,11664,1664,10000
NEO,PSL B2,DummyEnd,Ta NEO Capacitor PSL series B2 case,6G09N06027,N,TEPSLB21E156M8RFT,NEO B2 CAPACITOR,6/27/2026 13:10,6/30/2026 15:42,7/8/2026 22:42,8.3,7/9/2026 0:00,11365,1365,10000
NEO,PSL B2,DummyEnd,Ta NEO Capacitor PSL series B2 case,6G09N06028,N,TEPSLB21E156M8RFT,NEO B2 CAPACITOR,6/27/2026 13:10,6/30/2026 7:51,7/8/2026 9:33,8.1,7/9/2026 0:00,11664,2104,10000
NEO,PSL B2,DummyEnd,Ta NEO Capacitor PSL series B2 case,6G09N06029,N,TEPSLB21E156M8RFT,NEO B2 CAPACITOR,6/27/2026 13:10,6/30/2026 7:51,7/10/2026 5:03,9.9,7/9/2026 0:00,11664,2636,10000
NEO,PSL B2,DummyEnd,Ta NEO Capacitor PSL series B2 case,6G09N06030,N,TEPSLB21E156M8RFT,NEO B2 CAPACITOR,6/27/2026 13:11,6/30/2026 7:51,7/10/2026 2:55,9.8,7/9/2026 0:00,11475,1475,10000
NEO,PSL B2,DummyEnd,Ta NEO Capacitor PSL series B2 case,6G09N06031,N,TEPSLB21E156M1008RKT2,NEO B2 CAPACITOR,6/27/2026 13:11,6/30/2026 19:46,7/11/2026 5:33,10.4,7/9/2026 0:00,11664,1664,10000
NEO,PSL B2,DummyEnd,Ta NEO Capacitor PSL series B2 case,6G09N06032,N,TEPSLB21E156M1008RKT2,NEO B2 CAPACITOR,6/27/2026 13:11,6/30/2026 21:37,7/8/2026 8:46,7.5,7/9/2026 0:00,11664,728,12000
NEO,PSL B2,DummyEnd,Ta NEO Capacitor PSL series B2 case,6G09N06033,N,TEPSLB21E156M1008RKT2,NEO B2 CAPACITOR,6/27/2026 13:11,7/1/2026 0:28,7/9/2026 3:34,8.1,7/9/2026 0:00,11591,1644,10000
NEO,PSL B2,DummyEnd,Ta NEO Capacitor PSL series B2 case,6G09N06034,N,TEPSLB21E156M1008RKT2,NEO B2 CAPACITOR,6/27/2026 13:11,6/29/2026 21:54,7/7/2026 20:12,8,7/9/2026 0:00,11664,1664,10000
NEO,PSL B2,DummyEnd,Ta NEO Capacitor PSL series B2 case,6G09N06035,N,TEPSLB21E156M1008RKT2,NEO B2 CAPACITOR,6/27/2026 13:11,6/30/2026 1:39,7/8/2026 3:37,8.1,7/9/2026 0:00,11664,1664,10000
NEO,PSL B2,DummyEnd,Ta NEO Capacitor PSL series B2 case,6G09N06037,N,TEPSLB21E156M1008RKT2,NEO B2 CAPACITOR,6/27/2026 13:11,6/29/2026 18:56,7/8/2026 7:37,8.5,7/9/2026 0:00,11664,1664,10000
NEO,PSL B2,DummyEnd,Ta NEO Capacitor PSL series B2 case,6G09N06038,N,TEPSLB21E156M1008RKT2,NEO B2 CAPACITOR,6/27/2026 13:11,6/29/2026 18:55,7/8/2026 22:42,9.2,7/9/2026 0:00,11664,2110,10000
NEO,PSL B2,DummyEnd,Ta NEO Capacitor PSL series B2 case,6G09N06039,N,TEPSLB21E156M1008RKT2,NEO B2 CAPACITOR,6/27/2026 13:11,6/29/2026 18:55,7/9/2026 4:55,9.4,7/9/2026 0:00,10920,2088,10000
NEO,PSL B2,DummyEnd,Ta NEO Capacitor PSL series B2 case,6G09N06040,N,TEPSLB21E156M1008RKT2,NEO B2 CAPACITOR,6/27/2026 13:11,6/30/2026 10:09,7/8/2026 11:20,8,7/9/2026 0:00,11664,1681,10000
NEO,PSL B2,DummyEnd,Ta NEO Capacitor PSL series B2 case,6G09N06041,N,TEPSLB21E156M1008RKT2,NEO B2 CAPACITOR,6/27/2026 13:12,6/30/2026 13:13,7/8/2026 3:01,7.6,7/9/2026 0:00,11664,1664,10000
NEO,PSL B2,DummyEnd,Ta NEO Capacitor PSL series B2 case,6G09N06042,N,TEPSLB21E156M1008RKT2,NEO B2 CAPACITOR,6/27/2026 13:12,6/30/2026 12:26,7/9/2026 5:53,8.7,7/9/2026 0:00,11613,1645,10000
NEO,PSL B2,DummyEnd,Ta NEO Capacitor PSL series B2 case,6G09N06043,N,TEPSLB21E156M1008RKT2,NEO B2 CAPACITOR,6/27/2026 13:12,6/30/2026 5:53,7/8/2026 7:37,8.1,7/9/2026 0:00,11664,1664,10000
NEO,PSL B2,DummyEnd,Ta NEO Capacitor PSL series B2 case,6G09N06044,N,TEPSLB21E156M1008RKT2,NEO B2 CAPACITOR,6/27/2026 13:12,6/30/2026 7:05,7/8/2026 2:53,7.8,7/9/2026 0:00,11664,1664,10000
NEO,PSL B2,DummyEnd,Ta NEO Capacitor PSL series B2 case,6G09N06045,N,TEPSLB21E156M1008RKT2,NEO B2 CAPACITOR,6/27/2026 13:12,6/30/2026 7:35,7/8/2026 9:34,8.1,7/9/2026 0:00,11664,1664,10000
NEO,PSL B2,DummyEnd,Ta NEO Capacitor PSL series B2 case,6G09N06112,N,TEPSLB20E477M148RKT,NEO B2 CAPACITOR,6/27/2026 13:20,7/3/2026 1:25,7/14/2026 15:46,11.6,7/9/2026 0:00,11664,1664,10000
NEO,PSL B2,DummyEnd,Ta NEO Capacitor PSL series B2 case,6G09N06113,N,TEPSLB20E477M148RKT,NEO B2 CAPACITOR,6/27/2026 13:20,7/3/2026 1:25,7/14/2026 15:47,11.6,7/9/2026 0:00,11664,2636,10000
NEO,PSL B2,DummyEnd,Ta NEO Capacitor PSL series B2 case,6G09N06114,N,TEPSLB20E477M148RKT,NEO B2 CAPACITOR,6/27/2026 13:20,6/30/2026 13:32,7/12/2026 8:41,11.8,7/9/2026 0:00,11664,4655,8000
NEO,PSL B2,DummyEnd,Ta NEO Capacitor PSL series B2 case,6G09N06115,N,TEPSLB20E477M148RKT,NEO B2 CAPACITOR,6/27/2026 13:20,6/30/2026 13:32,7/13/2026 9:33,12.8,7/9/2026 0:00,11664,2316,10000
NEO,PSL B2,DummyEnd,Ta NEO Capacitor PSL series B2 case,6G09N06116,N,TEPSLB20E477M148RKT,NEO B2 CAPACITOR,6/27/2026 13:20,6/30/2026 18:13,7/12/2026 5:42,11.5,7/9/2026 0:00,11664,3053,10000
NEO,PSL B2,DummyEnd,Ta NEO Capacitor PSL series B2 case,6G09N06118,N,TEPSLB20E477M148RKT,NEO B2 CAPACITOR,6/27/2026 13:20,7/1/2026 0:42,7/15/2026 19:39,14.8,7/9/2026 0:00,11664,7664,4000
NEO,PSL B2,DummyEnd,Ta NEO Capacitor PSL series B2 case,6G09N06119,N,TEPSLB20E477M148RKT,NEO B2 CAPACITOR,6/27/2026 13:20,7/1/2026 20:53,7/14/2026 10:09,12.6,7/9/2026 0:00,11664,8506,4000
NEO,PSL B2,DummyEnd,Ta NEO Capacitor PSL series B2 case,6G09N06121,N,TEPSLB20E477M148RKT,NEO B2 CAPACITOR,6/27/2026 13:21,6/30/2026 16:04,7/14/2026 10:08,13.8,7/9/2026 0:00,11638,7638,4000
NEO,PSL B2,DummyEnd,Ta NEO Capacitor PSL series B2 case,6G09N06122,N,TEPSLB20E477M148RKT,NEO B2 CAPACITOR,6/27/2026 13:21,7/1/2026 3:32,7/12/2026 21:38,11.8,7/9/2026 0:00,11664,3664,8000
NEO,PSL B2,DummyEnd,Ta NEO Capacitor PSL series B2 case,6G09N06123,N,TEPSLB20E477M148RKT,NEO B2 CAPACITOR,6/27/2026 13:21,7/1/2026 4:11,7/13/2026 9:30,12.2,7/9/2026 0:00,11664,3711,8000
NEO,PSL B2,DummyEnd,Ta NEO Capacitor PSL series B2 case,6G09N06124,N,TEPSLB20E477M148RKT,NEO B2 CAPACITOR,6/27/2026 13:21,6/30/2026 15:46,7/14/2026 10:03,13.8,7/9/2026 0:00,11664,3706,8000
NEO,PSL B2,DummyEnd,Ta NEO Capacitor PSL series B2 case,6G09N06125,N,TEPSLB20E477M148RKT,NEO B2 CAPACITOR,6/27/2026 13:21,6/30/2026 15:46,7/12/2026 2:36,11.5,7/9/2026 0:00,11574,1574,10000
NEO,PSL B2,DummyEnd,Ta NEO Capacitor PSL series B2 case,6G09N06126,N,TEPSLB20E477M148RKT,NEO B2 CAPACITOR,6/27/2026 13:21,7/1/2026 1:36,7/13/2026 6:14,12.2,7/9/2026 0:00,11664,3566,10000
NEO,PSL B2,DummyEnd,Ta NEO Capacitor PSL series B2 case,6G09N06127,N,TEPSLB20E477M148RKT,NEO B2 CAPACITOR,6/27/2026 13:21,6/30/2026 22:20,7/14/2026 10:08,13.5,7/9/2026 0:00,11664,5664,6000
NEO,PSL B2,DummyEnd,Ta NEO Capacitor PSL series B2 case,6G09N06128,N,TEPSLB20E477M148RKT,NEO B2 CAPACITOR,6/27/2026 13:21,7/1/2026 15:43,7/12/2026 22:26,11.3,7/9/2026 0:00,11664,7664,4000
NEO,PSL B2,DummyEnd,Ta NEO Capacitor PSL series B2 case,6G09N06130,N,TEPSLB20E477M148RKT,NEO B2 CAPACITOR,6/27/2026 13:21,7/1/2026 13:15,7/14/2026 10:04,12.9,7/9/2026 0:00,11664,5713,6000
NEO,PSL B2,DummyEnd,Ta NEO Capacitor PSL series B2 case,6G09N06131,N,TEPSLB20E477M148RKT,NEO B2 CAPACITOR,6/27/2026 13:21,7/1/2026 13:15,7/14/2026 10:07,12.9,7/9/2026 0:00,11664,7664,4000
NEO,PSL B2,DummyEnd,Ta NEO Capacitor PSL series B2 case,6G09N06132,N,TEPSLB20E477M148RKT,NEO B2 CAPACITOR,6/27/2026 13:22,6/30/2026 18:38,7/14/2026 18:45,14,7/9/2026 0:00,11664,3664,8000
NEO,PSL B2,DummyEnd,Ta NEO Capacitor PSL series B2 case,6G09N06133,N,TEPSLB20E477M148RKT,NEO B2 CAPACITOR,6/27/2026 13:22,6/30/2026 20:52,7/12/2026 15:33,11.8,7/9/2026 0:00,11664,3664,8000
NEO,PSL B2,DummyEnd,Ta NEO Capacitor PSL series B2 case,6G09N06134,N,TEPSLB20E477M148RKT,NEO B2 CAPACITOR,6/27/2026 13:22,6/30/2026 19:29,7/12/2026 16:39,11.9,7/9/2026 0:00,11664,3664,8000
NEO,PSL B2,DummyEnd,Ta NEO Capacitor PSL series B2 case,6G09N06135,N,TEPSLB20E477M148RKT,NEO B2 CAPACITOR,6/27/2026 13:22,6/30/2026 19:31,7/12/2026 5:41,11.4,7/9/2026 0:00,11576,1576,10000
NEO,PSL B2,DummyEnd,Ta NEO Capacitor PSL series B2 case,6G09N06136,N,TEPSLB21A476M(35)8R,NEO B2 CAPACITOR,6/27/2026 13:22,6/28/2026 10:42,7/8/2026 22:37,10.5,7/9/2026 0:00,14418,4418,10000
NEO,PSL B2,DummyEnd,Ta NEO Capacitor PSL series B2 case,6G09N06137,N,TEPSLB21A476M(35)8R,NEO B2 CAPACITOR,6/27/2026 13:22,6/28/2026 10:42,7/8/2026 9:36,10,7/9/2026 0:00,14418,4418,10000
NEO,PSL B2,DummyEnd,Ta NEO Capacitor PSL series B2 case,6G09N06138,N,TEPSLB21A476M(35)8R,NEO B2 CAPACITOR,6/27/2026 13:22,6/28/2026 9:45,7/7/2026 21:25,9.5,7/9/2026 0:00,14358,2358,12000
NEO,PSL B2,DummyEnd,Ta NEO Capacitor PSL series B2 case,6G09N06139,N,TEPSLB21A476M(35)8R,NEO B2 CAPACITOR,6/27/2026 13:22,7/8/2026 18:31,7/17/2026 17:33,9,7/9/2026 0:00,14418,2458,12000
NEO,PSL B2,DummyEnd,Ta NEO Capacitor PSL series B2 case,6G09N06140,N,TEPSLB21A476M(35)8R,NEO B2 CAPACITOR,6/27/2026 13:22,7/8/2026 19:52,7/18/2026 22:31,10.1,7/9/2026 0:00,14418,4418,10000
NEO,PSL B2,DummyEnd,Ta NEO Capacitor PSL series B2 case,6G09N06141,N,TEPSLB21A476M(35)8R,NEO B2 CAPACITOR,6/27/2026 13:22,7/9/2026 2:13,7/18/2026 16:36,9.6,7/9/2026 0:00,14418,2330,14000
NEO,PSL B2,DummyEnd,Ta NEO Capacitor PSL series B2 case,6G09N06142,N,TEPSLB21A476M(35)8R,NEO B2 CAPACITOR,6/27/2026 13:22,6/28/2026 22:11,7/9/2026 3:38,10.2,7/9/2026 0:00,14418,5120,10000
NEO,PSL B2,DummyEnd,Ta NEO Capacitor PSL series B2 case,6G09N06143,N,TEPSLB21A476M(35)8R,NEO B2 CAPACITOR,6/27/2026 13:23,6/29/2026 14:50,7/12/2026 2:38,12.5,7/9/2026 0:00,14418,4490,10000
NEO,PSL B2,DummyEnd,Ta NEO Capacitor PSL series B2 case,6G09N06144,N,TEPSLB21A476M(35)8R,NEO B2 CAPACITOR,6/27/2026 13:23,6/30/2026 2:31,7/9/2026 4:50,9.1,7/9/2026 0:00,14418,4418,10000
NEO,PSL B2,DummyEnd,Ta NEO Capacitor PSL series B2 case,6G09N06145,N,TEPSLB21A476M(35)8R,NEO B2 CAPACITOR,6/27/2026 13:23,6/28/2026 13:52,7/7/2026 22:23,9.4,7/9/2026 0:00,14418,2418,12000
NEO,PSL B2,DummyEnd,Ta NEO Capacitor PSL series B2 case,6G09N06146,N,TEPSLB21A476M(35)8R,NEO B2 CAPACITOR,6/27/2026 13:23,6/28/2026 22:10,7/7/2026 9:35,8.5,7/9/2026 0:00,14418,2418,12000
NEO,PSL B2,DummyEnd,Ta NEO Capacitor PSL series B2 case,6G09N06147,N,TEPSLB21A476M(35)8R,NEO B2 CAPACITOR,6/27/2026 13:23,6/28/2026 22:10,7/7/2026 21:27,9,7/9/2026 0:00,14418,2418,12000
NEO,PSL B2,DummyEnd,Ta NEO Capacitor PSL series B2 case,6G10N04675,N,TEPSLB20J227M25PF8R,NEO B2 CAPACITOR,6/25/2026 6:29,6/30/2026 7:52,7/17/2026 17:40,17.4,7/10/2026 0:00,11664,4204,8000
NEO,PSL B2,DummyEnd,Ta NEO Capacitor PSL series B2 case,6G10N04676,N,TEPSLB20J227M25PF8R,NEO B2 CAPACITOR,6/25/2026 6:29,6/30/2026 7:52,7/20/2026 3:30,19.8,7/10/2026 0:00,11664,1664,10000
NEO,PSL B2,DummyEnd,Ta NEO Capacitor PSL series B2 case,6G10N04677,N,TEPSLB20J227M25PF8R,NEO B2 CAPACITOR,6/25/2026 6:29,6/30/2026 0:48,7/17/2026 22:28,17.9,7/10/2026 0:00,11664,3845,8000
NEO,PSL B2,DummyEnd,Ta NEO Capacitor PSL series B2 case,6G10N04678,N,TEPSLB20J227M25PF8R,NEO B2 CAPACITOR,6/25/2026 6:29,6/30/2026 2:59,7/17/2026 6:29,17.2,7/10/2026 0:00,11664,1664,10000
NEO,PSL B2,DummyEnd,Ta NEO Capacitor PSL series B2 case,6G10N04682,N,TEPSLB20J227M25PF8R,NEO B2 CAPACITOR,6/25/2026 6:29,6/30/2026 7:43,7/19/2026 7:13,19,7/10/2026 0:00,11664,4766,8000
NEO,PSL B2,DummyEnd,Ta NEO Capacitor PSL series B2 case,6G10N04686,N,TEPSLB20J227M25PF8R,NEO B2 CAPACITOR,6/25/2026 6:30,6/30/2026 12:42,7/18/2026 17:42,18.2,7/10/2026 0:00,11664,3664,8000
NEO,PSL B2,DummyEnd,Ta NEO Capacitor PSL series B2 case,6G10N04688,N,TEPSLB20J227M25PF8R,NEO B2 CAPACITOR,6/25/2026 6:30,6/30/2026 13:32,7/18/2026 7:08,17.8,7/10/2026 0:00,11664,3664,8000
NEO,PSL B2,DummyEnd,Ta NEO Capacitor PSL series B2 case,6G10N04692,N,TEPSLB20J227M25PF8R,NEO B2 CAPACITOR,6/25/2026 6:30,6/30/2026 2:59,7/17/2026 22:27,17.8,7/10/2026 0:00,11664,1664,10000
NEO,PSL B2,DummyEnd,Ta NEO Capacitor PSL series B2 case,6G10N04698,N,TEPSLB20J227M25PF8R,NEO B2 CAPACITOR,6/25/2026 6:31,6/29/2026 18:04,7/18/2026 15:46,18.9,7/10/2026 0:00,11664,3664,8000
NEO,PSL B2,DummyEnd,Ta NEO Capacitor PSL series B2 case,6G10N04699,N,TEPSLB20J227M25PF8R,NEO B2 CAPACITOR,6/25/2026 6:31,6/29/2026 18:04,7/17/2026 17:41,18,7/10/2026 0:00,11664,3664,8000
NEO,PSL B2,DummyEnd,Ta NEO Capacitor PSL series B2 case,6G11N05891,N,TEPSLB20J227M258RKTA,NEO B2 CAPACITOR,6/27/2026 12:56,7/2/2026 3:33,7/19/2026 23:21,17.8,7/11/2026 0:00,11664,3664,8000
NEO,PSL B2,DummyEnd,Ta NEO Capacitor PSL series B2 case,6G11N05892,N,TEPSLB20J227M258RKTA,NEO B2 CAPACITOR,6/27/2026 12:56,7/2/2026 3:33,7/19/2026 18:27,17.6,7/11/2026 0:00,11661,1661,10000
NEO,PSL B2,DummyEnd,Ta NEO Capacitor PSL series B2 case,6G11N05903,N,TEPSLB20J227M258RKTA,NEO B2 CAPACITOR,6/27/2026 12:57,7/1/2026 3:34,7/18/2026 22:31,17.8,7/11/2026 0:00,11664,2365,10000
NEO,PSL B2,DummyEnd,Ta NEO Capacitor PSL series B2 case,6G11N05905,N,TEPSLB20J227M258RKTA,NEO B2 CAPACITOR,6/27/2026 12:58,7/1/2026 7:10,7/18/2026 22:32,17.6,7/11/2026 0:00,11664,5664,6000
NEO,PSL B2,DummyEnd,Ta NEO Capacitor PSL series B2 case,6G11N05906,N,TEPSLB20J227M258RKTA,NEO B2 CAPACITOR,6/27/2026 12:58,7/1/2026 10:34,7/19/2026 5:27,17.8,7/11/2026 0:00,11664,3664,8000
NEO,PSL B2,DummyEnd,Ta NEO Capacitor PSL series B2 case,6G11N05908,N,TEPSLB20J227M258RKTA,NEO B2 CAPACITOR,6/27/2026 12:58,7/2/2026 9:28,7/20/2026 3:49,17.8,7/11/2026 0:00,11664,2361,10000
NEO,PSL B2,DummyEnd,Ta NEO Capacitor PSL series B2 case,6G11N05909,N,TEPSLB20J227M258RKTA,NEO B2 CAPACITOR,6/27/2026 12:58,7/2/2026 9:28,7/19/2026 18:29,17.4,7/11/2026 0:00,11664,3664,8000
NEO,PSL B2,DummyEnd,Ta NEO Capacitor PSL series B2 case,6G11N05914,N,TEPSLB20J227M258RKTA,NEO B2 CAPACITOR,6/27/2026 12:58,7/1/2026 19:08,7/17/2026 20:23,16,7/11/2026 0:00,11664,1664,10000
NEO,PSL B2,DummyEnd,Ta NEO Capacitor PSL series B2 case,6G11N05916,N,TEPSLB20J227M258RKTA,NEO B2 CAPACITOR,6/27/2026 12:59,7/1/2026 21:54,7/18/2026 22:35,17,7/11/2026 0:00,11664,3664,8000
NEO,PSL B2,DummyEnd,Ta NEO Capacitor PSL series B2 case,6G11N06589,N,TEPSLB20J157M18HF8R,NEO B2 CAPACITOR,6/30/2026 1:13,7/3/2026 14:46,7/13/2026 10:23,9.8,7/11/2026 0:00,11664,1102,12000
NEO,PSL B2,DummyEnd,Ta NEO Capacitor PSL series B2 case,6G11N06590,N,TEPSLB20J157M18HF8R,NEO B2 CAPACITOR,6/30/2026 1:13,7/3/2026 18:38,7/14/2026 6:48,10.5,7/11/2026 0:00,11664,1511,12000
NEO,PSL B2,DummyEnd,Ta NEO Capacitor PSL series B2 case,6G11N06591,N,TEPSLB20J157M18HF8R,NEO B2 CAPACITOR,6/30/2026 1:13,7/3/2026 18:37,7/13/2026 18:34,10,7/11/2026 0:00,11600,1654,10000
NEO,PSL B2,DummyEnd,Ta NEO Capacitor PSL series B2 case,6G11N06592,N,TEPSLB20J157M18HF8R,NEO B2 CAPACITOR,6/30/2026 1:13,7/3/2026 19:25,7/13/2026 15:52,9.8,7/11/2026 0:00,11664,1950,10000
NEO,PSL B2,DummyEnd,Ta NEO Capacitor PSL series B2 case,6G11N06593,N,TEPSLB20J157M18HF8R,NEO B2 CAPACITOR,6/30/2026 1:14,7/3/2026 22:09,7/18/2026 15:31,14.7,7/11/2026 0:00,11664,1664,10000
NEO,PSL B2,DummyEnd,Ta NEO Capacitor PSL series B2 case,6G11N06594,N,TEPSLB20J157M18HF8R,NEO B2 CAPACITOR,6/30/2026 1:14,7/4/2026 0:37,7/14/2026 8:56,10.3,7/11/2026 0:00,11614,2434,10000
NEO,PSL B2,DummyEnd,Ta NEO Capacitor PSL series B2 case,6G11N06595,N,TEPSLB20J157M18HF8R,NEO B2 CAPACITOR,6/30/2026 1:14,7/4/2026 6:54,7/15/2026 10:47,11.2,7/11/2026 0:00,11664,744,12000
NEO,PSL B2,DummyEnd,Ta NEO Capacitor PSL series B2 case,6G11N06596,N,TEPSLB20J157M18HF8R,NEO B2 CAPACITOR,6/30/2026 1:14,7/4/2026 2:47,7/13/2026 16:40,9.6,7/11/2026 0:00,11664,755,12000
NEO,PSL B2,DummyEnd,Ta NEO Capacitor PSL series B2 case,6G11N06597,N,TEPSLB20J157M18HF8R,NEO B2 CAPACITOR,6/30/2026 1:14,7/4/2026 2:48,7/14/2026 6:01,10.2,7/11/2026 0:00,11664,2738,10000
NEO,PSL B2,DummyEnd,Ta NEO Capacitor PSL series B2 case,6G11N06598,N,TEPSLB20J157M18HF8R,NEO B2 CAPACITOR,6/30/2026 1:14,7/4/2026 5:53,7/13/2026 15:43,9.4,7/11/2026 0:00,11664,567,12000
NEO,PSL B2,DummyEnd,Ta NEO Capacitor PSL series B2 case,6G11N06599,N,TEPSLB20J157M18HF8R,NEO B2 CAPACITOR,6/30/2026 1:14,7/4/2026 7:51,7/13/2026 16:03,9.4,7/11/2026 0:00,11664,771,12000
NEO,PSL B2,DummyEnd,Ta NEO Capacitor PSL series B2 case,6G11N06600,N,TEPSLB20J157M18HF8R,NEO B2 CAPACITOR,6/30/2026 1:14,7/4/2026 7:13,7/14/2026 8:05,10,7/11/2026 0:00,11661,1433,12000
NEO,PSL B2,DummyEnd,Ta NEO Capacitor PSL series B2 case,6G11N06601,N,TEPSLB20J157M18HF8R,NEO B2 CAPACITOR,6/30/2026 1:14,7/6/2026 9:33,7/15/2026 22:18,9.5,7/11/2026 0:00,11664,2490,10000
NEO,PSL B2,DummyEnd,Ta NEO Capacitor PSL series B2 case,6G11N06602,N,TEPSLB20J157M18HF8R,NEO B2 CAPACITOR,6/30/2026 1:14,7/7/2026 2:22,7/16/2026 6:45,9.2,7/11/2026 0:00,11664,1664,10000
NEO,PSL B2,DummyEnd,Ta NEO Capacitor PSL series B2 case,6G11N06603,N,TEPSLB20J157M18HF8R,NEO B2 CAPACITOR,6/30/2026 1:14,7/7/2026 2:22,7/15/2026 23:18,8.9,7/11/2026 0:00,11664,1664,10000
NEO,PSL B2,DummyEnd,Ta NEO Capacitor PSL series B2 case,6G11N06604,N,TEPSLB20J157M18HF8R,NEO B2 CAPACITOR,6/30/2026 1:15,7/3/2026 19:25,7/12/2026 5:22,8.4,7/11/2026 0:00,11664,359,12000
NEO,PSL B2,DummyEnd,Ta NEO Capacitor PSL series B2 case,6G11N06605,N,TEPSLB20J157M18HF8R,NEO B2 CAPACITOR,6/30/2026 1:15,7/3/2026 21:11,7/14/2026 10:15,10.5,7/11/2026 0:00,11664,1897,10000
NEO,PSL B2,DummyEnd,Ta NEO Capacitor PSL series B2 case,6G11N06606,N,TEPSLB20J157M18HF8R,NEO B2 CAPACITOR,6/30/2026 1:15,7/4/2026 0:49,7/12/2026 16:33,8.7,7/11/2026 0:00,11660,1660,10000
NEO,PSL B2,DummyEnd,Ta NEO Capacitor PSL series B2 case,6G11N06607,N,TEPSLB20J157M18HF8R,NEO B2 CAPACITOR,6/30/2026 1:15,7/4/2026 12:18,7/14/2026 18:17,10.3,7/11/2026 0:00,11664,1664,10000
NEO,PSL B2,DummyEnd,Ta NEO Capacitor PSL series B2 case,6G11N06608,N,TEPSLB20J157M18HF8R,NEO B2 CAPACITOR,6/30/2026 1:15,7/4/2026 6:55,7/13/2026 18:33,9.5,7/11/2026 0:00,11664,892,12000
NEO,PSL B2,DummyEnd,Ta NEO Capacitor PSL series B2 case,6G11N06609,N,TEPSLB20J157M18HF8R,NEO B2 CAPACITOR,6/30/2026 1:15,7/4/2026 6:55,7/13/2026 20:40,9.6,7/11/2026 0:00,11664,1187,12000
NEO,PSL B2,DummyEnd,Ta NEO Capacitor PSL series B2 case,6G11N06610,N,TEPSLB20J157M18HF8R,NEO B2 CAPACITOR,6/30/2026 1:15,7/4/2026 10:15,7/13/2026 9:55,9,7/11/2026 0:00,11664,795,12000
NEO,PSL B2,DummyEnd,Ta NEO Capacitor PSL series B2 case,6G11N06611,N,TEPSLB20J157M18HF8R,NEO B2 CAPACITOR,6/30/2026 1:15,7/4/2026 10:15,7/13/2026 19:20,9.4,7/11/2026 0:00,11664,1030,12000
NEO,PSL B2,DummyEnd,Ta NEO Capacitor PSL series B2 case,6G11N06612,N,TEPSLB20J157M18HF8R,NEO B2 CAPACITOR,6/30/2026 1:15,7/4/2026 10:15,7/14/2026 8:34,9.9,7/11/2026 0:00,11600,1600,10000
NEO,PSL B2,DummyEnd,Ta NEO Capacitor PSL series B2 case,6G11N06613,N,TEPSLB20J157M18HF8R,NEO B2 CAPACITOR,6/30/2026 1:15,7/4/2026 13:20,7/13/2026 9:42,8.8,7/11/2026 0:00,11664,1976,10000
NEO,PSL B2,DummyEnd,Ta NEO Capacitor PSL series B2 case,6G11N06614,N,TEPSLB20J157M18HF8R,NEO B2 CAPACITOR,6/30/2026 1:16,7/4/2026 10:36,7/14/2026 5:39,9.8,7/11/2026 0:00,11664,1133,12000
NEO,PSL B2,DummyEnd,Ta NEO Capacitor PSL series B2 case,6G11N06615,N,TEPSLB20J157M18HF8R,NEO B2 CAPACITOR,6/30/2026 1:16,7/4/2026 10:36,7/15/2026 10:10,11,7/11/2026 0:00,11664,2330,10000
NEO,PSL B2,DummyEnd,Ta NEO Capacitor PSL series B2 case,6G11N06616,N,TEPSLB20J157M(35)8R,NEO B2 CAPACITOR,6/30/2026 1:16,7/1/2026 17:21,7/10/2026 21:33,9.2,7/11/2026 0:00,11664,1664,10000
NEO,PSL B2,DummyEnd,Ta NEO Capacitor PSL series B2 case,6G11N06617,N,TEPSLB20J157M(35)8R,NEO B2 CAPACITOR,6/30/2026 1:16,7/1/2026 17:21,7/10/2026 19:52,9.1,7/11/2026 0:00,11664,1664,10000
NEO,PSL B2,DummyEnd,Ta NEO Capacitor PSL series B2 case,6G11N06618,N,TEPSLB20J157M(35)8R,NEO B2 CAPACITOR,6/30/2026 1:16,7/1/2026 17:21,7/10/2026 19:19,9.1,7/11/2026 0:00,11624,517,12000
NEO,PSL B2,DummyEnd,Ta NEO Capacitor PSL series B2 case,6G11N06619,N,TEPSLB20J157M(35)8R,NEO B2 CAPACITOR,6/30/2026 1:16,7/3/2026 20:57,7/12/2026 17:40,8.9,7/11/2026 0:00,11664,1664,10000
NEO,PSL B2,DummyEnd,Ta NEO Capacitor PSL series B2 case,6G11N06620,N,TEPSLB20J157M(35)8R,NEO B2 CAPACITOR,6/30/2026 1:16,7/4/2026 0:49,7/12/2026 15:32,8.6,7/11/2026 0:00,11664,1664,10000
NEO,PSL B2,DummyEnd,Ta NEO Capacitor PSL series B2 case,6G11N06621,N,TEPSLB20J157M(35)8R,NEO B2 CAPACITOR,6/30/2026 1:16,7/4/2026 0:49,7/12/2026 10:08,8.4,7/11/2026 0:00,11664,2732,10000
NEO,PSL B2,DummyEnd,Ta NEO Capacitor PSL series B2 case,6G11N06622,N,TEPSLB20J157M(35)8R,NEO B2 CAPACITOR,6/30/2026 1:16,7/1/2026 19:07,7/12/2026 10:08,10.6,7/11/2026 0:00,11664,1664,10000
NEO,PSL B2,DummyEnd,Ta NEO Capacitor PSL series B2 case,6G11N06623,N,TEPSLB20J157M(35)8R,NEO B2 CAPACITOR,6/30/2026 1:16,7/1/2026 20:28,7/11/2026 10:39,9.6,7/11/2026 0:00,11664,853,12000
NEO,PSL B2,DummyEnd,Ta NEO Capacitor PSL series B2 case,6G11N06624,N,TEPSLB20J157M(35)8R,NEO B2 CAPACITOR,6/30/2026 1:17,7/1/2026 21:54,7/12/2026 10:30,10.5,7/11/2026 0:00,11664,2333,10000
NEO,PSL B2,DummyEnd,Ta NEO Capacitor PSL series B2 case,6G11N06625,N,TEPSLB20J157M(35)8R,NEO B2 CAPACITOR,6/30/2026 1:17,7/1/2026 17:38,7/10/2026 20:03,9.1,7/11/2026 0:00,11664,2416,10000
NEO,PSL B2,DummyEnd,Ta NEO Capacitor PSL series B2 case,6G11N06626,N,TEPSLB20J157M(35)8R,NEO B2 CAPACITOR,6/30/2026 1:17,7/1/2026 17:38,7/12/2026 7:51,10.6,7/11/2026 0:00,11664,1664,10000
NEO,PSL B2,DummyEnd,Ta NEO Capacitor PSL series B2 case,6G11N06627,N,TEPSLB20J157M(35)8R,NEO B2 CAPACITOR,6/30/2026 1:17,7/1/2026 17:37,7/10/2026 20:44,9.1,7/11/2026 0:00,11664,1411,12000
NEO,PSL B2,DummyEnd,Ta NEO Capacitor PSL series B2 case,6G11N06628,N,TEPSLB20J157M(35)8R,NEO B2 CAPACITOR,6/30/2026 1:17,7/2/2026 2:37,7/12/2026 7:00,10.2,7/11/2026 0:00,11664,1122,12000
NEO,PSL B2,DummyEnd,Ta NEO Capacitor PSL series B2 case,6G11N06629,N,TEPSLB20J157M(35)8R,NEO B2 CAPACITOR,6/30/2026 1:17,7/2/2026 3:01,7/12/2026 9:59,10.3,7/11/2026 0:00,11664,1597,12000
NEO,PSL B2,DummyEnd,Ta NEO Capacitor PSL series B2 case,6G11N06630,N,TEPSLB20J157M(35)8R,NEO B2 CAPACITOR,6/30/2026 1:17,7/2/2026 3:32,7/12/2026 10:08,10.3,7/11/2026 0:00,11661,1661,10000
NEO,PSL B2,DummyEnd,Ta NEO Capacitor PSL series B2 case,6G11N06631,N,TEPSLB21E156M8R,NEO B2 CAPACITOR,6/30/2026 1:17,7/2/2026 15:15,7/9/2026 19:41,7.2,7/11/2026 0:00,11664,988,12000
NEO,PSL B2,DummyEnd,Ta NEO Capacitor PSL series B2 case,6G11N06632,N,TEPSLB21E156M8R,NEO B2 CAPACITOR,6/30/2026 1:17,7/2/2026 18:17,7/9/2026 9:53,6.6,7/11/2026 0:00,11664,744,12000
NEO,PSL B2,DummyEnd,Ta NEO Capacitor PSL series B2 case,6G11N06633,N,TEPSLB21E156M8R,NEO B2 CAPACITOR,6/30/2026 1:17,7/2/2026 18:21,7/11/2026 23:17,9.2,7/11/2026 0:00,11570,2352,10000
NEO,PSL B2,DummyEnd,Ta NEO Capacitor PSL series B2 case,6G11N06634,N,TEPSLB21E156M8R,NEO B2 CAPACITOR,6/30/2026 1:18,7/2/2026 9:00,7/9/2026 19:11,7.4,7/11/2026 0:00,11664,1657,12000
NEO,PSL B2,DummyEnd,Ta NEO Capacitor PSL series B2 case,6G11N06635,N,TEPSLB21E156M8R,NEO B2 CAPACITOR,6/30/2026 1:18,7/2/2026 9:31,7/10/2026 5:08,7.8,7/11/2026 0:00,11664,1167,12000
NEO,PSL B2,DummyEnd,Ta NEO Capacitor PSL series B2 case,6G11N06636,N,TEPSLB21E156M8R,NEO B2 CAPACITOR,6/30/2026 1:18,7/2/2026 9:25,7/9/2026 20:45,7.5,7/11/2026 0:00,11568,1568,10000
NEO,PSL B2,DummyEnd,Ta NEO Capacitor PSL series B2 case,6G11N06637,N,TEPSLB21E156M8R,NEO B2 CAPACITOR,6/30/2026 1:18,7/2/2026 3:37,7/9/2026 19:42,7.7,7/11/2026 0:00,11664,834,12000
NEO,PSL B2,DummyEnd,Ta NEO Capacitor PSL series B2 case,6G11N06638,N,TEPSLB21E156M8R,NEO B2 CAPACITOR,6/30/2026 1:18,7/2/2026 3:37,7/9/2026 8:45,7.2,7/11/2026 0:00,11664,1664,10000
NEO,PSL B2,DummyEnd,Ta NEO Capacitor PSL series B2 case,6G11N06639,N,TEPSLB21E156M8R,NEO B2 CAPACITOR,6/30/2026 1:18,7/2/2026 3:38,7/9/2026 9:52,7.3,7/11/2026 0:00,11545,1801,10000
NEO,PSL B2,DummyEnd,Ta NEO Capacitor PSL series B2 case,6G11N06640,N,TEPSLB21E156M8R,NEO B2 CAPACITOR,6/30/2026 1:18,7/2/2026 1:44,7/9/2026 23:25,7.9,7/11/2026 0:00,11664,299,12000
NEO,PSL B2,DummyEnd,Ta NEO Capacitor PSL series B2 case,6G11N06641,N,TEPSLB21E156M8R,NEO B2 CAPACITOR,6/30/2026 1:18,7/2/2026 3:02,7/10/2026 2:55,8,7/11/2026 0:00,11664,1664,10000
NEO,PSL B2,DummyEnd,Ta NEO Capacitor PSL series B2 case,6G11N06642,N,TEPSLB21E156M8R,NEO B2 CAPACITOR,6/30/2026 1:18,7/2/2026 5:04,7/9/2026 9:58,7.2,7/11/2026 0:00,11571,2837,10000
NEO,PSL B2,DummyEnd,Ta NEO Capacitor PSL series B2 case,6G11N06643,N,TEPSLB21E156M8RFT,NEO B2 CAPACITOR,6/30/2026 1:18,7/2/2026 3:40,7/9/2026 19:46,7.7,7/11/2026 0:00,11664,2161,10000
NEO,PSL B2,DummyEnd,Ta NEO Capacitor PSL series B2 case,6G11N06644,N,TEPSLB21E156M8RFT,NEO B2 CAPACITOR,6/30/2026 1:19,7/2/2026 3:40,7/10/2026 10:40,8.3,7/11/2026 0:00,11664,477,12000
NEO,PSL B2,DummyEnd,Ta NEO Capacitor PSL series B2 case,6G11N06645,N,TEPSLB21E156M8RFT,NEO B2 CAPACITOR,6/30/2026 1:19,7/2/2026 3:40,7/10/2026 19:30,8.7,7/11/2026 0:00,11664,1664,10000
NEO,PSL B2,DummyEnd,Ta NEO Capacitor PSL series B2 case,6G11N06646,N,TEPSLB21E156M8RFT,NEO B2 CAPACITOR,6/30/2026 1:19,7/2/2026 9:26,7/10/2026 11:21,8.1,7/11/2026 0:00,11664,1664,10000
NEO,PSL B2,DummyEnd,Ta NEO Capacitor PSL series B2 case,6G11N06647,N,TEPSLB21E156M8RFT,NEO B2 CAPACITOR,6/30/2026 1:19,7/2/2026 9:26,7/9/2026 21:49,7.5,7/11/2026 0:00,11664,912,12000
NEO,PSL B2,DummyEnd,Ta NEO Capacitor PSL series B2 case,6G11N06648,N,TEPSLB21E156M8RFT,NEO B2 CAPACITOR,6/30/2026 1:19,7/2/2026 9:26,7/10/2026 7:44,7.9,7/11/2026 0:00,11664,1664,10000
NEO,PSL B2,DummyEnd,Ta NEO Capacitor PSL series B2 case,6G11N06649,N,TEPSLB21E156M8RFT,NEO B2 CAPACITOR,6/30/2026 1:19,7/3/2026 18:53,7/11/2026 6:34,7.5,7/11/2026 0:00,11664,640,12000
NEO,PSL B2,DummyEnd,Ta NEO Capacitor PSL series B2 case,6G11N06650,N,TEPSLB21E156M8RFT,NEO B2 CAPACITOR,6/30/2026 1:19,7/4/2026 0:48,7/11/2026 22:23,7.9,7/11/2026 0:00,11664,1405,12000
NEO,PSL B2,DummyEnd,Ta NEO Capacitor PSL series B2 case,6G11N06651,N,TEPSLB21E156M8RFT,NEO B2 CAPACITOR,6/30/2026 1:19,7/4/2026 0:48,7/12/2026 10:34,8.4,7/11/2026 0:00,11588,2591,10000
NEO,PSL B2,DummyEnd,Ta NEO Capacitor PSL series B2 case,6G11N06652,N,TEPSLB21E156M8RFT,NEO B2 CAPACITOR,6/30/2026 1:19,7/3/2026 20:57,7/12/2026 2:52,8.3,7/11/2026 0:00,11664,1664,10000
NEO,PSL B2,DummyEnd,Ta NEO Capacitor PSL series B2 case,6G11N06653,N,TEPSLB21E156M8RFT,NEO B2 CAPACITOR,6/30/2026 1:19,7/4/2026 0:37,7/11/2026 6:34,7.3,7/11/2026 0:00,11664,1664,10000
NEO,PSL B2,DummyEnd,Ta NEO Capacitor PSL series B2 case,6G11N06654,N,TEPSLB21E156M8RFT,NEO B2 CAPACITOR,6/30/2026 1:19,7/4/2026 0:37,7/11/2026 23:15,8,7/11/2026 0:00,11653,960,12000
NEO,PSL B2,DummyEnd,Ta NEO Capacitor PSL series B2 case,6G11N06655,N,TEPSLB21E156M1008RKT2,NEO B2 CAPACITOR,6/30/2026 1:20,7/2/2026 19:30,7/11/2026 19:23,9,7/11/2026 0:00,11664,960,12000
NEO,PSL B2,DummyEnd,Ta NEO Capacitor PSL series B2 case,6G11N06656,N,TEPSLB21E156M1008RKT2,NEO B2 CAPACITOR,6/30/2026 1:20,7/2/2026 19:30,7/10/2026 7:44,7.5,7/11/2026 0:00,11664,1664,10000
NEO,PSL B2,DummyEnd,Ta NEO Capacitor PSL series B2 case,6G11N06657,N,TEPSLB21E156M1008RKT2,NEO B2 CAPACITOR,6/30/2026 1:20,7/2/2026 19:30,7/10/2026 10:43,7.6,7/11/2026 0:00,11664,1664,10000
NEO,PSL B2,DummyEnd,Ta NEO Capacitor PSL series B2 case,6G11N06658,N,TEPSLB21E156M1008RKT2,NEO B2 CAPACITOR,6/30/2026 1:20,7/1/2026 16:26,7/9/2026 3:29,7.5,7/11/2026 0:00,11664,1664,10000
NEO,PSL B2,DummyEnd,Ta NEO Capacitor PSL series B2 case,6G11N06659,N,TEPSLB21E156M1008RKT2,NEO B2 CAPACITOR,6/30/2026 1:20,7/1/2026 16:25,7/9/2026 20:40,8.2,7/11/2026 0:00,11664,1664,10000
NEO,PSL B2,DummyEnd,Ta NEO Capacitor PSL series B2 case,6G11N06660,N,TEPSLB21E156M1008RKT2,NEO B2 CAPACITOR,6/30/2026 1:20,7/1/2026 16:25,7/9/2026 5:53,7.5,7/11/2026 0:00,11470,1470,10000
NEO,PSL B2,DummyEnd,Ta NEO Capacitor PSL series B2 case,6G11N06664,N,TEPSLB21E156M1008RKT2,NEO B2 CAPACITOR,6/30/2026 1:20,7/1/2026 14:50,7/9/2026 3:37,7.5,7/11/2026 0:00,11664,800,12000
NEO,PSL B2,DummyEnd,Ta NEO Capacitor PSL series B2 case,6G11N06665,N,TEPSLB21E156M1008RKT2,NEO B2 CAPACITOR,6/30/2026 1:21,7/1/2026 16:02,7/9/2026 6:23,7.6,7/11/2026 0:00,11664,1664,10000
NEO,PSL B2,DummyEnd,Ta NEO Capacitor PSL series B2 case,6G11N06666,N,TEPSLB21E156M1008RKT2,NEO B2 CAPACITOR,6/30/2026 1:21,7/1/2026 17:57,7/9/2026 3:59,7.4,7/11/2026 0:00,11448,685,12000
NEO,PSL B2,DummyEnd,Ta NEO Capacitor PSL series B2 case,6G11N06667,N,TEPSLB20E477M148RKT,NEO B2 CAPACITOR,6/30/2026 1:21,7/2/2026 9:28,7/12/2026 8:51,10,7/11/2026 0:00,11664,4725,8000
NEO,PSL B2,DummyEnd,Ta NEO Capacitor PSL series B2 case,6G11N06668,N,TEPSLB20E477M148RKT,NEO B2 CAPACITOR,6/30/2026 1:21,7/2/2026 9:28,7/15/2026 7:39,12.9,7/11/2026 0:00,11622,6103,6000
NEO,PSL B2,DummyEnd,Ta NEO Capacitor PSL series B2 case,6G11N06669,N,TEPSLB20E477M148RKT,NEO B2 CAPACITOR,6/30/2026 1:21,7/4/2026 2:09,7/14/2026 15:39,10.5,7/11/2026 0:00,11664,1664,10000
NEO,PSL B2,DummyEnd,Ta NEO Capacitor PSL series B2 case,6G11N06670,N,TEPSLB20E477M148RKT,NEO B2 CAPACITOR,6/30/2026 1:21,7/4/2026 6:24,7/15/2026 13:31,11.3,7/11/2026 0:00,11664,3664,8000
NEO,PSL B2,DummyEnd,Ta NEO Capacitor PSL series B2 case,6G11N06671,N,TEPSLB20E477M148RKT,NEO B2 CAPACITOR,6/30/2026 1:21,7/2/2026 6:28,7/14/2026 18:53,12.5,7/11/2026 0:00,11664,4480,8000
NEO,PSL B2,DummyEnd,Ta NEO Capacitor PSL series B2 case,6G11N06672,N,TEPSLB20E477M148RKT,NEO B2 CAPACITOR,6/30/2026 1:21,7/2/2026 6:28,7/12/2026 7:49,10,7/11/2026 0:00,11664,3676,8000
NEO,PSL B2,DummyEnd,Ta NEO Capacitor PSL series B2 case,6G11N06673,N,TEPSLB20E477M148RKT,NEO B2 CAPACITOR,6/30/2026 1:21,7/3/2026 17:26,7/13/2026 23:14,10.3,7/11/2026 0:00,11664,2654,10000
NEO,PSL B2,DummyEnd,Ta NEO Capacitor PSL series B2 case,6G11N06674,N,TEPSLB20E477M148RKT,NEO B2 CAPACITOR,6/30/2026 1:21,7/3/2026 20:06,7/14/2026 15:40,10.8,7/11/2026 0:00,11664,2785,10000
NEO,PSL B2,DummyEnd,Ta NEO Capacitor PSL series B2 case,6G11N06676,N,TEPSLB20E477M148RKT,NEO B2 CAPACITOR,6/30/2026 1:22,7/3/2026 17:26,7/19/2026 23:20,16.3,7/11/2026 0:00,11664,1664,10000
NEO,PSL B2,DummyEnd,Ta NEO Capacitor PSL series B2 case,6G11N06677,N,TEPSLB20E477M148RKT,NEO B2 CAPACITOR,6/30/2026 1:22,7/3/2026 20:06,7/13/2026 9:32,9.5,7/11/2026 0:00,11664,1664,10000
NEO,PSL B2,DummyEnd,Ta NEO Capacitor PSL series B2 case,6G11N06678,N,TEPSLB20E477M148RKT,NEO B2 CAPACITOR,6/30/2026 1:22,7/3/2026 23:26,7/13/2026 23:22,10,7/11/2026 0:00,11649,2425,10000
NEO,PSL B2,DummyEnd,Ta NEO Capacitor PSL series B2 case,6G11N06679,N,TEPSLB20E477M148RKT,NEO B2 CAPACITOR,6/30/2026 1:22,7/3/2026 6:21,7/14/2026 15:50,11.4,7/11/2026 0:00,11664,3133,10000
NEO,PSL B2,DummyEnd,Ta NEO Capacitor PSL series B2 case,6G11N06680,N,TEPSLB20E477M148RKT,NEO B2 CAPACITOR,6/30/2026 1:22,7/3/2026 8:05,7/14/2026 9:49,11,7/11/2026 0:00,11622,7622,4000
NEO,PSL B2,DummyEnd,Ta NEO Capacitor PSL series B2 case,6G11N06681,N,TEPSLB20E477M148RKT,NEO B2 CAPACITOR,6/30/2026 1:22,7/4/2026 7:39,7/15/2026 19:36,11.5,7/11/2026 0:00,11664,3664,8000
NEO,PSL B2,DummyEnd,Ta NEO Capacitor PSL series B2 case,6G11N06682,N,TEPSLB20E477M148RKT,NEO B2 CAPACITOR,6/30/2026 1:22,7/4/2026 7:39,7/14/2026 21:30,10.6,7/11/2026 0:00,11624,3823,8000
NEO,PSL B2,DummyEnd,Ta NEO Capacitor PSL series B2 case,6G11N06683,N,TEPSLB20E477M148RKT,NEO B2 CAPACITOR,6/30/2026 1:22,7/3/2026 10:05,7/14/2026 15:32,11.2,7/11/2026 0:00,11664,2721,10000
NEO,PSL B2,DummyEnd,Ta NEO Capacitor PSL series B2 case,6G11N06684,N,TEPSLB20E477M148RKT,NEO B2 CAPACITOR,6/30/2026 1:22,7/3/2026 10:06,7/15/2026 23:14,12.5,7/11/2026 0:00,11664,3970,8000
NEO,PSL B2,DummyEnd,Ta NEO Capacitor PSL series B2 case,6G11N06685,N,TEPSLB20E477M148RKT,NEO B2 CAPACITOR,6/30/2026 1:22,7/3/2026 20:06,7/13/2026 23:21,10.1,7/11/2026 0:00,11664,1664,10000
NEO,PSL B2,DummyEnd,Ta NEO Capacitor PSL series B2 case,6G11N06686,N,TEPSLB20E477M148RKT,NEO B2 CAPACITOR,6/30/2026 1:23,7/3/2026 23:27,7/15/2026 7:25,11.3,7/11/2026 0:00,11664,3664,8000
NEO,PSL B2,DummyEnd,Ta NEO Capacitor PSL series B2 case,6G12N06395,N,TEPSLB20J227M258RKTA,NEO B2 CAPACITOR,6/29/2026 9:15,7/3/2026 1:24,7/19/2026 19:50,16.8,7/12/2026 0:00,11664,1664,10000
NEO,PSL B2,DummyEnd,Ta NEO Capacitor PSL series B2 case,6G12N07045,N,TEPSLB20J157M18HF8R,NEO B2 CAPACITOR,6/30/2026 8:21,7/5/2026 1:16,7/14/2026 14:43,9.5,7/12/2026 0:00,11664,1964,10000
NEO,PSL B2,DummyEnd,Ta NEO Capacitor PSL series B2 case,6G12N07046,N,TEPSLB20J157M18HF8R,NEO B2 CAPACITOR,6/30/2026 8:21,7/5/2026 1:17,7/14/2026 8:07,9.3,7/12/2026 0:00,11664,1664,10000
NEO,PSL B2,DummyEnd,Ta NEO Capacitor PSL series B2 case,6G12N07047,N,TEPSLB20J157M18HF8R,NEO B2 CAPACITOR,6/30/2026 8:21,7/5/2026 1:17,7/13/2026 23:14,8.9,7/12/2026 0:00,11664,1382,12000
NEO,PSL B2,DummyEnd,Ta NEO Capacitor PSL series B2 case,6G12N07048,N,TEPSLB20J157M18HF8R,NEO B2 CAPACITOR,6/30/2026 8:21,7/5/2026 16:14,7/14/2026 19:19,9.1,7/12/2026 0:00,11664,1284,12000
NEO,PSL B2,DummyEnd,Ta NEO Capacitor PSL series B2 case,6G12N07049,N,TEPSLB20J157M18HF8R,NEO B2 CAPACITOR,6/30/2026 8:21,7/5/2026 18:41,7/14/2026 5:37,8.5,7/12/2026 0:00,11664,1035,12000
NEO,PSL B2,DummyEnd,Ta NEO Capacitor PSL series B2 case,6G12N07050,N,TEPSLB20J157M18HF8R,NEO B2 CAPACITOR,6/30/2026 8:21,7/5/2026 22:28,7/14/2026 18:40,8.8,7/12/2026 0:00,11664,1104,12000
NEO,PSL B2,DummyEnd,Ta NEO Capacitor PSL series B2 case,6G12N07051,N,TEPSLB20J157M18HF8R,NEO B2 CAPACITOR,6/30/2026 8:21,7/6/2026 7:32,7/15/2026 11:26,9.2,7/12/2026 0:00,11664,1664,10000
NEO,PSL B2,DummyEnd,Ta NEO Capacitor PSL series B2 case,6G12N07052,N,TEPSLB20J157M18HF8R,NEO B2 CAPACITOR,6/30/2026 8:21,7/6/2026 7:32,7/16/2026 10:52,10.1,7/12/2026 0:00,11664,1664,10000
NEO,PSL B2,DummyEnd,Ta NEO Capacitor PSL series B2 case,6G12N07053,N,TEPSLB20J157M18HF8R,NEO B2 CAPACITOR,6/30/2026 8:21,7/6/2026 7:32,7/15/2026 22:18,9.6,7/12/2026 0:00,11664,1664,10000
NEO,PSL B2,DummyEnd,Ta NEO Capacitor PSL series B2 case,6G12N07054,N,TEPSLB20J157M18HF8R,NEO B2 CAPACITOR,6/30/2026 8:21,7/6/2026 15:40,7/16/2026 17:25,10.1,7/12/2026 0:00,11664,1664,10000
NEO,PSL B2,DummyEnd,Ta NEO Capacitor PSL series B2 case,6G12N07055,N,TEPSLB20J157M18HF8R,NEO B2 CAPACITOR,6/30/2026 8:22,7/6/2026 18:18,7/16/2026 11:19,9.7,7/12/2026 0:00,11664,729,12000
NEO,PSL B2,DummyEnd,Ta NEO Capacitor PSL series B2 case,6G12N07056,N,TEPSLB20J157M18HF8R,NEO B2 CAPACITOR,6/30/2026 8:22,7/6/2026 18:17,7/15/2026 19:32,9,7/12/2026 0:00,11653,1706,10000
NEO,PSL B2,DummyEnd,Ta NEO Capacitor PSL series B2 case,6G12N07057,N,TEPSLB20J157M18HF8R,NEO B2 CAPACITOR,6/30/2026 8:22,7/6/2026 4:57,7/15/2026 15:34,9.5,7/12/2026 0:00,11664,1664,10000
NEO,PSL B2,DummyEnd,Ta NEO Capacitor PSL series B2 case,6G12N07058,N,TEPSLB20J157M18HF8R,NEO B2 CAPACITOR,6/30/2026 8:22,7/6/2026 9:33,7/15/2026 7:38,8.9,7/12/2026 0:00,11664,1664,10000
NEO,PSL B2,DummyEnd,Ta NEO Capacitor PSL series B2 case,6G12N07059,N,TEPSLB20J157M18HF8R,NEO B2 CAPACITOR,6/30/2026 8:22,7/6/2026 9:33,7/15/2026 9:54,9,7/12/2026 0:00,11664,2592,10000
NEO,PSL B2,DummyEnd,Ta NEO Capacitor PSL series B2 case,6G12N07060,N,TEPSLB20J157M18HF8R,NEO B2 CAPACITOR,6/30/2026 8:22,7/6/2026 21:47,7/15/2026 16:46,8.8,7/12/2026 0:00,11664,1614,12000
NEO,PSL B2,DummyEnd,Ta NEO Capacitor PSL series B2 case,6G12N07061,N,TEPSLB20J157M18HF8R,NEO B2 CAPACITOR,6/30/2026 8:22,7/6/2026 21:46,7/15/2026 17:24,8.8,7/12/2026 0:00,11664,1664,10000
NEO,PSL B2,DummyEnd,Ta NEO Capacitor PSL series B2 case,6G12N07064,N,TEPSLB20J157M18HF8R,NEO B2 CAPACITOR,6/30/2026 8:22,7/6/2026 2:40,7/15/2026 10:50,9.3,7/12/2026 0:00,11664,1015,12000
NEO,PSL B2,DummyEnd,Ta NEO Capacitor PSL series B2 case,6G12N07065,N,TEPSLB20J157M18HF8R,NEO B2 CAPACITOR,6/30/2026 8:23,7/6/2026 4:57,7/15/2026 6:51,9.1,7/12/2026 0:00,11664,1962,10000
NEO,PSL B2,DummyEnd,Ta NEO Capacitor PSL series B2 case,6G12N07066,N,TEPSLB20J157M(35)8R,NEO B2 CAPACITOR,6/30/2026 8:23,7/6/2026 0:22,7/15/2026 22:18,9.9,7/12/2026 0:00,11664,3062,10000
NEO,PSL B2,DummyEnd,Ta NEO Capacitor PSL series B2 case,6G12N07067,N,TEPSLB20J157M(35)8R,NEO B2 CAPACITOR,6/30/2026 8:23,7/6/2026 3:23,7/15/2026 6:52,9.1,7/12/2026 0:00,11664,832,12000
NEO,PSL B2,DummyEnd,Ta NEO Capacitor PSL series B2 case,6G12N07068,N,TEPSLB20J157M(35)8R,NEO B2 CAPACITOR,6/30/2026 8:23,7/6/2026 3:23,7/14/2026 6:53,8.1,7/12/2026 0:00,11664,1027,12000
NEO,PSL B2,DummyEnd,Ta NEO Capacitor PSL series B2 case,6G12N07069,N,TEPSLB20J157M(35)8R,NEO B2 CAPACITOR,6/30/2026 8:23,7/4/2026 12:53,7/14/2026 10:02,9.9,7/12/2026 0:00,11664,442,12000
NEO,PSL B2,DummyEnd,Ta NEO Capacitor PSL series B2 case,6G12N07070,N,TEPSLB20J157M(35)8R,NEO B2 CAPACITOR,6/30/2026 8:23,7/4/2026 10:25,7/13/2026 16:02,9.3,7/12/2026 0:00,11664,1664,10000
NEO,PSL B2,DummyEnd,Ta NEO Capacitor PSL series B2 case,6G12N07071,N,TEPSLB20J157M(35)8R,NEO B2 CAPACITOR,6/30/2026 8:23,7/4/2026 10:25,7/14/2026 10:43,10,7/12/2026 0:00,11572,1572,10000
NEO,PSL B2,DummyEnd,Ta NEO Capacitor PSL series B2 case,6G12N07072,N,TEPSLB20J157M(35)8R,NEO B2 CAPACITOR,6/30/2026 8:23,7/5/2026 12:51,7/14/2026 5:59,8.7,7/12/2026 0:00,11664,1664,10000
NEO,PSL B2,DummyEnd,Ta NEO Capacitor PSL series B2 case,6G12N07073,N,TEPSLB20J157M(35)8R,NEO B2 CAPACITOR,6/30/2026 8:23,7/5/2026 17:14,7/15/2026 10:13,9.7,7/12/2026 0:00,11664,2482,10000
NEO,PSL B2,DummyEnd,Ta NEO Capacitor PSL series B2 case,6G12N07074,N,TEPSLB20J157M(35)8R,NEO B2 CAPACITOR,6/30/2026 8:23,7/5/2026 17:14,7/15/2026 6:54,9.5,7/12/2026 0:00,11654,1654,10000
NEO,PSL B2,DummyEnd,Ta NEO Capacitor PSL series B2 case,6G12N07075,N,TEPSLB20J157M(35)8R,NEO B2 CAPACITOR,6/30/2026 8:23,7/5/2026 9:10,7/14/2026 6:48,8.9,7/12/2026 0:00,11664,2188,10000
NEO,PSL B2,DummyEnd,Ta NEO Capacitor PSL series B2 case,6G12N07076,N,TEPSLB20J157M(35)8R,NEO B2 CAPACITOR,6/30/2026 8:24,7/5/2026 12:16,7/14/2026 17:39,9.2,7/12/2026 0:00,11664,1110,12000
NEO,PSL B2,DummyEnd,Ta NEO Capacitor PSL series B2 case,6G12N07077,N,TEPSLB20J157M(35)8R,NEO B2 CAPACITOR,6/30/2026 8:24,7/5/2026 14:33,7/15/2026 6:24,9.7,7/12/2026 0:00,11664,2111,10000
NEO,PSL B2,DummyEnd,Ta NEO Capacitor PSL series B2 case,6G12N07079,N,TEPSLB20J157M(35)8R,NEO B2 CAPACITOR,6/30/2026 8:24,7/5/2026 1:27,7/16/2026 10:53,11.4,7/12/2026 0:00,11664,1664,10000
NEO,PSL B2,DummyEnd,Ta NEO Capacitor PSL series B2 case,6G12N07080,N,TEPSLB20J157M(35)8R,NEO B2 CAPACITOR,6/30/2026 8:24,7/5/2026 1:27,7/15/2026 10:56,10.4,7/12/2026 0:00,11664,1611,12000
NEO,PSL B2,DummyEnd,Ta NEO Capacitor PSL series B2 case,6G12N07081,N,TEPSLB20J157M(35)8R,NEO B2 CAPACITOR,6/30/2026 8:24,7/5/2026 7:25,7/14/2026 18:15,9.5,7/12/2026 0:00,11664,1880,10000
NEO,PSL B2,DummyEnd,Ta NEO Capacitor PSL series B2 case,6G12N07082,N,TEPSLB20J157M(35)8R,NEO B2 CAPACITOR,6/30/2026 8:24,7/5/2026 10:10,7/14/2026 21:28,9.5,7/12/2026 0:00,11664,1155,12000
NEO,PSL B2,DummyEnd,Ta NEO Capacitor PSL series B2 case,6G12N07083,N,TEPSLB20J157M(35)8R,NEO B2 CAPACITOR,6/30/2026 8:24,7/5/2026 12:15,7/14/2026 8:09,8.8,7/12/2026 0:00,11664,1664,10000
NEO,PSL B2,DummyEnd,Ta NEO Capacitor PSL series B2 case,6G12N07084,N,TEPSLB20J157M(35)8R,NEO B2 CAPACITOR,6/30/2026 8:24,7/6/2026 4:37,7/15/2026 21:29,9.7,7/12/2026 0:00,11664,1571,12000
NEO,PSL B2,DummyEnd,Ta NEO Capacitor PSL series B2 case,6G12N07085,N,TEPSLB20J157M(35)8R,NEO B2 CAPACITOR,6/30/2026 8:24,7/6/2026 4:38,7/16/2026 10:53,10.3,7/12/2026 0:00,11664,1664,10000
NEO,PSL B2,DummyEnd,Ta NEO Capacitor PSL series B2 case,6G12N07086,N,TEPSLB20J157M(35)8R,NEO B2 CAPACITOR,6/30/2026 8:25,7/6/2026 4:38,7/18/2026 3:53,12,7/12/2026 0:00,11664,1664,10000
NEO,PSL B2,DummyEnd,Ta NEO Capacitor PSL series B2 case,6G12N07087,N,TEPSLB20J157M(35)8R,NEO B2 CAPACITOR,6/30/2026 8:25,7/7/2026 17:17,7/16/2026 15:50,8.9,7/12/2026 0:00,11664,1664,10000
NEO,PSL B2,DummyEnd,Ta NEO Capacitor PSL series B2 case,6G12N07088,N,TEPSLB20J157M(35)8R,NEO B2 CAPACITOR,6/30/2026 8:25,7/7/2026 17:19,7/16/2026 23:07,9.3,7/12/2026 0:00,11664,527,12000
NEO,PSL B2,DummyEnd,Ta NEO Capacitor PSL series B2 case,6G12N07089,N,TEPSLB20J157M(35)8R,NEO B2 CAPACITOR,6/30/2026 8:25,7/7/2026 20:05,7/16/2026 11:20,8.6,7/12/2026 0:00,11664,1664,10000
NEO,PSL B2,DummyEnd,Ta NEO Capacitor PSL series B2 case,6G12N07090,N,TEPSLB20J157M(35)8R,NEO B2 CAPACITOR,6/30/2026 8:25,7/4/2026 22:12,7/15/2026 10:07,10.5,7/12/2026 0:00,11664,1664,10000
NEO,PSL B2,DummyEnd,Ta NEO Capacitor PSL series B2 case,6G12N07091,N,TEPSLB20J157M(35)8R,NEO B2 CAPACITOR,6/30/2026 8:25,7/4/2026 22:12,7/13/2026 15:44,8.7,7/12/2026 0:00,11664,1664,10000
NEO,PSL B2,DummyEnd,Ta NEO Capacitor PSL series B2 case,6G12N07092,N,TEPSLB20J157M(35)8R,NEO B2 CAPACITOR,6/30/2026 8:25,7/5/2026 0:48,7/14/2026 17:54,9.7,7/12/2026 0:00,11641,780,12000
NEO,PSL B2,DummyEnd,Ta NEO Capacitor PSL series B2 case,6G12N07093,N,TEPSLB20J157M(35)8R,NEO B2 CAPACITOR,6/30/2026 8:25,7/5/2026 3:44,7/14/2026 22:29,9.8,7/12/2026 0:00,11664,1664,10000
NEO,PSL B2,DummyEnd,Ta NEO Capacitor PSL series B2 case,6G12N07094,N,TEPSLB20J157M(35)8R,NEO B2 CAPACITOR,6/30/2026 8:26,7/5/2026 4:54,7/14/2026 14:59,9.4,7/12/2026 0:00,11664,1043,12000
NEO,PSL B2,DummyEnd,Ta NEO Capacitor PSL series B2 case,6G12N07095,N,TEPSLB20J157M(35)8R,NEO B2 CAPACITOR,6/30/2026 8:26,7/5/2026 6:37,7/14/2026 17:58,9.5,7/12/2026 0:00,11601,1601,10000
NEO,PSL B2,DummyEnd,Ta NEO Capacitor PSL series B2 case,6G12N07096,N,TEPSLB20J157M(45)8R,NEO B2 CAPACITOR,6/30/2026 8:26,7/4/2026 16:59,7/13/2026 16:43,9,7/12/2026 0:00,11664,1664,10000
NEO,PSL B2,DummyEnd,Ta NEO Capacitor PSL series B2 case,6G12N07097,N,TEPSLB20J157M(45)8R,NEO B2 CAPACITOR,6/30/2026 8:26,7/4/2026 22:12,7/16/2026 10:50,11.5,7/12/2026 0:00,11664,2821,10000
NEO,PSL B2,DummyEnd,Ta NEO Capacitor PSL series B2 case,6G12N07098,N,TEPSLB20J157M(45)8R,NEO B2 CAPACITOR,6/30/2026 8:26,7/4/2026 22:12,7/13/2026 16:01,8.8,7/12/2026 0:00,11664,1013,12000
NEO,PSL B2,DummyEnd,Ta NEO Capacitor PSL series B2 case,6G12N07099,N,TEPSLB20J157M(45)8R,NEO B2 CAPACITOR,6/30/2026 8:26,7/5/2026 12:51,7/14/2026 17:57,9.2,7/12/2026 0:00,11664,771,12000
NEO,PSL B2,DummyEnd,Ta NEO Capacitor PSL series B2 case,6G12N07100,N,TEPSLB20J157M(45)8R,NEO B2 CAPACITOR,6/30/2026 8:26,7/5/2026 15:18,7/14/2026 6:52,8.6,7/12/2026 0:00,11664,1020,12000
NEO,PSL B2,DummyEnd,Ta NEO Capacitor PSL series B2 case,6G12N07101,N,TEPSLB20J157M(45)8R,NEO B2 CAPACITOR,6/30/2026 8:26,7/5/2026 15:18,7/14/2026 8:08,8.7,7/12/2026 0:00,11654,2338,10000
NEO,PSL B2,DummyEnd,Ta NEO Capacitor PSL series B2 case,6G12N07102,N,TEPSLB20J157M(45)8R,NEO B2 CAPACITOR,6/30/2026 8:26,7/5/2026 0:47,7/13/2026 23:20,9,7/12/2026 0:00,11664,1280,12000
NEO,PSL B2,DummyEnd,Ta NEO Capacitor PSL series B2 case,6G12N07103,N,TEPSLB20J157M(45)8R,NEO B2 CAPACITOR,6/30/2026 8:26,7/5/2026 1:21,7/14/2026 8:56,9.3,7/12/2026 0:00,11664,2062,10000
NEO,PSL B2,DummyEnd,Ta NEO Capacitor PSL series B2 case,6G12N07104,N,TEPSLB20J157M(45)8R,NEO B2 CAPACITOR,6/30/2026 8:26,7/5/2026 1:21,7/15/2026 10:14,10.4,7/12/2026 0:00,11664,1664,10000
NEO,PSL B2,DummyEnd,Ta NEO Capacitor PSL series B2 case,6G12N07105,N,TEPSLB20J157M(45)8R,NEO B2 CAPACITOR,6/30/2026 8:27,7/5/2026 3:54,7/15/2026 7:37,10.2,7/12/2026 0:00,11664,756,12000
NEO,PSL B2,DummyEnd,Ta NEO Capacitor PSL series B2 case,6G12N07106,N,TEPSLB20J157M(45)8R,NEO B2 CAPACITOR,6/30/2026 8:27,7/5/2026 3:54,7/14/2026 11:08,9.3,7/12/2026 0:00,11664,1664,10000
NEO,PSL B2,DummyEnd,Ta NEO Capacitor PSL series B2 case,6G12N07107,N,TEPSLB20J157M(45)8R,NEO B2 CAPACITOR,6/30/2026 8:27,7/5/2026 3:54,7/15/2026 10:42,10.3,7/12/2026 0:00,11664,1664,10000
NEO,PSL B2,DummyEnd,Ta NEO Capacitor PSL series B2 case,6G12N07108,N,TEPSLB21E156M8R,NEO B2 CAPACITOR,6/30/2026 8:27,7/3/2026 10:04,7/11/2026 4:38,7.8,7/12/2026 0:00,11664,688,12000
NEO,PSL B2,DummyEnd,Ta NEO Capacitor PSL series B2 case,6G12N07109,N,TEPSLB21E156M8R,NEO B2 CAPACITOR,6/30/2026 8:27,7/3/2026 10:04,7/11/2026 10:42,8,7/12/2026 0:00,11664,1664,10000
NEO,PSL B2,DummyEnd,Ta NEO Capacitor PSL series B2 case,6G12N07110,N,TEPSLB21E156M8R,NEO B2 CAPACITOR,6/30/2026 8:27,7/3/2026 10:04,7/11/2026 3:22,7.7,7/12/2026 0:00,11570,1570,10000
NEO,PSL B2,DummyEnd,Ta NEO Capacitor PSL series B2 case,6G12N07111,N,TEPSLB21E156M8R,NEO B2 CAPACITOR,6/30/2026 8:27,7/4/2026 7:51,7/12/2026 14:36,8.3,7/12/2026 0:00,11664,1664,10000
NEO,PSL B2,DummyEnd,Ta NEO Capacitor PSL series B2 case,6G12N07112,N,TEPSLB21E156M8R,NEO B2 CAPACITOR,6/30/2026 8:27,7/4/2026 7:41,7/11/2026 22:29,7.6,7/12/2026 0:00,11664,919,12000
NEO,PSL B2,DummyEnd,Ta NEO Capacitor PSL series B2 case,6G12N07113,N,TEPSLB21E156M8R,NEO B2 CAPACITOR,6/30/2026 8:27,7/4/2026 7:12,7/13/2026 6:14,9,7/12/2026 0:00,11664,1664,10000
NEO,PSL B2,DummyEnd,Ta NEO Capacitor PSL series B2 case,6G12N07114,N,TEPSLB21E156M8R,NEO B2 CAPACITOR,6/30/2026 8:27,7/4/2026 2:50,7/13/2026 15:41,9.5,7/12/2026 0:00,11664,1664,10000
NEO,PSL B2,DummyEnd,Ta NEO Capacitor PSL series B2 case,6G12N07115,N,TEPSLB21E156M8R,NEO B2 CAPACITOR,6/30/2026 8:27,7/4/2026 2:50,7/11/2026 23:12,7.9,7/12/2026 0:00,11664,1664,10000
NEO,PSL B2,DummyEnd,Ta NEO Capacitor PSL series B2 case,6G12N07116,N,TEPSLB21E156M8R,NEO B2 CAPACITOR,6/30/2026 8:28,7/4/2026 2:50,7/11/2026 22:23,7.8,7/12/2026 0:00,11606,1606,10000
NEO,PSL B2,DummyEnd,Ta NEO Capacitor PSL series B2 case,6G12N07117,N,TEPSLB21E156M8RFT,NEO B2 CAPACITOR,6/30/2026 8:28,7/3/2026 17:16,7/10/2026 20:41,7.1,7/12/2026 0:00,11664,1664,10000
NEO,PSL B2,DummyEnd,Ta NEO Capacitor PSL series B2 case,6G12N07118,N,TEPSLB21E156M8RFT,NEO B2 CAPACITOR,6/30/2026 8:28,7/3/2026 18:14,7/11/2026 3:43,7.4,7/12/2026 0:00,11664,920,12000
NEO,PSL B2,DummyEnd,Ta NEO Capacitor PSL series B2 case,6G12N07119,N,TEPSLB21E156M8RFT,NEO B2 CAPACITOR,6/30/2026 8:28,7/3/2026 19:39,7/11/2026 22:24,8.1,7/12/2026 0:00,11614,910,12000
NEO,PSL B2,DummyEnd,Ta NEO Capacitor PSL series B2 case,6G12N07120,N,TEPSLB21E156M8RFT,NEO B2 CAPACITOR,6/30/2026 8:28,7/4/2026 10:11,7/12/2026 22:26,8.5,7/12/2026 0:00,11664,1664,10000
NEO,PSL B2,DummyEnd,Ta NEO Capacitor PSL series B2 case,6G12N07121,N,TEPSLB21E156M8RFT,NEO B2 CAPACITOR,6/30/2026 8:28,7/4/2026 10:12,7/14/2026 22:27,10.5,7/12/2026 0:00,11664,1761,10000
NEO,PSL B2,DummyEnd,Ta NEO Capacitor PSL series B2 case,6G12N07122,N,TEPSLB21E156M8RFT,NEO B2 CAPACITOR,6/30/2026 8:28,7/4/2026 10:12,7/15/2026 18:38,11.3,7/12/2026 0:00,11593,1593,10000
NEO,PSL B2,DummyEnd,Ta NEO Capacitor PSL series B2 case,6G12N07123,N,TEPSLB21E156M8RFT,NEO B2 CAPACITOR,6/30/2026 8:28,7/3/2026 6:41,7/11/2026 15:46,8.4,7/12/2026 0:00,11664,1664,10000
NEO,PSL B2,DummyEnd,Ta NEO Capacitor PSL series B2 case,6G12N07124,N,TEPSLB21E156M8RFT,NEO B2 CAPACITOR,6/30/2026 8:28,7/3/2026 8:11,7/11/2026 19:33,8.5,7/12/2026 0:00,11664,1664,10000
NEO,PSL B2,DummyEnd,Ta NEO Capacitor PSL series B2 case,6G12N07125,N,TEPSLB21E156M8RFT,NEO B2 CAPACITOR,6/30/2026 8:28,7/3/2026 9:14,7/11/2026 22:25,8.5,7/12/2026 0:00,11548,1548,10000
NEO,PSL B2,DummyEnd,Ta NEO Capacitor PSL series B2 case,6G12N07126,N,TEPSLB21E156M1008RKT2,NEO B2 CAPACITOR,6/30/2026 8:28,7/3/2026 21:04,7/12/2026 14:41,8.7,7/12/2026 0:00,11664,1664,10000
NEO,PSL B2,DummyEnd,Ta NEO Capacitor PSL series B2 case,6G12N07127,N,TEPSLB21E156M1008RKT2,NEO B2 CAPACITOR,6/30/2026 8:29,7/4/2026 0:38,7/11/2026 3:47,7.1,7/12/2026 0:00,11664,1664,10000
NEO,PSL B2,DummyEnd,Ta NEO Capacitor PSL series B2 case,6G12N07128,N,TEPSLB21E156M1008RKT2,NEO B2 CAPACITOR,6/30/2026 8:29,7/4/2026 2:50,7/11/2026 22:25,7.8,7/12/2026 0:00,11584,3052,10000
NEO,PSL B2,DummyEnd,Ta NEO Capacitor PSL series B2 case,6G12N07129,N,TEPSLB21E156M1008RKT2,NEO B2 CAPACITOR,6/30/2026 8:29,7/3/2026 7:20,7/11/2026 11:20,8.2,7/12/2026 0:00,11664,1664,10000
NEO,PSL B2,DummyEnd,Ta NEO Capacitor PSL series B2 case,6G12N07130,N,TEPSLB21E156M1008RKT2,NEO B2 CAPACITOR,6/30/2026 8:29,7/3/2026 7:07,7/11/2026 23:13,8.7,7/12/2026 0:00,11664,1664,10000
NEO,PSL B2,DummyEnd,Ta NEO Capacitor PSL series B2 case,6G12N07131,N,TEPSLB21E156M1008RKT2,NEO B2 CAPACITOR,6/30/2026 8:29,7/3/2026 7:07,7/10/2026 20:35,7.5,7/12/2026 0:00,11664,1818,10000
NEO,PSL B2,DummyEnd,Ta NEO Capacitor PSL series B2 case,6G12N07132,N,TEPSLB21E156M1008RKT2,NEO B2 CAPACITOR,6/30/2026 8:29,7/3/2026 1:24,7/10/2026 6:59,7.2,7/12/2026 0:00,11664,1124,12000
NEO,PSL B2,DummyEnd,Ta NEO Capacitor PSL series B2 case,6G12N07133,N,TEPSLB21E156M1008RKT2,NEO B2 CAPACITOR,6/30/2026 8:29,7/3/2026 1:24,7/12/2026 5:43,9.2,7/12/2026 0:00,11664,1091,12000
NEO,PSL B2,DummyEnd,Ta NEO Capacitor PSL series B2 case,6G12N07134,N,TEPSLB21E156M1008RKT2,NEO B2 CAPACITOR,6/30/2026 8:29,7/3/2026 1:24,7/10/2026 19:22,7.8,7/12/2026 0:00,11293,1293,10000
NEO,PSL B2,DummyEnd,Ta NEO Capacitor PSL series B2 case,6G12N07135,N,TEPSLB21E156M1008RKT2,NEO B2 CAPACITOR,6/30/2026 8:29,7/4/2026 12:17,7/13/2026 15:53,9.1,7/12/2026 0:00,11664,1664,10000
NEO,PSL B2,DummyEnd,Ta NEO Capacitor PSL series B2 case,6G12N07136,N,TEPSLB21E156M1008RKT2,NEO B2 CAPACITOR,6/30/2026 8:29,7/4/2026 10:31,7/12/2026 5:35,7.8,7/12/2026 0:00,11664,578,12000
NEO,PSL B2,DummyEnd,Ta NEO Capacitor PSL series B2 case,6G12N07137,N,TEPSLB21E156M1008RKT2,NEO B2 CAPACITOR,6/30/2026 8:29,7/4/2026 10:31,7/15/2026 17:22,11.3,7/12/2026 0:00,11664,939,12000
NEO,PSL B2,DummyEnd,Ta NEO Capacitor PSL series B2 case,6G12N07138,N,TEPSLB21E156M1008RKT2,NEO B2 CAPACITOR,6/30/2026 8:30,7/4/2026 2:51,7/11/2026 11:21,7.4,7/12/2026 0:00,11664,1664,10000
NEO,PSL B2,DummyEnd,Ta NEO Capacitor PSL series B2 case,6G12N07139,N,TEPSLB21E156M1008RKT2,NEO B2 CAPACITOR,6/30/2026 8:30,7/4/2026 2:51,7/12/2026 6:58,8.2,7/12/2026 0:00,11664,1664,10000
NEO,PSL B2,DummyEnd,Ta NEO Capacitor PSL series B2 case,6G12N07140,N,TEPSLB21E156M1008RKT2,NEO B2 CAPACITOR,6/30/2026 8:30,7/4/2026 3:59,7/12/2026 10:00,8.3,7/12/2026 0:00,11626,1820,10000
NEO,PSL B2,DummyEnd,Ta NEO Capacitor PSL series B2 case,6G12N07141,N,TEPSLB21E156M1008RKT2,NEO B2 CAPACITOR,6/30/2026 8:30,7/4/2026 2:45,7/12/2026 16:35,8.6,7/12/2026 0:00,11664,846,12000
NEO,PSL B2,DummyEnd,Ta NEO Capacitor PSL series B2 case,6G12N07142,N,TEPSLB21E156M1008RKT2,NEO B2 CAPACITOR,6/30/2026 8:30,7/4/2026 2:46,7/12/2026 11:10,8.4,7/12/2026 0:00,11664,1664,10000
NEO,PSL B2,DummyEnd,Ta NEO Capacitor PSL series B2 case,6G12N07143,N,TEPSLB21E156M1008RKT2,NEO B2 CAPACITOR,6/30/2026 8:30,7/4/2026 2:46,7/13/2026 15:46,9.5,7/12/2026 0:00,11664,2631,10000
NEO,PSL B2,DummyEnd,Ta NEO Capacitor PSL series B2 case,6G12N07144,N,TEPSLB21E156M1008RKT2,NEO B2 CAPACITOR,6/30/2026 8:30,7/3/2026 1:08,7/10/2026 7:39,7.3,7/12/2026 0:00,11664,617,12000
NEO,PSL B2,DummyEnd,Ta NEO Capacitor PSL series B2 case,6G12N07145,N,TEPSLB21E156M1008RKT2,NEO B2 CAPACITOR,6/30/2026 8:31,7/3/2026 1:08,7/10/2026 18:56,7.7,7/12/2026 0:00,11664,940,12000
NEO,PSL B2,DummyEnd,Ta NEO Capacitor PSL series B2 case,6G12N07146,N,TEPSLB21E156M1008RKT2,NEO B2 CAPACITOR,6/30/2026 8:31,7/3/2026 1:08,7/10/2026 20:39,7.8,7/12/2026 0:00,11634,1053,12000
NEO,PSL B2,DummyEnd,Ta NEO Capacitor PSL series B2 case,6G12N07147,N,TEPSLB20E477M148RKT,NEO B2 CAPACITOR,6/30/2026 8:31,7/5/2026 1:44,7/15/2026 13:30,10.5,7/12/2026 0:00,11664,5664,6000
NEO,PSL B2,DummyEnd,Ta NEO Capacitor PSL series B2 case,6G12N07148,N,TEPSLB20E477M148RKT,NEO B2 CAPACITOR,6/30/2026 8:31,7/5/2026 4:21,7/17/2026 9:35,12.2,7/12/2026 0:00,11664,5313,8000
NEO,PSL B2,DummyEnd,Ta NEO Capacitor PSL series B2 case,6G12N07149,N,TEPSLB20E477M148RKT,NEO B2 CAPACITOR,6/30/2026 8:31,7/5/2026 5:05,7/15/2026 17:23,10.5,7/12/2026 0:00,11664,3664,8000
NEO,PSL B2,DummyEnd,Ta NEO Capacitor PSL series B2 case,6G12N07150,N,TEPSLB20E477M148RKT,NEO B2 CAPACITOR,6/30/2026 8:31,7/5/2026 6:34,7/15/2026 6:29,10,7/12/2026 0:00,11664,1932,10000
NEO,PSL B2,DummyEnd,Ta NEO Capacitor PSL series B2 case,6G12N07151,N,TEPSLB20E477M148RKT,NEO B2 CAPACITOR,6/30/2026 8:31,7/4/2026 17:08,7/16/2026 20:24,12.1,7/12/2026 0:00,11664,5664,6000
NEO,PSL B2,DummyEnd,Ta NEO Capacitor PSL series B2 case,6G12N07152,N,TEPSLB20E477M148RKT,NEO B2 CAPACITOR,6/30/2026 8:31,7/4/2026 18:34,7/15/2026 18:32,11,7/12/2026 0:00,11658,5734,6000
NEO,PSL B2,DummyEnd,Ta NEO Capacitor PSL series B2 case,6G12N07153,N,TEPSLB20E477M148RKT,NEO B2 CAPACITOR,6/30/2026 8:31,7/4/2026 5:42,7/15/2026 18:37,11.5,7/12/2026 0:00,11664,7664,4000
NEO,PSL B2,DummyEnd,Ta NEO Capacitor PSL series B2 case,6G12N07154,N,TEPSLB20E477M148RKT,NEO B2 CAPACITOR,6/30/2026 8:31,7/4/2026 5:42,7/15/2026 6:28,11,7/12/2026 0:00,11664,2406,10000
NEO,PSL B2,DummyEnd,Ta NEO Capacitor PSL series B2 case,6G12N07155,N,TEPSLB20E477M148RKT,NEO B2 CAPACITOR,6/30/2026 8:32,7/5/2026 0:02,7/16/2026 19:53,11.8,7/12/2026 0:00,11664,5664,6000
NEO,PSL B2,DummyEnd,Ta NEO Capacitor PSL series B2 case,6G12N07156,N,TEPSLB20E477M148RKT,NEO B2 CAPACITOR,6/30/2026 8:32,7/5/2026 0:01,7/15/2026 17:21,10.7,7/12/2026 0:00,11624,3624,8000
NEO,PSL B2,DummyEnd,Ta NEO Capacitor PSL series B2 case,6G12N07159,N,TEPSLB20E477M148RKT,NEO B2 CAPACITOR,6/30/2026 8:32,7/5/2026 12:07,7/16/2026 19:50,11.3,7/12/2026 0:00,11664,5664,6000
NEO,PSL B2,DummyEnd,Ta NEO Capacitor PSL series B2 case,6G12N07161,N,TEPSLB20E477M148RKT,NEO B2 CAPACITOR,6/30/2026 8:32,7/4/2026 12:15,7/15/2026 11:24,11,7/12/2026 0:00,11664,2823,10000
NEO,PSL B2,DummyEnd,Ta NEO Capacitor PSL series B2 case,6G12N07162,N,TEPSLB20E477M148RKT,NEO B2 CAPACITOR,6/30/2026 8:32,7/4/2026 14:42,7/16/2026 6:37,11.7,7/12/2026 0:00,11600,2107,10000
NEO,PSL B2,DummyEnd,Ta NEO Capacitor PSL series B2 case,6G12N07166,N,TEPSLB20J227M258RKT2,NEO B2 CAPACITOR,6/30/2026 8:32,7/5/2026 5:24,7/19/2026 21:29,14.7,7/12/2026 0:00,11664,1664,10000
NEO,PSL B2,DummyEnd,Ta NEO Capacitor PSL series B2 case,6G12N07167,N,TEPSLB20J227M258RKT2,NEO B2 CAPACITOR,6/30/2026 8:33,7/5/2026 5:24,7/18/2026 18:27,13.5,7/12/2026 0:00,11664,1664,10000
NEO,PSL B2,DummyEnd,Ta NEO Capacitor PSL series B2 case,6G14N07029,N,TEPSLB20J227M258RKTA,NEO B2 CAPACITOR,6/30/2026 8:18,7/4/2026 7:12,7/19/2026 19:09,15.5,7/14/2026 0:00,11638,3638,8000
NEO,PSL B2,DummyEnd,Ta NEO Capacitor PSL series B2 case,6G15N07839,N,TEPSLB20E337M(15)8R,NEO B2 CAPACITOR,7/1/2026 9:30,7/7/2026 0:19,7/18/2026 3:39,11.1,7/15/2026 0:00,11664,1664,10000
NEO,PSL B2,DummyEnd,Ta NEO Capacitor PSL series B2 case,6G15N07840,N,TEPSLB20E337M(15)8R,NEO B2 CAPACITOR,7/1/2026 9:31,7/7/2026 0:18,7/17/2026 17:39,10.7,7/15/2026 0:00,11664,1664,10000
NEO,PSL B2,DummyEnd,Ta NEO Capacitor PSL series B2 case,6G15N07841,N,TEPSLB20E337M(15)8R,NEO B2 CAPACITOR,7/1/2026 9:31,7/7/2026 0:17,7/18/2026 15:27,11.6,7/15/2026 0:00,11664,1664,10000
NEO,PSL B2,DummyEnd,Ta NEO Capacitor PSL series B2 case,6G15N07842,N,TEPSLB20E337M(15)8R,NEO B2 CAPACITOR,7/1/2026 9:31,7/7/2026 6:06,7/17/2026 19:38,10.5,7/15/2026 0:00,11664,935,12000
NEO,PSL B2,DummyEnd,Ta NEO Capacitor PSL series B2 case,6G15N07844,N,TEPSLB20E337M(15)8R,NEO B2 CAPACITOR,7/1/2026 9:31,7/7/2026 15:38,7/17/2026 23:07,10.3,7/15/2026 0:00,11664,1664,10000
NEO,PSL B2,DummyEnd,Ta NEO Capacitor PSL series B2 case,6G15N07845,N,TEPSLB20E337M(15)8R,NEO B2 CAPACITOR,7/1/2026 9:31,7/7/2026 1:06,7/18/2026 6:35,11.2,7/15/2026 0:00,11664,1664,10000
NEO,PSL B2,DummyEnd,Ta NEO Capacitor PSL series B2 case,6G15N07846,N,TEPSLB20E337M(15)8R,NEO B2 CAPACITOR,7/1/2026 9:31,7/7/2026 1:06,7/16/2026 10:42,9.4,7/15/2026 0:00,11664,1664,10000
NEO,PSL B2,DummyEnd,Ta NEO Capacitor PSL series B2 case,6G15N07847,N,TEPSLB20E337M(15)8R,NEO B2 CAPACITOR,7/1/2026 9:31,7/7/2026 1:05,7/18/2026 10:13,11.4,7/15/2026 0:00,11664,1664,10000
NEO,PSL B2,DummyEnd,Ta NEO Capacitor PSL series B2 case,6G15N07848,N,TEPSLB20J157M18HF8R,NEO B2 CAPACITOR,7/1/2026 9:31,7/7/2026 9:13,7/18/2026 18:21,11.4,7/15/2026 0:00,11664,1664,10000
NEO,PSL B2,DummyEnd,Ta NEO Capacitor PSL series B2 case,6G15N07849,N,TEPSLB20J157M18HF8R,NEO B2 CAPACITOR,7/1/2026 9:32,7/7/2026 9:13,7/18/2026 20:51,11.5,7/15/2026 0:00,11664,1637,12000
NEO,PSL B2,DummyEnd,Ta NEO Capacitor PSL series B2 case,6G15N07850,N,TEPSLB20J157M18HF8R,NEO B2 CAPACITOR,7/1/2026 9:32,7/7/2026 9:14,7/17/2026 2:44,9.7,7/15/2026 0:00,11660,1010,12000
NEO,PSL B2,DummyEnd,Ta NEO Capacitor PSL series B2 case,6G15N07851,N,TEPSLB20J157M18HF8R,NEO B2 CAPACITOR,7/1/2026 9:32,7/7/2026 15:36,7/16/2026 19:55,9.2,7/15/2026 0:00,11664,838,12000
NEO,PSL B2,DummyEnd,Ta NEO Capacitor PSL series B2 case,6G15N07853,N,TEPSLB20J157M18HF8R,NEO B2 CAPACITOR,7/1/2026 9:32,7/7/2026 15:32,7/16/2026 22:26,9.3,7/15/2026 0:00,11652,1652,10000
NEO,PSL B2,DummyEnd,Ta NEO Capacitor PSL series B2 case,6G15N07854,N,TEPSLB20J157M18HF8R,NEO B2 CAPACITOR,7/1/2026 9:32,7/7/2026 5:19,7/15/2026 23:18,8.8,7/15/2026 0:00,11664,856,12000
NEO,PSL B2,DummyEnd,Ta NEO Capacitor PSL series B2 case,6G15N07855,N,TEPSLB20J157M18HF8R,NEO B2 CAPACITOR,7/1/2026 9:32,7/7/2026 5:19,7/15/2026 23:19,8.8,7/15/2026 0:00,11664,1664,10000
NEO,PSL B2,DummyEnd,Ta NEO Capacitor PSL series B2 case,6G15N07856,N,TEPSLB20J157M18HF8R,NEO B2 CAPACITOR,7/1/2026 9:32,7/7/2026 5:19,7/18/2026 8:38,11.1,7/15/2026 0:00,11576,684,12000
NEO,PSL B2,DummyEnd,Ta NEO Capacitor PSL series B2 case,6G15N07857,N,TEPSLB20J157M18HF8R,NEO B2 CAPACITOR,7/1/2026 9:32,7/8/2026 9:28,7/17/2026 19:39,9.4,7/15/2026 0:00,11664,1664,10000
NEO,PSL B2,DummyEnd,Ta NEO Capacitor PSL series B2 case,6G15N07858,N,TEPSLB20J157M18HF8R,NEO B2 CAPACITOR,7/1/2026 9:33,7/8/2026 9:28,7/17/2026 17:25,9.3,7/15/2026 0:00,11664,1664,10000
NEO,PSL B2,DummyEnd,Ta NEO Capacitor PSL series B2 case,6G15N07859,N,TEPSLB20J157M18HF8R,NEO B2 CAPACITOR,7/1/2026 9:33,7/8/2026 9:31,7/18/2026 8:44,10,7/15/2026 0:00,11664,1664,10000
NEO,PSL B2,DummyEnd,Ta NEO Capacitor PSL series B2 case,6G15N07860,N,TEPSLB20J157M18HF8R,NEO B2 CAPACITOR,7/1/2026 9:33,7/8/2026 0:34,7/17/2026 7:53,9.3,7/15/2026 0:00,11664,1664,10000
NEO,PSL B2,DummyEnd,Ta NEO Capacitor PSL series B2 case,6G15N07861,N,TEPSLB20J157M18HF8R,NEO B2 CAPACITOR,7/1/2026 9:33,7/7/2026 20:56,7/17/2026 17:33,9.9,7/15/2026 0:00,11664,1664,10000
NEO,PSL B2,DummyEnd,Ta NEO Capacitor PSL series B2 case,6G15N07863,N,TEPSLB20J157M18HF8R,NEO B2 CAPACITOR,7/1/2026 9:33,7/7/2026 4:54,7/16/2026 6:43,9.1,7/15/2026 0:00,11664,1738,10000
NEO,PSL B2,DummyEnd,Ta NEO Capacitor PSL series B2 case,6G15N07864,N,TEPSLB20J157M18HF8R,NEO B2 CAPACITOR,7/1/2026 9:33,7/7/2026 4:54,7/16/2026 17:28,9.5,7/15/2026 0:00,11664,999,12000
NEO,PSL B2,DummyEnd,Ta NEO Capacitor PSL series B2 case,6G15N07866,N,TEPSLB20J157M18HF8R,NEO B2 CAPACITOR,7/1/2026 9:33,7/7/2026 1:05,7/16/2026 14:44,9.5,7/15/2026 0:00,11664,1664,10000
NEO,PSL B2,DummyEnd,Ta NEO Capacitor PSL series B2 case,6G15N07867,N,TEPSLB20J157M18HF8R,NEO B2 CAPACITOR,7/1/2026 9:34,7/7/2026 0:39,7/15/2026 17:26,8.7,7/15/2026 0:00,11664,1664,10000
NEO,PSL B2,DummyEnd,Ta NEO Capacitor PSL series B2 case,6G15N07868,N,TEPSLB20J157M18HF8R,NEO B2 CAPACITOR,7/1/2026 9:34,7/7/2026 0:39,7/18/2026 15:33,11.6,7/15/2026 0:00,11664,2796,10000
NEO,PSL B2,DummyEnd,Ta NEO Capacitor PSL series B2 case,6G15N07869,N,TEPSLB20J157M18HF8R,NEO B2 CAPACITOR,7/1/2026 9:34,7/8/2026 1:26,7/17/2026 20:26,9.8,7/15/2026 0:00,11664,1664,10000
NEO,PSL B2,DummyEnd,Ta NEO Capacitor PSL series B2 case,6G15N07871,N,TEPSLB20J157M18HF8R,NEO B2 CAPACITOR,7/1/2026 9:34,7/8/2026 1:28,7/17/2026 21:19,9.8,7/15/2026 0:00,11664,1664,10000
NEO,PSL B2,DummyEnd,Ta NEO Capacitor PSL series B2 case,6G15N07872,N,TEPSLB20J157M(35)8R,NEO B2 CAPACITOR,7/1/2026 9:34,7/5/2026 18:17,7/15/2026 6:36,9.5,7/15/2026 0:00,11664,1429,12000
NEO,PSL B2,DummyEnd,Ta NEO Capacitor PSL series B2 case,6G15N07873,N,TEPSLB20J157M(35)8R,NEO B2 CAPACITOR,7/1/2026 9:34,7/5/2026 19:49,7/15/2026 7:39,9.5,7/15/2026 0:00,11664,1664,10000
NEO,PSL B2,DummyEnd,Ta NEO Capacitor PSL series B2 case,6G15N07874,N,TEPSLB20J157M(35)8R,NEO B2 CAPACITOR,7/1/2026 9:34,7/6/2026 0:23,7/15/2026 10:58,9.4,7/15/2026 0:00,11664,2040,10000
NEO,PSL B2,DummyEnd,Ta NEO Capacitor PSL series B2 case,6G15N07875,N,TEPSLB20J157M(35)8R,NEO B2 CAPACITOR,7/1/2026 9:34,7/5/2026 19:32,7/14/2026 19:19,9,7/15/2026 0:00,11664,2224,10000
NEO,PSL B2,DummyEnd,Ta NEO Capacitor PSL series B2 case,6G15N07876,N,TEPSLB20J157M(35)8R,NEO B2 CAPACITOR,7/1/2026 9:35,7/5/2026 20:10,7/14/2026 18:44,8.9,7/15/2026 0:00,11664,907,12000
NEO,PSL B2,DummyEnd,Ta NEO Capacitor PSL series B2 case,6G15N07877,N,TEPSLB20J157M(35)8R,NEO B2 CAPACITOR,7/1/2026 9:35,7/5/2026 22:28,7/15/2026 20:17,9.9,7/15/2026 0:00,11181,1279,10000
NEO,PSL B2,DummyEnd,Ta NEO Capacitor PSL series B2 case,6G15N07878,N,TEPSLB20J157M(35)8R,NEO B2 CAPACITOR,7/1/2026 9:35,7/7/2026 15:31,7/16/2026 11:15,8.8,7/15/2026 0:00,11664,1664,10000
NEO,PSL B2,DummyEnd,Ta NEO Capacitor PSL series B2 case,6G15N07879,N,TEPSLB20J157M(35)8R,NEO B2 CAPACITOR,7/1/2026 9:35,7/7/2026 17:18,7/17/2026 15:23,9.9,7/15/2026 0:00,11664,616,12000
NEO,PSL B2,DummyEnd,Ta NEO Capacitor PSL series B2 case,6G15N07880,N,TEPSLB20J157M(35)8R,NEO B2 CAPACITOR,7/1/2026 9:35,7/7/2026 18:28,7/16/2026 23:09,9.2,7/15/2026 0:00,11664,930,12000
NEO,PSL B2,DummyEnd,Ta NEO Capacitor PSL series B2 case,6G15N07881,N,TEPSLB20J157M(35)8R,NEO B2 CAPACITOR,7/1/2026 9:35,7/6/2026 2:53,7/15/2026 9:51,9.3,7/15/2026 0:00,11664,1087,12000
NEO,PSL B2,DummyEnd,Ta NEO Capacitor PSL series B2 case,6G15N07882,N,TEPSLB20J157M(35)8R,NEO B2 CAPACITOR,7/1/2026 9:35,7/6/2026 2:53,7/14/2026 18:31,8.7,7/15/2026 0:00,11664,1010,12000
NEO,PSL B2,DummyEnd,Ta NEO Capacitor PSL series B2 case,6G15N07884,N,TEPSLB20J157M(35)8R,NEO B2 CAPACITOR,7/1/2026 9:36,7/7/2026 6:06,7/16/2026 10:36,9.2,7/15/2026 0:00,11664,1664,10000
NEO,PSL B2,DummyEnd,Ta NEO Capacitor PSL series B2 case,6G15N07885,N,TEPSLB20J157M(35)8R,NEO B2 CAPACITOR,7/1/2026 9:36,7/7/2026 5:48,7/15/2026 16:45,8.5,7/15/2026 0:00,11664,1664,10000
NEO,PSL B2,DummyEnd,Ta NEO Capacitor PSL series B2 case,6G15N07886,N,TEPSLB20J157M(35)8R,NEO B2 CAPACITOR,7/1/2026 9:36,7/7/2026 15:35,7/16/2026 10:43,8.8,7/15/2026 0:00,11664,1664,10000
NEO,PSL B2,DummyEnd,Ta NEO Capacitor PSL series B2 case,6G15N07888,N,TEPSLB20J157M(35)8R,NEO B2 CAPACITOR,7/1/2026 9:36,7/6/2026 2:22,7/15/2026 10:09,9.3,7/15/2026 0:00,11664,879,12000
NEO,PSL B2,DummyEnd,Ta NEO Capacitor PSL series B2 case,6G15N07889,N,TEPSLB20J157M(35)8R,NEO B2 CAPACITOR,7/1/2026 9:36,7/6/2026 4:40,7/15/2026 11:22,9.3,7/15/2026 0:00,11664,2175,10000
NEO,PSL B2,DummyEnd,Ta NEO Capacitor PSL series B2 case,6G15N07890,N,TEPSLB20J157M(35)8R,NEO B2 CAPACITOR,7/1/2026 9:36,7/6/2026 17:11,7/15/2026 18:31,9,7/15/2026 0:00,11664,1664,10000
NEO,PSL B2,DummyEnd,Ta NEO Capacitor PSL series B2 case,6G15N07891,N,TEPSLB20J157M(35)8R,NEO B2 CAPACITOR,7/1/2026 9:36,7/6/2026 18:17,7/14/2026 23:10,8.2,7/15/2026 0:00,11664,2815,10000
NEO,PSL B2,DummyEnd,Ta NEO Capacitor PSL series B2 case,6G15N07893,N,TEPSLB20J157M(45)8R,NEO B2 CAPACITOR,7/1/2026 9:37,7/6/2026 16:08,7/15/2026 20:18,9.2,7/15/2026 0:00,11664,1664,10000
NEO,PSL B2,DummyEnd,Ta NEO Capacitor PSL series B2 case,6G15N07894,N,TEPSLB20J157M(45)8R,NEO B2 CAPACITOR,7/1/2026 9:37,7/6/2026 16:08,7/15/2026 11:26,8.8,7/15/2026 0:00,11664,1665,10000
NEO,PSL B2,DummyEnd,Ta NEO Capacitor PSL series B2 case,6G15N07895,N,TEPSLB20J157M(45)8R,NEO B2 CAPACITOR,7/1/2026 9:37,7/7/2026 4:51,7/16/2026 23:14,9.8,7/15/2026 0:00,11664,1664,10000
NEO,PSL B2,DummyEnd,Ta NEO Capacitor PSL series B2 case,6G15N07896,N,TEPSLB20J157M(45)8R,NEO B2 CAPACITOR,7/1/2026 9:37,7/6/2026 4:40,7/16/2026 18:34,10.6,7/15/2026 0:00,11664,1664,10000
NEO,PSL B2,DummyEnd,Ta NEO Capacitor PSL series B2 case,6G15N07897,N,TEPSLB20J157M(45)8R,NEO B2 CAPACITOR,7/1/2026 9:37,7/6/2026 9:35,7/15/2026 6:51,8.9,7/15/2026 0:00,11664,671,12000
NEO,PSL B2,DummyEnd,Ta NEO Capacitor PSL series B2 case,6G15N07898,N,TEPSLB20J157M(45)8R,NEO B2 CAPACITOR,7/1/2026 9:37,7/6/2026 9:35,7/15/2026 9:50,9,7/15/2026 0:00,11653,1653,10000
NEO,PSL B2,DummyEnd,Ta NEO Capacitor PSL series B2 case,6G15N07899,N,TEPSLB20J157M(45)8R,NEO B2 CAPACITOR,7/1/2026 9:37,7/8/2026 8:39,7/18/2026 3:51,9.8,7/15/2026 0:00,11664,1494,12000
NEO,PSL B2,DummyEnd,Ta NEO Capacitor PSL series B2 case,6G15N07900,N,TEPSLB20J157M(45)8R,NEO B2 CAPACITOR,7/1/2026 9:37,7/8/2026 9:21,7/18/2026 3:42,9.8,7/15/2026 0:00,11664,1664,10000
NEO,PSL B2,DummyEnd,Ta NEO Capacitor PSL series B2 case,6G15N07901,N,TEPSLB20J157M(45)8R,NEO B2 CAPACITOR,7/1/2026 9:38,7/8/2026 13:21,7/17/2026 17:31,9.2,7/15/2026 0:00,11664,1664,10000
NEO,PSL B2,DummyEnd,Ta NEO Capacitor PSL series B2 case,6G15N07902,N,TEPSLB21E156M8R,NEO B2 CAPACITOR,7/1/2026 9:38,7/5/2026 17:15,7/13/2026 21:43,8.2,7/15/2026 0:00,11664,1664,10000
NEO,PSL B2,DummyEnd,Ta NEO Capacitor PSL series B2 case,6G15N07903,N,TEPSLB21E156M8R,NEO B2 CAPACITOR,7/1/2026 9:38,7/5/2026 17:48,7/14/2026 15:50,8.9,7/15/2026 0:00,11664,1664,10000
NEO,PSL B2,DummyEnd,Ta NEO Capacitor PSL series B2 case,6G15N07904,N,TEPSLB21E156M8R,NEO B2 CAPACITOR,7/1/2026 9:38,7/5/2026 22:03,7/15/2026 17:24,9.8,7/15/2026 0:00,11644,962,12000
NEO,PSL B2,DummyEnd,Ta NEO Capacitor PSL series B2 case,6G15N07905,N,TEPSLB21E156M8R,NEO B2 CAPACITOR,7/1/2026 9:38,7/8/2026 17:09,7/16/2026 10:42,7.7,7/15/2026 0:00,11664,1664,10000
NEO,PSL B2,DummyEnd,Ta NEO Capacitor PSL series B2 case,6G15N07906,N,TEPSLB21E156M8R,NEO B2 CAPACITOR,7/1/2026 9:38,7/8/2026 18:57,7/16/2026 14:40,7.8,7/15/2026 0:00,11664,599,12000
NEO,PSL B2,DummyEnd,Ta NEO Capacitor PSL series B2 case,6G15N07907,N,TEPSLB21E156M8R,NEO B2 CAPACITOR,7/1/2026 9:38,7/8/2026 19:52,7/16/2026 21:31,8.1,7/15/2026 0:00,11381,1726,10000
NEO,PSL B2,DummyEnd,Ta NEO Capacitor PSL series B2 case,6G15N07908,N,TEPSLB21E156M8R,NEO B2 CAPACITOR,7/1/2026 9:38,7/6/2026 2:21,7/15/2026 11:25,9.4,7/15/2026 0:00,11664,1664,10000
NEO,PSL B2,DummyEnd,Ta NEO Capacitor PSL series B2 case,6G15N07909,N,TEPSLB21E156M8R,NEO B2 CAPACITOR,7/1/2026 9:38,7/6/2026 2:21,7/15/2026 13:36,9.5,7/15/2026 0:00,11664,1687,12000
NEO,PSL B2,DummyEnd,Ta NEO Capacitor PSL series B2 case,6G15N07910,N,TEPSLB21E156M8R,NEO B2 CAPACITOR,7/1/2026 9:39,7/6/2026 0:58,7/15/2026 9:54,9.4,7/15/2026 0:00,11656,2512,10000
NEO,PSL B2,DummyEnd,Ta NEO Capacitor PSL series B2 case,6G15N07911,N,TEPSLB21E156M8RFT,NEO B2 CAPACITOR,7/1/2026 9:39,7/6/2026 2:48,7/16/2026 10:39,10.3,7/15/2026 0:00,11664,584,12000
NEO,PSL B2,DummyEnd,Ta NEO Capacitor PSL series B2 case,6G15N07912,N,TEPSLB21E156M8RFT,NEO B2 CAPACITOR,7/1/2026 9:39,7/6/2026 0:58,7/15/2026 13:35,9.5,7/15/2026 0:00,11664,509,12000
NEO,PSL B2,DummyEnd,Ta NEO Capacitor PSL series B2 case,6G15N07913,N,TEPSLB21E156M8RFT,NEO B2 CAPACITOR,7/1/2026 9:39,7/6/2026 0:58,7/15/2026 18:35,9.8,7/15/2026 0:00,11599,1051,12000
NEO,PSL B2,DummyEnd,Ta NEO Capacitor PSL series B2 case,6G15N07914,N,TEPSLB21E156M8RFT,NEO B2 CAPACITOR,7/1/2026 9:39,7/5/2026 22:03,7/15/2026 16:44,9.8,7/15/2026 0:00,11664,1664,10000
NEO,PSL B2,DummyEnd,Ta NEO Capacitor PSL series B2 case,6G15N07916,N,TEPSLB21E156M8RFT,NEO B2 CAPACITOR,7/1/2026 9:39,7/6/2026 2:47,7/15/2026 14:32,9.5,7/15/2026 0:00,11654,815,12000
NEO,PSL B2,DummyEnd,Ta NEO Capacitor PSL series B2 case,6G15N07917,N,TEPSLB21E156M8RFT,NEO B2 CAPACITOR,7/1/2026 9:39,7/6/2026 5:37,7/15/2026 21:28,9.7,7/15/2026 0:00,11664,938,12000
NEO,PSL B2,DummyEnd,Ta NEO Capacitor PSL series B2 case,6G15N07918,N,TEPSLB21E156M8RFT,NEO B2 CAPACITOR,7/1/2026 9:40,7/6/2026 5:36,7/15/2026 14:36,9.4,7/15/2026 0:00,11664,984,12000
NEO,PSL B2,DummyEnd,Ta NEO Capacitor PSL series B2 case,6G15N07919,N,TEPSLB21E156M8RFT,NEO B2 CAPACITOR,7/1/2026 9:40,7/6/2026 5:36,7/16/2026 18:34,10.5,7/15/2026 0:00,11640,670,12000
NEO,PSL B2,DummyEnd,Ta NEO Capacitor PSL series B2 case,6G15N07920,N,TEPSLB21E156M1008RKT2,NEO B2 CAPACITOR,7/1/2026 9:40,7/5/2026 12:50,7/14/2026 18:02,9.3,7/15/2026 0:00,11664,1664,10000
NEO,PSL B2,DummyEnd,Ta NEO Capacitor PSL series B2 case,6G15N07921,N,TEPSLB21E156M1008RKT2,NEO B2 CAPACITOR,7/1/2026 9:40,7/5/2026 14:47,7/15/2026 11:28,9.9,7/15/2026 0:00,11664,1808,10000
NEO,PSL B2,DummyEnd,Ta NEO Capacitor PSL series B2 case,6G15N07922,N,TEPSLB21E156M1008RKT2,NEO B2 CAPACITOR,7/1/2026 9:40,7/5/2026 17:15,7/17/2026 10:39,11.7,7/15/2026 0:00,11592,3166,10000
NEO,PSL B2,DummyEnd,Ta NEO Capacitor PSL series B2 case,6G15N07923,N,TEPSLB21E156M1008RKT2,NEO B2 CAPACITOR,7/1/2026 9:40,7/5/2026 18:17,7/13/2026 23:23,8.2,7/15/2026 0:00,11664,1664,10000
NEO,PSL B2,DummyEnd,Ta NEO Capacitor PSL series B2 case,6G15N07924,N,TEPSLB21E156M1008RKT2,NEO B2 CAPACITOR,7/1/2026 9:40,7/5/2026 22:02,7/14/2026 18:28,8.8,7/15/2026 0:00,11664,1426,12000
NEO,PSL B2,DummyEnd,Ta NEO Capacitor PSL series B2 case,6G15N07925,N,TEPSLB21E156M1008RKT2,NEO B2 CAPACITOR,7/1/2026 9:40,7/5/2026 22:02,7/15/2026 13:31,9.6,7/15/2026 0:00,11659,721,12000
NEO,PSL B2,DummyEnd,Ta NEO Capacitor PSL series B2 case,6G15N07926,N,TEPSLB21E156M1008RKT2,NEO B2 CAPACITOR,7/1/2026 9:40,7/5/2026 6:05,7/14/2026 9:58,9.1,7/15/2026 0:00,11664,1664,10000
NEO,PSL B2,DummyEnd,Ta NEO Capacitor PSL series B2 case,6G15N07927,N,TEPSLB21E156M1008RKT2,NEO B2 CAPACITOR,7/1/2026 9:41,7/5/2026 6:05,7/14/2026 17:53,9.5,7/15/2026 0:00,11664,756,12000
NEO,PSL B2,DummyEnd,Ta NEO Capacitor PSL series B2 case,6G15N07928,N,TEPSLB21E156M1008RKT2,NEO B2 CAPACITOR,7/1/2026 9:41,7/5/2026 6:06,7/15/2026 19:36,10.5,7/15/2026 0:00,11631,1631,10000
NEO,PSL B2,DummyEnd,Ta NEO Capacitor PSL series B2 case,6G15N07929,N,TEPSLB21E156M1008RKT2,NEO B2 CAPACITOR,7/1/2026 9:41,7/5/2026 5:13,7/14/2026 22:30,9.7,7/15/2026 0:00,11664,598,12000
NEO,PSL B2,DummyEnd,Ta NEO Capacitor PSL series B2 case,6G15N07930,N,TEPSLB21E156M1008RKT2,NEO B2 CAPACITOR,7/1/2026 9:41,7/5/2026 5:13,7/15/2026 14:31,10.4,7/15/2026 0:00,11664,1664,10000
NEO,PSL B2,DummyEnd,Ta NEO Capacitor PSL series B2 case,6G15N07931,N,TEPSLB21E156M1008RKT2,NEO B2 CAPACITOR,7/1/2026 9:41,7/5/2026 5:12,7/15/2026 13:36,10.3,7/15/2026 0:00,11664,1664,10000
NEO,PSL B2,DummyEnd,Ta NEO Capacitor PSL series B2 case,6G15N07932,N,TEPSLB21E156M1008RKT2,NEO B2 CAPACITOR,7/1/2026 9:41,7/4/2026 20:05,7/12/2026 19:33,8,7/15/2026 0:00,11664,1664,10000
NEO,PSL B2,DummyEnd,Ta NEO Capacitor PSL series B2 case,6G15N07933,N,TEPSLB21E156M1008RKT2,NEO B2 CAPACITOR,7/1/2026 9:41,7/4/2026 22:01,7/13/2026 9:50,8.5,7/15/2026 0:00,11664,1664,10000
NEO,PSL B2,DummyEnd,Ta NEO Capacitor PSL series B2 case,6G15N07934,N,TEPSLB21E156M1008RKT2,NEO B2 CAPACITOR,7/1/2026 9:41,7/5/2026 0:49,7/15/2026 18:34,10.8,7/15/2026 0:00,11579,1579,10000
NEO,PSL B2,DummyEnd,Ta NEO Capacitor PSL series B2 case,6G15N07935,N,TEPSLB21E156M1008RKT2,NEO B2 CAPACITOR,7/1/2026 9:41,7/4/2026 10:33,7/14/2026 18:45,10.3,7/15/2026 0:00,11664,2473,10000
NEO,PSL B2,DummyEnd,Ta NEO Capacitor PSL series B2 case,6G15N07936,N,TEPSLB21E156M1008RKT2,NEO B2 CAPACITOR,7/1/2026 9:42,7/4/2026 10:34,7/12/2026 16:37,8.3,7/15/2026 0:00,11664,1664,10000
NEO,PSL B2,DummyEnd,Ta NEO Capacitor PSL series B2 case,6G15N07937,N,TEPSLB21E156M1008RKT2,NEO B2 CAPACITOR,7/1/2026 9:42,7/4/2026 10:34,7/15/2026 14:36,11.2,7/15/2026 0:00,11632,1924,10000
NEO,PSL B2,DummyEnd,Ta NEO Capacitor PSL series B2 case,6G15N07938,N,TEPSLB21E156M1008RKT2,NEO B2 CAPACITOR,7/1/2026 9:42,7/4/2026 22:02,7/13/2026 9:47,8.5,7/15/2026 0:00,11664,1079,12000
NEO,PSL B2,DummyEnd,Ta NEO Capacitor PSL series B2 case,6G15N07939,N,TEPSLB21E156M1008RKT2,NEO B2 CAPACITOR,7/1/2026 9:44,7/4/2026 22:02,7/15/2026 14:32,10.7,7/15/2026 0:00,11664,1057,12000
NEO,PSL B2,DummyEnd,Ta NEO Capacitor PSL series B2 case,6G15N07940,N,TEPSLB21E156M1008RKT2,NEO B2 CAPACITOR,7/1/2026 9:44,7/5/2026 0:49,7/15/2026 16:47,10.7,7/15/2026 0:00,11571,1571,10000
NEO,PSL B2,DummyEnd,Ta NEO Capacitor PSL series B2 case,6G15N07941,N,TEPSLB21E156M1008RKT2,NEO B2 CAPACITOR,7/1/2026 9:44,7/5/2026 14:47,7/14/2026 14:58,9,7/15/2026 0:00,11664,629,12000
NEO,PSL B2,DummyEnd,Ta NEO Capacitor PSL series B2 case,6G15N07942,N,TEPSLB21E156M1008RKT2,NEO B2 CAPACITOR,7/1/2026 9:44,7/5/2026 17:15,7/16/2026 14:38,10.9,7/15/2026 0:00,11664,2258,10000
NEO,PSL B2,DummyEnd,Ta NEO Capacitor PSL series B2 case,6G15N07943,N,TEPSLB21E156M1008RKT2,NEO B2 CAPACITOR,7/1/2026 9:44,7/5/2026 17:48,7/15/2026 17:22,10,7/15/2026 0:00,11664,1385,12000
NEO,PSL B2,DummyEnd,Ta NEO Capacitor PSL series B2 case,6G15N07944,N,TEPSLB21E156M1008RKT2,NEO B2 CAPACITOR,7/1/2026 9:44,7/5/2026 2:07,7/13/2026 15:02,8.5,7/15/2026 0:00,11664,1664,10000
NEO,PSL B2,DummyEnd,Ta NEO Capacitor PSL series B2 case,6G15N07945,N,TEPSLB21E156M1008RKT2,NEO B2 CAPACITOR,7/1/2026 9:45,7/5/2026 1:20,7/14/2026 5:35,9.2,7/15/2026 0:00,11664,1404,12000
NEO,PSL B2,DummyEnd,Ta NEO Capacitor PSL series B2 case,6G15N07946,N,TEPSLB21E156M1008RKT2,NEO B2 CAPACITOR,7/1/2026 9:45,7/5/2026 1:20,7/16/2026 20:29,11.8,7/15/2026 0:00,11655,1655,10000
NEO,PSL B2,DummyEnd,Ta NEO Capacitor PSL series B2 case,6G15N07947,N,TEPSLB21E156M1008RKT2,NEO B2 CAPACITOR,7/1/2026 9:45,7/5/2026 1:24,7/12/2026 22:25,7.9,7/15/2026 0:00,11664,1664,10000
NEO,PSL B2,DummyEnd,Ta NEO Capacitor PSL series B2 case,6G15N07948,N,TEPSLB21E156M1008RKT2,NEO B2 CAPACITOR,7/1/2026 9:45,7/5/2026 1:25,7/14/2026 17:44,9.7,7/15/2026 0:00,11664,2159,10000
NEO,PSL B2,DummyEnd,Ta NEO Capacitor PSL series B2 case,6G15N07949,N,TEPSLB21E156M1008RKT2,NEO B2 CAPACITOR,7/1/2026 9:45,7/5/2026 1:25,7/12/2026 23:06,7.9,7/15/2026 0:00,11264,1264,10000
NEO,PSL B2,DummyEnd,Ta NEO Capacitor PSL series B2 case,6G15N07950,N,TEPSLB20E477M148RKT,NEO B2 CAPACITOR,7/1/2026 9:45,7/6/2026 13:50,7/16/2026 21:33,10.3,7/15/2026 0:00,11664,3664,8000
NEO,PSL B2,DummyEnd,Ta NEO Capacitor PSL series B2 case,6G15N07953,N,TEPSLB20E477M148RKT,NEO B2 CAPACITOR,7/1/2026 9:45,7/6/2026 12:20,7/16/2026 10:38,9.9,7/15/2026 0:00,11664,3664,8000
NEO,PSL B2,DummyEnd,Ta NEO Capacitor PSL series B2 case,6G15N07954,N,TEPSLB20E477M148RKT,NEO B2 CAPACITOR,7/1/2026 9:45,7/6/2026 12:20,7/16/2026 20:29,10.3,7/15/2026 0:00,11664,3168,10000
NEO,PSL B2,DummyEnd,Ta NEO Capacitor PSL series B2 case,6G15N07956,N,TEPSLB20E477M148RKT,NEO B2 CAPACITOR,7/1/2026 9:46,7/6/2026 2:01,7/16/2026 10:36,10.3,7/15/2026 0:00,11664,3664,8000
NEO,PSL B2,DummyEnd,Ta NEO Capacitor PSL series B2 case,6G15N07957,N,TEPSLB20E477M148RKT,NEO B2 CAPACITOR,7/1/2026 9:46,7/6/2026 2:52,7/16/2026 21:35,10.8,7/15/2026 0:00,11664,1664,10000
NEO,PSL B2,DummyEnd,Ta NEO Capacitor PSL series B2 case,6G15N07960,N,TEPSLB20E477M148RKT,NEO B2 CAPACITOR,7/1/2026 9:46,7/5/2026 19:45,7/18/2026 22:32,13.1,7/15/2026 0:00,11664,7664,4000
NEO,PSL B2,DummyEnd,Ta NEO Capacitor PSL series B2 case,6G15N07961,N,TEPSLB20E477M148RKT,NEO B2 CAPACITOR,7/1/2026 9:46,7/5/2026 19:45,7/16/2026 18:32,11,7/15/2026 0:00,11646,3980,8000
NEO,PSL B2,DummyEnd,Ta NEO Capacitor PSL series B2 case,6G15N07962,N,TEPSLB20E477M148RKT,NEO B2 CAPACITOR,7/1/2026 9:46,7/5/2026 14:34,7/16/2026 19:56,11.2,7/15/2026 0:00,11664,6161,6000
NEO,PSL B2,DummyEnd,Ta NEO Capacitor PSL series B2 case,6G15N07963,N,TEPSLB20E477M148RKT,NEO B2 CAPACITOR,7/1/2026 9:46,7/5/2026 15:13,7/16/2026 19:50,11.2,7/15/2026 0:00,11664,3664,8000
NEO,PSL B2,DummyEnd,Ta NEO Capacitor PSL series B2 case,6G15N07964,N,TEPSLB20E477M148RKT,NEO B2 CAPACITOR,7/1/2026 9:46,7/6/2026 18:17,7/16/2026 22:22,10.2,7/15/2026 0:00,11664,5664,6000
NEO,PSL B2,DummyEnd,Ta NEO Capacitor PSL series B2 case,6G15N07965,N,TEPSLB20E477M148RKT,NEO B2 CAPACITOR,7/1/2026 9:47,7/6/2026 18:14,7/16/2026 14:47,9.8,7/15/2026 0:00,11664,3845,10000
NEO,PSL B2,DummyEnd,Ta NEO Capacitor PSL series B2 case,6G15N07966,N,TEPSLB20E477M148RKT,NEO B2 CAPACITOR,7/1/2026 9:47,7/5/2026 23:59,7/15/2026 14:35,9.6,7/15/2026 0:00,11664,1664,10000
NEO,PSL B2,DummyEnd,Ta NEO Capacitor PSL series B2 case,6G15N07967,N,TEPSLB20E477M148RKT,NEO B2 CAPACITOR,7/1/2026 9:47,7/5/2026 23:59,7/15/2026 13:37,9.6,7/15/2026 0:00,11664,3664,8000
NEO,PSL B2,DummyEnd,Ta NEO Capacitor PSL series B2 case,6G15N07968,N,TEPSLB20J157M25HF8R,NEO B2 CAPACITOR,7/1/2026 9:47,7/7/2026 2:01,7/19/2026 10:26,12.3,7/15/2026 0:00,11664,1664,10000
NEO,PSL B2,DummyEnd,Ta NEO Capacitor PSL series B2 case,6G15N07969,N,TEPSLB20J157M25HF8R,NEO B2 CAPACITOR,7/1/2026 9:47,7/7/2026 14:24,7/19/2026 18:43,12.2,7/15/2026 0:00,11664,1664,10000
NEO,PSL B2,DummyEnd,Ta NEO Capacitor PSL series B2 case,6G15N07971,N,TEPSLB20J157M25HF8R,NEO B2 CAPACITOR,7/1/2026 9:47,7/6/2026 22:17,7/19/2026 18:48,12.8,7/15/2026 0:00,11664,1664,10000
NEO,PSL B2,DummyEnd,Ta NEO Capacitor PSL series B2 case,6G15N07972,N,TEPSLB20J157M25HF8R,NEO B2 CAPACITOR,7/1/2026 9:47,7/6/2026 22:17,7/19/2026 11:09,12.5,7/15/2026 0:00,11664,1664,10000
NEO,PSL B2,DummyEnd,Ta NEO Capacitor PSL series B2 case,6G15N07974,N,TEPSLB20J227M258RKT2,NEO B2 CAPACITOR,7/1/2026 9:47,7/5/2026 3:43,7/19/2026 18:22,14.6,7/15/2026 0:00,11664,2304,10000
NEO,PSL B2,DummyEnd,Ta NEO Capacitor PSL series B2 case,6G15N07975,N,TEPSLB20J227M258RKT2,NEO B2 CAPACITOR,7/1/2026 9:48,7/5/2026 4:54,7/19/2026 4:45,14,7/15/2026 0:00,11664,1664,10000
NEO,PSL B2,DummyEnd,Ta NEO Capacitor PSL series B2 case,6G15N07976,N,TEPSLB20J227M258RKT2,NEO B2 CAPACITOR,7/1/2026 9:48,7/5/2026 7:04,7/19/2026 3:50,13.8,7/15/2026 0:00,11664,3527,10000
NEO,PSL B2,DummyEnd,Ta NEO Capacitor PSL series B2 case,6G15N07977,N,TEPSLB20J227M258RKT2,NEO B2 CAPACITOR,7/1/2026 9:48,7/5/2026 12:50,7/19/2026 18:17,14.3,7/15/2026 0:00,11664,1664,10000
NEO,PSL B2,DummyEnd,Ta NEO Capacitor PSL series B2 case,6G15N07978,N,TEPSLB20J227M258RKT2,NEO B2 CAPACITOR,7/1/2026 9:48,7/6/2026 2:22,7/19/2026 11:11,13.4,7/15/2026 0:00,11664,4718,8000
NEO,PSL B2,DummyEnd,Ta NEO Capacitor PSL series B2 case,6G15N07981,N,TEPSLB20J227M258RKT2,NEO B2 CAPACITOR,7/1/2026 9:48,7/5/2026 19:57,7/19/2026 19:16,14,7/15/2026 0:00,11664,3664,8000
NEO,PSL B2,DummyEnd,Ta NEO Capacitor PSL series B2 case,6G15N07982,N,TEPSLB20J227M258RKT2,NEO B2 CAPACITOR,7/1/2026 9:48,7/5/2026 19:57,7/18/2026 23:15,13.2,7/15/2026 0:00,11664,2398,10000
NEO,PSL B2,DummyEnd,Ta NEO Capacitor PSL series B2 case,6G16N08501,N,TEPSLB20J157M18HF8R,NEO B2 CAPACITOR,7/3/2026 1:21,7/9/2026 17:11,7/19/2026 7:24,9.6,7/16/2026 0:00,11664,1664,10000
NEO,PSL B2,DummyEnd,Ta NEO Capacitor PSL series B2 case,6G16N08502,N,TEPSLB20J157M18HF8R,NEO B2 CAPACITOR,7/3/2026 1:21,7/9/2026 17:11,7/18/2026 23:20,9.3,7/16/2026 0:00,11664,2013,10000
NEO,PSL B2,DummyEnd,Ta NEO Capacitor PSL series B2 case,6G16N08503,N,TEPSLB20J157M18HF8R,NEO B2 CAPACITOR,7/3/2026 1:21,7/9/2026 17:11,7/19/2026 22:46,10.2,7/16/2026 0:00,11664,1664,10000
NEO,PSL B2,DummyEnd,Ta NEO Capacitor PSL series B2 case,6G16N08507,N,TEPSLB20J157M18HF8R,NEO B2 CAPACITOR,7/3/2026 1:22,7/9/2026 14:37,7/18/2026 7:32,8.7,7/16/2026 0:00,11664,1664,10000
NEO,PSL B2,DummyEnd,Ta NEO Capacitor PSL series B2 case,6G16N08508,N,TEPSLB20J157M18HF8R,NEO B2 CAPACITOR,7/3/2026 1:22,7/9/2026 15:03,7/18/2026 8:40,8.7,7/16/2026 0:00,11664,849,12000
NEO,PSL B2,DummyEnd,Ta NEO Capacitor PSL series B2 case,6G16N08509,N,TEPSLB20J157M18HF8R,NEO B2 CAPACITOR,7/3/2026 1:22,7/9/2026 18:20,7/19/2026 11:20,9.7,7/16/2026 0:00,11637,1674,10000
NEO,PSL B2,DummyEnd,Ta NEO Capacitor PSL series B2 case,6G16N08516,N,TEPSLB20J157M(35)8R,NEO B2 CAPACITOR,7/3/2026 1:23,7/10/2026 9:42,7/19/2026 11:20,9.1,7/16/2026 0:00,11664,1664,10000
NEO,PSL B2,DummyEnd,Ta NEO Capacitor PSL series B2 case,6G16N08517,N,TEPSLB20J157M(35)8R,NEO B2 CAPACITOR,7/3/2026 1:23,7/10/2026 13:06,7/19/2026 11:22,8.9,7/16/2026 0:00,11664,554,12000
NEO,PSL B2,DummyEnd,Ta NEO Capacitor PSL series B2 case,6G16N08522,N,TEPSLB20J157M(35)8R,NEO B2 CAPACITOR,7/3/2026 1:23,7/9/2026 8:48,7/18/2026 7:13,9,7/16/2026 0:00,11664,1664,10000
NEO,PSL B2,DummyEnd,Ta NEO Capacitor PSL series B2 case,6G16N08523,N,TEPSLB20J157M(35)8R,NEO B2 CAPACITOR,7/3/2026 1:23,7/9/2026 8:48,7/19/2026 3:23,9.8,7/16/2026 0:00,11664,1664,10000
NEO,PSL B2,DummyEnd,Ta NEO Capacitor PSL series B2 case,6G16N08526,N,TEPSLB20J157M(35)8R,NEO B2 CAPACITOR,7/3/2026 1:24,7/10/2026 7:46,7/19/2026 19:18,9.5,7/16/2026 0:00,11664,340,12000
NEO,PSL B2,DummyEnd,Ta NEO Capacitor PSL series B2 case,6G16N08527,N,TEPSLB20J157M(35)8R,NEO B2 CAPACITOR,7/3/2026 1:24,7/10/2026 9:42,7/19/2026 20:34,9.5,7/16/2026 0:00,11664,1664,10000
NEO,PSL B2,DummyEnd,Ta NEO Capacitor PSL series B2 case,6G16N08529,N,TEPSLB20J157M(35)8R,NEO B2 CAPACITOR,7/3/2026 1:24,7/9/2026 7:42,7/18/2026 15:33,9.3,7/16/2026 0:00,11664,1664,10000
NEO,PSL B2,DummyEnd,Ta NEO Capacitor PSL series B2 case,6G16N08530,N,TEPSLB20J157M(35)8R,NEO B2 CAPACITOR,7/3/2026 1:24,7/9/2026 7:14,7/18/2026 15:26,9.3,7/16/2026 0:00,11664,1664,10000
NEO,PSL B2,DummyEnd,Ta NEO Capacitor PSL series B2 case,6G16N08534,N,TEPSLB20J157M(35)8R,NEO B2 CAPACITOR,7/3/2026 1:24,7/11/2026 5:57,7/19/2026 10:27,8.2,7/16/2026 0:00,11664,1664,10000
NEO,PSL B2,DummyEnd,Ta NEO Capacitor PSL series B2 case,6G16N08537,N,TEPSLB20J157M(35)8R,NEO B2 CAPACITOR,7/3/2026 1:25,7/9/2026 8:33,7/18/2026 7:46,9,7/16/2026 0:00,11664,936,12000
NEO,PSL B2,DummyEnd,Ta NEO Capacitor PSL series B2 case,6G16N08538,N,TEPSLB20J157M(35)8R,NEO B2 CAPACITOR,7/3/2026 1:25,7/9/2026 8:34,7/18/2026 15:33,9.3,7/16/2026 0:00,11664,1664,10000
NEO,PSL B2,DummyEnd,Ta NEO Capacitor PSL series B2 case,6G16N08539,N,TEPSLB20J157M(35)8R,NEO B2 CAPACITOR,7/3/2026 1:25,7/9/2026 8:34,7/18/2026 17:28,9.4,7/16/2026 0:00,11563,487,12000
NEO,PSL B2,DummyEnd,Ta NEO Capacitor PSL series B2 case,6G16N08540,N,TEPSLB20J157M(45)8R,NEO B2 CAPACITOR,7/3/2026 1:25,7/8/2026 22:09,7/18/2026 7:51,9.4,7/16/2026 0:00,11664,819,12000
NEO,PSL B2,DummyEnd,Ta NEO Capacitor PSL series B2 case,6G16N08541,N,TEPSLB20J157M(45)8R,NEO B2 CAPACITOR,7/3/2026 1:25,7/8/2026 22:11,7/17/2026 23:12,9,7/16/2026 0:00,11664,1664,10000
NEO,PSL B2,DummyEnd,Ta NEO Capacitor PSL series B2 case,6G16N08542,N,TEPSLB20J157M(45)8R,NEO B2 CAPACITOR,7/3/2026 1:25,7/8/2026 22:11,7/17/2026 20:23,8.9,7/16/2026 0:00,11557,1677,10000
NEO,PSL B2,DummyEnd,Ta NEO Capacitor PSL series B2 case,6G16N08546,N,TEPSLB20J157M(45)8R,NEO B2 CAPACITOR,7/3/2026 1:26,7/9/2026 7:14,7/17/2026 23:12,8.7,7/16/2026 0:00,11664,1664,10000
NEO,PSL B2,DummyEnd,Ta NEO Capacitor PSL series B2 case,6G16N08547,N,TEPSLB20J157M(45)8R,NEO B2 CAPACITOR,7/3/2026 1:26,7/9/2026 7:14,7/18/2026 16:37,9.4,7/16/2026 0:00,11664,1664,10000
NEO,PSL B2,DummyEnd,Ta NEO Capacitor PSL series B2 case,6G16N08548,N,TEPSLB20J157M(45)8R,NEO B2 CAPACITOR,7/3/2026 1:26,7/9/2026 7:14,7/18/2026 8:42,9,7/16/2026 0:00,11664,1664,10000
NEO,PSL B2,DummyEnd,Ta NEO Capacitor PSL series B2 case,6G16N08549,N,TEPSLB20J157M(45)8R,NEO B2 CAPACITOR,7/3/2026 1:26,7/10/2026 13:28,7/19/2026 20:26,9.3,7/16/2026 0:00,11664,1664,10000
NEO,PSL B2,DummyEnd,Ta NEO Capacitor PSL series B2 case,6G16N08552,N,TEPSLB21E156M8R,NEO B2 CAPACITOR,7/3/2026 1:26,7/8/2026 17:09,7/17/2026 11:06,8.8,7/16/2026 0:00,11664,1664,10000
NEO,PSL B2,DummyEnd,Ta NEO Capacitor PSL series B2 case,6G16N08553,N,TEPSLB21E156M8R,NEO B2 CAPACITOR,7/3/2026 1:26,7/8/2026 18:31,7/16/2026 18:33,8,7/16/2026 0:00,11664,1664,10000
NEO,PSL B2,DummyEnd,Ta NEO Capacitor PSL series B2 case,6G16N08554,N,TEPSLB21E156M8R,NEO B2 CAPACITOR,7/3/2026 1:26,7/8/2026 19:52,7/17/2026 11:09,8.7,7/16/2026 0:00,11627,2523,10000
NEO,PSL B2,DummyEnd,Ta NEO Capacitor PSL series B2 case,6G16N08555,N,TEPSLB21E156M8R,NEO B2 CAPACITOR,7/3/2026 1:27,7/8/2026 21:50,7/16/2026 14:40,7.7,7/16/2026 0:00,11664,1664,10000
NEO,PSL B2,DummyEnd,Ta NEO Capacitor PSL series B2 case,6G16N08556,N,TEPSLB21E156M8R,NEO B2 CAPACITOR,7/3/2026 1:27,7/9/2026 0:37,7/16/2026 19:55,7.8,7/16/2026 0:00,11664,1664,10000
NEO,PSL B2,DummyEnd,Ta NEO Capacitor PSL series B2 case,6G16N08557,N,TEPSLB21E156M8R,NEO B2 CAPACITOR,7/3/2026 1:27,7/8/2026 22:12,7/17/2026 18:41,8.8,7/16/2026 0:00,11569,1569,10000
NEO,PSL B2,DummyEnd,Ta NEO Capacitor PSL series B2 case,6G16N08558,N,TEPSLB21E156M8R,NEO B2 CAPACITOR,7/3/2026 1:27,7/6/2026 0:59,7/15/2026 6:21,9.3,7/16/2026 0:00,11664,1664,10000
NEO,PSL B2,DummyEnd,Ta NEO Capacitor PSL series B2 case,6G16N08559,N,TEPSLB21E156M8R,NEO B2 CAPACITOR,7/3/2026 1:27,7/6/2026 0:59,7/16/2026 14:40,10.6,7/16/2026 0:00,11664,1101,12000
NEO,PSL B2,DummyEnd,Ta NEO Capacitor PSL series B2 case,6G16N08560,N,TEPSLB21E156M8R,NEO B2 CAPACITOR,7/3/2026 1:27,7/6/2026 0:59,7/15/2026 11:22,9.5,7/16/2026 0:00,11587,1587,10000
NEO,PSL B2,DummyEnd,Ta NEO Capacitor PSL series B2 case,6G16N08564,N,TEPSLB21E156M8RFT,NEO B2 CAPACITOR,7/3/2026 1:28,7/10/2026 22:15,7/18/2026 16:41,7.8,7/16/2026 0:00,11664,1664,10000
NEO,PSL B2,DummyEnd,Ta NEO Capacitor PSL series B2 case,6G16N08565,N,TEPSLB21E156M8RFT,NEO B2 CAPACITOR,7/3/2026 1:28,7/11/2026 6:13,7/19/2026 10:29,8.2,7/16/2026 0:00,11664,1664,10000
NEO,PSL B2,DummyEnd,Ta NEO Capacitor PSL series B2 case,6G16N08567,N,TEPSLB21E156M8RFT,NEO B2 CAPACITOR,7/3/2026 1:28,7/9/2026 10:48,7/17/2026 23:15,8.5,7/16/2026 0:00,11664,1664,10000
NEO,PSL B2,DummyEnd,Ta NEO Capacitor PSL series B2 case,6G16N08568,N,TEPSLB21E156M8RFT,NEO B2 CAPACITOR,7/3/2026 1:28,7/9/2026 13:40,7/17/2026 17:42,8.2,7/16/2026 0:00,11664,1664,10000
NEO,PSL B2,DummyEnd,Ta NEO Capacitor PSL series B2 case,6G16N08569,N,TEPSLB21E156M8RFT,NEO B2 CAPACITOR,7/3/2026 1:28,7/9/2026 15:03,7/17/2026 2:48,7.5,7/16/2026 0:00,11622,1622,10000
NEO,PSL B2,DummyEnd,Ta NEO Capacitor PSL series B2 case,6G16N08570,N,TEPSLB21E156M8RFT,NEO B2 CAPACITOR,7/3/2026 1:28,7/8/2026 20:08,7/18/2026 15:30,9.8,7/16/2026 0:00,11664,925,12000
NEO,PSL B2,DummyEnd,Ta NEO Capacitor PSL series B2 case,6G16N08571,N,TEPSLB21E156M8RFT,NEO B2 CAPACITOR,7/3/2026 1:29,7/8/2026 20:08,7/16/2026 18:37,7.9,7/16/2026 0:00,11664,1664,10000
NEO,PSL B2,DummyEnd,Ta NEO Capacitor PSL series B2 case,6G16N08572,N,TEPSLB21E156M8RFT,NEO B2 CAPACITOR,7/3/2026 1:29,7/8/2026 20:09,7/17/2026 7:52,8.5,7/16/2026 0:00,11664,1664,10000
NEO,PSL B2,DummyEnd,Ta NEO Capacitor PSL series B2 case,6G16N08573,N,TEPSLB21E156M8RFT,NEO B2 CAPACITOR,7/3/2026 1:29,7/8/2026 21:52,7/17/2026 17:38,8.8,7/16/2026 0:00,11664,2372,10000
NEO,PSL B2,DummyEnd,Ta NEO Capacitor PSL series B2 case,6G16N08574,N,TEPSLB21E156M8RFT,NEO B2 CAPACITOR,7/3/2026 1:29,7/8/2026 21:53,7/17/2026 18:39,8.9,7/16/2026 0:00,11664,1420,12000
NEO,PSL B2,DummyEnd,Ta NEO Capacitor PSL series B2 case,6G16N08575,N,TEPSLB21E156M8RFT,NEO B2 CAPACITOR,7/3/2026 1:29,7/8/2026 21:53,7/17/2026 9:33,8.5,7/16/2026 0:00,11499,1499,10000
NEO,PSL B2,DummyEnd,Ta NEO Capacitor PSL series B2 case,6G16N08576,N,TEPSLB21E156M1008RKT2,NEO B2 CAPACITOR,7/3/2026 1:29,7/9/2026 2:32,7/17/2026 10:36,8.3,7/16/2026 0:00,11664,1341,12000
NEO,PSL B2,DummyEnd,Ta NEO Capacitor PSL series B2 case,6G16N08577,N,TEPSLB21E156M1008RKT2,NEO B2 CAPACITOR,7/3/2026 1:29,7/9/2026 2:57,7/17/2026 8:56,8.3,7/16/2026 0:00,11664,1208,12000
NEO,PSL B2,DummyEnd,Ta NEO Capacitor PSL series B2 case,6G16N08578,N,TEPSLB21E156M1008RKT2,NEO B2 CAPACITOR,7/3/2026 1:29,7/9/2026 4:09,7/17/2026 17:39,8.5,7/16/2026 0:00,11622,1622,10000
NEO,PSL B2,DummyEnd,Ta NEO Capacitor PSL series B2 case,6G16N08579,N,TEPSLB21E156M1008RKT2,NEO B2 CAPACITOR,7/3/2026 1:29,7/8/2026 19:01,7/16/2026 15:53,7.8,7/16/2026 0:00,11664,1664,10000
NEO,PSL B2,DummyEnd,Ta NEO Capacitor PSL series B2 case,6G16N08580,N,TEPSLB21E156M1008RKT2,NEO B2 CAPACITOR,7/3/2026 1:29,7/8/2026 19:01,7/16/2026 21:35,8.1,7/16/2026 0:00,11664,1711,10000
NEO,PSL B2,DummyEnd,Ta NEO Capacitor PSL series B2 case,6G16N08581,N,TEPSLB21E156M1008RKT2,NEO B2 CAPACITOR,7/3/2026 1:30,7/8/2026 19:01,7/17/2026 9:34,8.6,7/16/2026 0:00,11603,1603,10000
NEO,PSL B2,DummyEnd,Ta NEO Capacitor PSL series B2 case,6G16N08582,N,TEPSLB21E156M1008RKT2,NEO B2 CAPACITOR,7/3/2026 1:30,7/9/2026 7:43,7/17/2026 9:34,8.1,7/16/2026 0:00,11664,2474,10000
NEO,PSL B2,DummyEnd,Ta NEO Capacitor PSL series B2 case,6G16N08583,N,TEPSLB21E156M1008RKT2,NEO B2 CAPACITOR,7/3/2026 1:30,7/9/2026 7:15,7/18/2026 6:22,9,7/16/2026 0:00,11664,1664,10000
NEO,PSL B2,DummyEnd,Ta NEO Capacitor PSL series B2 case,6G16N08584,N,TEPSLB21E156M1008RKT2,NEO B2 CAPACITOR,7/3/2026 1:30,7/9/2026 7:15,7/17/2026 10:38,8.1,7/16/2026 0:00,11519,1096,12000
NEO,PSL B2,DummyEnd,Ta NEO Capacitor PSL series B2 case,6G16N08585,N,TEPSLB21E156M1008RKT2,NEO B2 CAPACITOR,7/3/2026 1:30,7/10/2026 19:29,7/18/2026 16:38,7.9,7/16/2026 0:00,11664,972,12000
NEO,PSL B2,DummyEnd,Ta NEO Capacitor PSL series B2 case,6G16N08586,N,TEPSLB21E156M1008RKT2,NEO B2 CAPACITOR,7/3/2026 1:30,7/10/2026 20:08,7/18/2026 15:33,7.8,7/16/2026 0:00,11664,1664,10000
NEO,PSL B2,DummyEnd,Ta NEO Capacitor PSL series B2 case,6G16N08587,N,TEPSLB21E156M1008RKT2,NEO B2 CAPACITOR,7/3/2026 1:30,7/10/2026 21:46,7/19/2026 3:47,8.3,7/16/2026 0:00,11664,2987,10000
NEO,PSL B2,DummyEnd,Ta NEO Capacitor PSL series B2 case,6G16N08588,N,TEPSLB21E156M1008RKT2,NEO B2 CAPACITOR,7/3/2026 1:30,7/8/2026 19:00,7/17/2026 11:09,8.7,7/16/2026 0:00,11664,1664,10000
NEO,PSL B2,DummyEnd,Ta NEO Capacitor PSL series B2 case,6G16N08589,N,TEPSLB21E156M1008RKT2,NEO B2 CAPACITOR,7/3/2026 1:30,7/8/2026 19:00,7/17/2026 17:26,8.9,7/16/2026 0:00,11664,873,12000
NEO,PSL B2,DummyEnd,Ta NEO Capacitor PSL series B2 case,6G16N08590,N,TEPSLB21E156M1008RKT2,NEO B2 CAPACITOR,7/3/2026 1:31,7/8/2026 19:00,7/17/2026 10:37,8.6,7/16/2026 0:00,11643,2712,10000
NEO,PSL B2,DummyEnd,Ta NEO Capacitor PSL series B2 case,6G16N08603,N,TEPSLB20J227M258RKT2,NEO B2 CAPACITOR,7/3/2026 1:32,7/7/2026 14:23,7/18/2026 15:35,11,7/16/2026 0:00,11664,1664,10000
NEO,PSL B2,DummyEnd,Ta NEO Capacitor PSL series B2 case,6G16N08604,N,TEPSLB20J227M258RKT2,NEO B2 CAPACITOR,7/3/2026 1:32,7/7/2026 17:17,7/19/2026 20:43,12.1,7/16/2026 0:00,11664,1279,12000
NEO,PSL B2,DummyEnd,Ta NEO Capacitor PSL series B2 case,6G16N08605,N,TEPSLB20J227M258RKT2,NEO B2 CAPACITOR,7/3/2026 1:32,7/7/2026 17:20,7/19/2026 18:38,12,7/16/2026 0:00,11373,1373,10000
NEO,PSL B2,DummyEnd,Ta NEO Capacitor PSL series B2 case,6G16N08613,N,TEPSLB20J227M258RKT2,NEO B2 CAPACITOR,7/3/2026 1:33,7/6/2026 3:34,7/20/2026 3:17,14,7/16/2026 0:00,11664,2099,10000
NEO,PSL B2,DummyEnd,Ta NEO Capacitor PSL series B2 case,6G16N08614,N,TEPSLB20J227M258RKT2,NEO B2 CAPACITOR,7/3/2026 1:33,7/6/2026 3:34,7/19/2026 21:27,13.8,7/16/2026 0:00,11656,2644,10000
NEO,PSL B2,DummyEnd,Ta NEO Capacitor PSL series B2 case,6G16N08618,N,TEPSLB20J227M258RKT2,NEO B2 CAPACITOR,7/3/2026 1:33,7/6/2026 18:14,7/18/2026 21:55,12.1,7/16/2026 0:00,11664,1664,10000
NEO,PSL B2,DummyEnd,Ta NEO Capacitor PSL series B2 case,6G16N08619,N,TEPSLB20J227M258RKT2,NEO B2 CAPACITOR,7/3/2026 1:33,7/6/2026 20:16,7/19/2026 3:19,12.3,7/16/2026 0:00,11664,2728,10000
NEO,PSL B2,DummyEnd,Ta NEO Capacitor PSL series B2 case,6G16N08624,N,TEPSLB21A107M708RKT,NEO B2 CAPACITOR,7/3/2026 1:34,7/5/2026 19:59,7/15/2026 14:36,9.8,7/16/2026 0:00,11664,1712,10000
NEO,PSL B2,DummyEnd,Ta NEO Capacitor PSL series B2 case,6G16N08625,N,TEPSLB21A107M708RKT,NEO B2 CAPACITOR,7/3/2026 1:34,7/5/2026 19:59,7/15/2026 22:23,10.1,7/16/2026 0:00,11664,3664,8000
NEO,PSL B2,DummyEnd,Ta NEO Capacitor PSL series B2 case,6G16N08626,N,TEPSLB21A107M708RKT,NEO B2 CAPACITOR,7/3/2026 1:34,7/5/2026 19:58,7/15/2026 22:24,10.1,7/16/2026 0:00,11664,1664,10000
NEO,PSL B2,DummyEnd,Ta NEO Capacitor PSL series B2 case,6G16N08627,N,TEPSLB21A107M708RKT,NEO B2 CAPACITOR,7/3/2026 1:34,7/6/2026 9:41,7/16/2026 22:32,10.5,7/16/2026 0:00,11664,4129,8000
NEO,PSL B2,DummyEnd,Ta NEO Capacitor PSL series B2 case,6G16N08628,N,TEPSLB21A107M708RKT,NEO B2 CAPACITOR,7/3/2026 1:34,7/6/2026 9:41,7/16/2026 10:36,10,7/16/2026 0:00,11664,3664,8000
NEO,PSL B2,DummyEnd,Ta NEO Capacitor PSL series B2 case,6G16N08629,N,TEPSLB21A107M708RKT,NEO B2 CAPACITOR,7/3/2026 1:34,7/6/2026 9:41,7/16/2026 6:39,9.9,7/16/2026 0:00,11664,4397,8000
NEO,PSL B2,DummyEnd,Ta NEO Capacitor PSL series B2 case,6G16N08630,N,TEPSLB21A107M708RKT,NEO B2 CAPACITOR,7/3/2026 1:35,7/5/2026 12:17,7/15/2026 11:27,10,7/16/2026 0:00,11664,1664,10000
NEO,PSL B2,DummyEnd,Ta NEO Capacitor PSL series B2 case,6G16N08631,N,TEPSLB21A107M708RKT,NEO B2 CAPACITOR,7/3/2026 1:35,7/5/2026 12:16,7/15/2026 18:32,10.3,7/16/2026 0:00,11664,1664,10000
NEO,PSL B2,DummyEnd,Ta NEO Capacitor PSL series B2 case,6G16N08632,N,TEPSLB21A107M708RKT,NEO B2 CAPACITOR,7/3/2026 1:35,7/5/2026 12:17,7/15/2026 13:37,10,7/16/2026 0:00,11664,1664,10000
NEO,PSL B2,DummyEnd,Ta NEO Capacitor PSL series B2 case,6G16N08633,N,TEPSLB21E226M8R,NEO B2 CAPACITOR,7/3/2026 1:35,7/8/2026 22:18,7/18/2026 11:19,9.5,7/16/2026 0:00,11664,2769,10000
NEO,PSL B2,DummyEnd,Ta NEO Capacitor PSL series B2 case,6G16N08634,N,TEPSLB21E226M8R,NEO B2 CAPACITOR,7/3/2026 1:35,7/10/2026 5:20,7/18/2026 19:37,8.6,7/16/2026 0:00,11664,1664,10000
NEO,PSL B2,DummyEnd,Ta NEO Capacitor PSL series B2 case,6G16N08635,N,TEPSLB21E226M8R,NEO B2 CAPACITOR,7/3/2026 1:35,7/9/2026 16:05,7/18/2026 11:19,8.8,7/16/2026 0:00,11664,1664,10000
NEO,PSL B2,DummyEnd,Ta NEO Capacitor PSL series B2 case,6G17N08704,N,TEPSLB20J157M18HF8R,NEO B2 CAPACITOR,7/3/2026 7:30,7/10/2026 7:46,7/19/2026 7:18,9,7/17/2026 0:00,11664,998,12000
NEO,PSL B2,DummyEnd,Ta NEO Capacitor PSL series B2 case,6G17N08705,N,TEPSLB20J157M18HF8R,NEO B2 CAPACITOR,7/3/2026 7:30,7/10/2026 10:19,7/18/2026 23:13,8.5,7/17/2026 0:00,11664,1664,10000
NEO,PSL B2,DummyEnd,Ta NEO Capacitor PSL series B2 case,6G17N08706,N,TEPSLB20J157M18HF8R,NEO B2 CAPACITOR,7/3/2026 7:30,7/10/2026 14:06,7/20/2026 3:20,9.5,7/17/2026 0:00,11664,715,12000
NEO,PSL B2,DummyEnd,Ta NEO Capacitor PSL series B2 case,6G17N08707,N,TEPSLB20J157M18HF8R,NEO B2 CAPACITOR,7/3/2026 7:31,7/8/2026 0:34,7/18/2026 3:55,10.1,7/17/2026 0:00,11664,1664,10000
NEO,PSL B2,DummyEnd,Ta NEO Capacitor PSL series B2 case,6G17N08708,N,TEPSLB20J157M18HF8R,NEO B2 CAPACITOR,7/3/2026 7:31,7/8/2026 0:34,7/18/2026 15:32,10.6,7/17/2026 0:00,11664,961,12000
NEO,PSL B2,DummyEnd,Ta NEO Capacitor PSL series B2 case,6G17N08709,N,TEPSLB20J157M18HF8R,NEO B2 CAPACITOR,7/3/2026 7:31,7/8/2026 2:07,7/17/2026 2:45,9,7/17/2026 0:00,11664,767,12000
NEO,PSL B2,DummyEnd,Ta NEO Capacitor PSL series B2 case,6G17N08710,N,TEPSLB20J157M18HF8R,NEO B2 CAPACITOR,7/3/2026 7:31,7/9/2026 18:20,7/18/2026 15:29,8.9,7/17/2026 0:00,11664,1664,10000
NEO,PSL B2,DummyEnd,Ta NEO Capacitor PSL series B2 case,6G17N08711,N,TEPSLB20J157M18HF8R,NEO B2 CAPACITOR,7/3/2026 7:31,7/9/2026 17:11,7/18/2026 23:08,9.3,7/17/2026 0:00,11664,982,12000
NEO,PSL B2,DummyEnd,Ta NEO Capacitor PSL series B2 case,6G17N08712,N,TEPSLB20J157M18HF8R,NEO B2 CAPACITOR,7/3/2026 7:31,7/9/2026 17:12,7/18/2026 8:46,8.6,7/17/2026 0:00,11664,1664,10000
NEO,PSL B2,DummyEnd,Ta NEO Capacitor PSL series B2 case,6G17N08713,N,TEPSLB20J157M18HF8R,NEO B2 CAPACITOR,7/3/2026 7:31,7/9/2026 4:09,7/18/2026 7:52,9.1,7/17/2026 0:00,11664,1664,10000
NEO,PSL B2,DummyEnd,Ta NEO Capacitor PSL series B2 case,6G17N08714,N,TEPSLB20J157M18HF8R,NEO B2 CAPACITOR,7/3/2026 7:31,7/9/2026 6:16,7/18/2026 7:25,9,7/17/2026 0:00,11664,966,12000
NEO,PSL B2,DummyEnd,Ta NEO Capacitor PSL series B2 case,6G17N08715,N,TEPSLB20J157M18HF8R,NEO B2 CAPACITOR,7/3/2026 7:31,7/9/2026 7:22,7/18/2026 7:07,9,7/17/2026 0:00,11584,1584,10000
NEO,PSL B2,DummyEnd,Ta NEO Capacitor PSL series B2 case,6G17N08716,N,TEPSLB20J157M18HF8R,NEO B2 CAPACITOR,7/3/2026 7:32,7/10/2026 0:35,7/19/2026 11:21,9.5,7/17/2026 0:00,11664,1664,10000
NEO,PSL B2,DummyEnd,Ta NEO Capacitor PSL series B2 case,6G17N08717,N,TEPSLB20J157M18HF8R,NEO B2 CAPACITOR,7/3/2026 7:32,7/10/2026 4:17,7/19/2026 8:23,9.2,7/17/2026 0:00,11664,1664,10000
NEO,PSL B2,DummyEnd,Ta NEO Capacitor PSL series B2 case,6G17N08718,N,TEPSLB20J157M18HF8R,NEO B2 CAPACITOR,7/3/2026 7:32,7/10/2026 4:17,7/19/2026 11:15,9.3,7/17/2026 0:00,11664,1664,10000
NEO,PSL B2,DummyEnd,Ta NEO Capacitor PSL series B2 case,6G17N08719,N,TEPSLB20J157M(35)8R,NEO B2 CAPACITOR,7/3/2026 7:32,7/9/2026 5:44,7/17/2026 23:14,8.8,7/17/2026 0:00,11664,785,12000
NEO,PSL B2,DummyEnd,Ta NEO Capacitor PSL series B2 case,6G17N08720,N,TEPSLB20J157M(35)8R,NEO B2 CAPACITOR,7/3/2026 7:32,7/9/2026 7:22,7/18/2026 7:47,9,7/17/2026 0:00,11664,2280,10000
NEO,PSL B2,DummyEnd,Ta NEO Capacitor PSL series B2 case,6G17N08721,N,TEPSLB20J157M(35)8R,NEO B2 CAPACITOR,7/3/2026 7:32,7/9/2026 9:53,7/18/2026 10:15,9,7/17/2026 0:00,11664,1664,10000
NEO,PSL B2,DummyEnd,Ta NEO Capacitor PSL series B2 case,6G17N08722,N,TEPSLB20J157M(35)8R,NEO B2 CAPACITOR,7/3/2026 7:32,7/8/2026 18:32,7/17/2026 17:43,9,7/17/2026 0:00,11664,1664,10000
NEO,PSL B2,DummyEnd,Ta NEO Capacitor PSL series B2 case,6G17N08723,N,TEPSLB20J157M(35)8R,NEO B2 CAPACITOR,7/3/2026 7:32,7/8/2026 20:10,7/18/2026 7:05,9.5,7/17/2026 0:00,11664,1011,12000
NEO,PSL B2,DummyEnd,Ta NEO Capacitor PSL series B2 case,6G17N08724,N,TEPSLB20J157M(35)8R,NEO B2 CAPACITOR,7/3/2026 7:32,7/9/2026 1:26,7/18/2026 10:41,9.4,7/17/2026 0:00,11624,1476,12000
NEO,PSL B2,DummyEnd,Ta NEO Capacitor PSL series B2 case,6G17N08725,N,TEPSLB20J157M(35)8R,NEO B2 CAPACITOR,7/3/2026 7:33,7/7/2026 20:06,7/16/2026 23:15,9.1,7/17/2026 0:00,11664,1544,12000
NEO,PSL B2,DummyEnd,Ta NEO Capacitor PSL series B2 case,6G17N08726,N,TEPSLB20J157M(35)8R,NEO B2 CAPACITOR,7/3/2026 7:33,7/8/2026 0:35,7/16/2026 20:27,8.8,7/17/2026 0:00,11664,1664,10000
NEO,PSL B2,DummyEnd,Ta NEO Capacitor PSL series B2 case,6G17N08727,N,TEPSLB20J157M(35)8R,NEO B2 CAPACITOR,7/3/2026 7:33,7/8/2026 0:35,7/18/2026 16:44,10.7,7/17/2026 0:00,11618,2316,10000
NEO,PSL B2,DummyEnd,Ta NEO Capacitor PSL series B2 case,6G17N08728,N,TEPSLB20J157M(35)8R,NEO B2 CAPACITOR,7/3/2026 7:33,7/8/2026 2:07,7/17/2026 17:32,9.6,7/17/2026 0:00,11664,1664,10000
NEO,PSL B2,DummyEnd,Ta NEO Capacitor PSL series B2 case,6G17N08729,N,TEPSLB20J157M(35)8R,NEO B2 CAPACITOR,7/3/2026 7:33,7/8/2026 13:59,7/18/2026 18:19,10.2,7/17/2026 0:00,11664,1443,12000
NEO,PSL B2,DummyEnd,Ta NEO Capacitor PSL series B2 case,6G17N08730,N,TEPSLB20J157M(35)8R,NEO B2 CAPACITOR,7/3/2026 7:33,7/8/2026 16:02,7/18/2026 16:44,10,7/17/2026 0:00,11664,1664,10000
NEO,PSL B2,DummyEnd,Ta NEO Capacitor PSL series B2 case,6G17N08731,N,TEPSLB20J157M(35)8R,NEO B2 CAPACITOR,7/3/2026 7:33,7/8/2026 13:23,7/18/2026 16:39,10.1,7/17/2026 0:00,11664,1664,10000
NEO,PSL B2,DummyEnd,Ta NEO Capacitor PSL series B2 case,6G17N08732,N,TEPSLB20J157M(35)8R,NEO B2 CAPACITOR,7/3/2026 7:33,7/8/2026 13:23,7/18/2026 3:46,9.6,7/17/2026 0:00,11664,2146,10000
NEO,PSL B2,DummyEnd,Ta NEO Capacitor PSL series B2 case,6G17N08733,N,TEPSLB20J157M(35)8R,NEO B2 CAPACITOR,7/3/2026 7:33,7/8/2026 13:23,7/17/2026 20:24,9.3,7/17/2026 0:00,11644,1644,10000
NEO,PSL B2,DummyEnd,Ta NEO Capacitor PSL series B2 case,6G17N08734,N,TEPSLB20J157M(35)8R,NEO B2 CAPACITOR,7/3/2026 7:34,7/8/2026 17:36,7/18/2026 15:18,9.9,7/17/2026 0:00,11664,1008,12000
NEO,PSL B2,DummyEnd,Ta NEO Capacitor PSL series B2 case,6G17N08735,N,TEPSLB20J157M(35)8R,NEO B2 CAPACITOR,7/3/2026 7:34,7/8/2026 18:57,7/17/2026 20:25,9.1,7/17/2026 0:00,11664,673,12000
NEO,PSL B2,DummyEnd,Ta NEO Capacitor PSL series B2 case,6G17N08736,N,TEPSLB20J157M(35)8R,NEO B2 CAPACITOR,7/3/2026 7:34,7/8/2026 18:47,7/18/2026 3:44,9.4,7/17/2026 0:00,11664,1664,10000
NEO,PSL B2,DummyEnd,Ta NEO Capacitor PSL series B2 case,6G17N08737,N,TEPSLB20J157M(35)8R,NEO B2 CAPACITOR,7/3/2026 7:34,7/8/2026 3:10,7/17/2026 22:27,9.8,7/17/2026 0:00,11664,857,12000
NEO,PSL B2,DummyEnd,Ta NEO Capacitor PSL series B2 case,6G17N08738,N,TEPSLB20J157M(35)8R,NEO B2 CAPACITOR,7/3/2026 7:34,7/8/2026 3:10,7/18/2026 15:30,10.5,7/17/2026 0:00,11664,1664,10000
NEO,PSL B2,DummyEnd,Ta NEO Capacitor PSL series B2 case,6G17N08739,N,TEPSLB20J157M(35)8R,NEO B2 CAPACITOR,7/3/2026 7:34,7/8/2026 3:11,7/18/2026 18:19,10.6,7/17/2026 0:00,11626,1626,10000
NEO,PSL B2,DummyEnd,Ta NEO Capacitor PSL series B2 case,6G17N08740,N,TEPSLB20J157M(35)8R,NEO B2 CAPACITOR,7/3/2026 7:34,7/8/2026 9:21,7/16/2026 22:23,8.5,7/17/2026 0:00,11664,2090,10000
NEO,PSL B2,DummyEnd,Ta NEO Capacitor PSL series B2 case,6G17N08741,N,TEPSLB20J157M(35)8R,NEO B2 CAPACITOR,7/3/2026 7:34,7/8/2026 12:54,7/18/2026 3:38,9.6,7/17/2026 0:00,11664,2095,10000
NEO,PSL B2,DummyEnd,Ta NEO Capacitor PSL series B2 case,6G17N08742,N,TEPSLB20J157M(35)8R,NEO B2 CAPACITOR,7/3/2026 7:34,7/8/2026 13:38,7/19/2026 3:28,10.6,7/17/2026 0:00,11081,1081,10000
NEO,PSL B2,DummyEnd,Ta NEO Capacitor PSL series B2 case,6G17N08743,N,TEPSLB20J157M(45)8R,NEO B2 CAPACITOR,7/3/2026 7:34,7/8/2026 2:50,7/18/2026 3:40,10,7/17/2026 0:00,11664,1664,10000
NEO,PSL B2,DummyEnd,Ta NEO Capacitor PSL series B2 case,6G17N08744,N,TEPSLB20J157M(45)8R,NEO B2 CAPACITOR,7/3/2026 7:35,7/8/2026 2:50,7/18/2026 15:28,10.5,7/17/2026 0:00,11664,1045,12000
NEO,PSL B2,DummyEnd,Ta NEO Capacitor PSL series B2 case,6G17N08745,N,TEPSLB20J157M(45)8R,NEO B2 CAPACITOR,7/3/2026 7:35,7/8/2026 2:51,7/17/2026 21:17,9.8,7/17/2026 0:00,11656,2453,10000
NEO,PSL B2,DummyEnd,Ta NEO Capacitor PSL series B2 case,6G17N08746,N,TEPSLB20J157M(45)8R,NEO B2 CAPACITOR,7/3/2026 7:35,7/9/2026 16:16,7/19/2026 18:53,10.1,7/17/2026 0:00,11664,318,12000
NEO,PSL B2,DummyEnd,Ta NEO Capacitor PSL series B2 case,6G17N08747,N,TEPSLB20J157M(45)8R,NEO B2 CAPACITOR,7/3/2026 7:35,7/9/2026 17:22,7/19/2026 22:45,10.2,7/17/2026 0:00,11664,1664,10000
NEO,PSL B2,DummyEnd,Ta NEO Capacitor PSL series B2 case,6G17N08749,N,TEPSLB20J157M(45)8R,NEO B2 CAPACITOR,7/3/2026 7:35,7/8/2026 14:00,7/17/2026 23:15,9.4,7/17/2026 0:00,11664,1254,12000
NEO,PSL B2,DummyEnd,Ta NEO Capacitor PSL series B2 case,6G17N08750,N,TEPSLB20J157M(45)8R,NEO B2 CAPACITOR,7/3/2026 7:35,7/8/2026 13:37,7/17/2026 20:22,9.3,7/17/2026 0:00,11664,798,12000
NEO,PSL B2,DummyEnd,Ta NEO Capacitor PSL series B2 case,6G17N08751,N,TEPSLB20J157M(45)8R,NEO B2 CAPACITOR,7/3/2026 7:35,7/8/2026 13:37,7/18/2026 3:46,9.6,7/17/2026 0:00,11615,1615,10000
NEO,PSL B2,DummyEnd,Ta NEO Capacitor PSL series B2 case,6G17N08752,N,TEPSLB20J157M(45)8R,NEO B2 CAPACITOR,7/3/2026 7:35,7/8/2026 1:26,7/18/2026 16:43,10.6,7/17/2026 0:00,11664,1664,10000
NEO,PSL B2,DummyEnd,Ta NEO Capacitor PSL series B2 case,6G17N08753,N,TEPSLB20J157M(45)8R,NEO B2 CAPACITOR,7/3/2026 7:36,7/8/2026 1:26,7/17/2026 7:51,9.3,7/17/2026 0:00,11664,785,12000
NEO,PSL B2,DummyEnd,Ta NEO Capacitor PSL series B2 case,6G17N08754,N,TEPSLB20J157M(45)8R,NEO B2 CAPACITOR,7/3/2026 7:36,7/8/2026 1:26,7/18/2026 7:13,10.3,7/17/2026 0:00,11650,1650,10000
NEO,PSL B2,DummyEnd,Ta NEO Capacitor PSL series B2 case,6G17N08758,N,TEPSLB20J157M(45)8R,NEO B2 CAPACITOR,7/3/2026 7:36,7/8/2026 12:53,7/18/2026 15:17,10.1,7/17/2026 0:00,11664,1664,10000
NEO,PSL B2,DummyEnd,Ta NEO Capacitor PSL series B2 case,6G17N08759,N,TEPSLB20J157M(45)8R,NEO B2 CAPACITOR,7/3/2026 7:36,7/8/2026 14:17,7/18/2026 7:19,9.7,7/17/2026 0:00,11664,964,12000
NEO,PSL B2,DummyEnd,Ta NEO Capacitor PSL series B2 case,6G17N08760,N,TEPSLB20J157M(45)8R,NEO B2 CAPACITOR,7/3/2026 7:36,7/8/2026 13:39,7/18/2026 10:22,9.9,7/17/2026 0:00,11664,2617,10000
NEO,PSL B2,DummyEnd,Ta NEO Capacitor PSL series B2 case,6G17N08761,N,TEPSLB21E156M8R,NEO B2 CAPACITOR,7/3/2026 7:36,7/6/2026 20:15,7/15/2026 11:23,8.6,7/17/2026 0:00,11664,1664,10000
NEO,PSL B2,DummyEnd,Ta NEO Capacitor PSL series B2 case,6G17N08762,N,TEPSLB21E156M8R,NEO B2 CAPACITOR,7/3/2026 7:37,7/6/2026 20:15,7/15/2026 9:51,8.5,7/17/2026 0:00,11664,1664,10000
NEO,PSL B2,DummyEnd,Ta NEO Capacitor PSL series B2 case,6G17N08763,N,TEPSLB21E156M8R,NEO B2 CAPACITOR,7/3/2026 7:37,7/6/2026 20:15,7/16/2026 11:14,9.6,7/17/2026 0:00,11661,1071,12000
NEO,PSL B2,DummyEnd,Ta NEO Capacitor PSL series B2 case,6G17N08764,N,TEPSLB21E156M8R,NEO B2 CAPACITOR,7/3/2026 7:37,7/6/2026 7:46,7/15/2026 21:27,9.6,7/17/2026 0:00,11664,1664,10000
NEO,PSL B2,DummyEnd,Ta NEO Capacitor PSL series B2 case,6G17N08765,N,TEPSLB21E156M8R,NEO B2 CAPACITOR,7/3/2026 7:37,7/6/2026 7:46,7/16/2026 6:15,10,7/17/2026 0:00,11664,1664,10000
NEO,PSL B2,DummyEnd,Ta NEO Capacitor PSL series B2 case,6G17N08766,N,TEPSLB21E156M8R,NEO B2 CAPACITOR,7/3/2026 7:37,7/6/2026 7:46,7/15/2026 21:29,9.6,7/17/2026 0:00,11565,1565,10000
NEO,PSL B2,DummyEnd,Ta NEO Capacitor PSL series B2 case,6G17N08767,N,TEPSLB21E156M8R,NEO B2 CAPACITOR,7/3/2026 7:37,7/7/2026 22:51,7/15/2026 21:25,8,7/17/2026 0:00,11664,1664,10000
NEO,PSL B2,DummyEnd,Ta NEO Capacitor PSL series B2 case,6G17N08768,N,TEPSLB21E156M8R,NEO B2 CAPACITOR,7/3/2026 7:37,7/7/2026 21:07,7/15/2026 21:28,8,7/17/2026 0:00,11664,1664,10000
NEO,PSL B2,DummyEnd,Ta NEO Capacitor PSL series B2 case,6G17N08769,N,TEPSLB21E156M8R,NEO B2 CAPACITOR,7/3/2026 7:37,7/7/2026 21:07,7/16/2026 6:42,8.4,7/17/2026 0:00,11577,656,12000
NEO,PSL B2,DummyEnd,Ta NEO Capacitor PSL series B2 case,6G17N08771,N,TEPSLB21E156M8RFT,NEO B2 CAPACITOR,7/3/2026 7:37,7/6/2026 20:19,7/15/2026 14:33,8.8,7/17/2026 0:00,11664,1664,10000
NEO,PSL B2,DummyEnd,Ta NEO Capacitor PSL series B2 case,6G17N08772,N,TEPSLB21E156M8RFT,NEO B2 CAPACITOR,7/3/2026 7:38,7/7/2026 1:05,7/16/2026 21:33,9.8,7/17/2026 0:00,11658,1658,10000
NEO,PSL B2,DummyEnd,Ta NEO Capacitor PSL series B2 case,6G17N08773,N,TEPSLB21E156M8RFT,NEO B2 CAPACITOR,7/3/2026 7:38,7/7/2026 1:29,7/15/2026 11:25,8.4,7/17/2026 0:00,11664,1511,12000
NEO,PSL B2,DummyEnd,Ta NEO Capacitor PSL series B2 case,6G17N08776,N,TEPSLB21E156M8RFT,NEO B2 CAPACITOR,7/3/2026 7:38,7/7/2026 17:15,7/15/2026 22:20,8.2,7/17/2026 0:00,11664,1664,10000
NEO,PSL B2,DummyEnd,Ta NEO Capacitor PSL series B2 case,6G17N08777,N,TEPSLB21E156M8RFT,NEO B2 CAPACITOR,7/3/2026 7:38,7/7/2026 17:15,7/15/2026 7:40,7.6,7/17/2026 0:00,11664,2419,10000
NEO,PSL B2,DummyEnd,Ta NEO Capacitor PSL series B2 case,6G17N08778,N,TEPSLB21E156M8RFT,NEO B2 CAPACITOR,7/3/2026 7:38,7/7/2026 18:28,7/15/2026 21:27,8.1,7/17/2026 0:00,11582,1582,10000
NEO,PSL B2,DummyEnd,Ta NEO Capacitor PSL series B2 case,6G17N08779,N,TEPSLB21E156M8RFT,NEO B2 CAPACITOR,7/3/2026 7:38,7/7/2026 17:14,7/15/2026 18:34,8,7/17/2026 0:00,11664,1664,10000
NEO,PSL B2,DummyEnd,Ta NEO Capacitor PSL series B2 case,6G17N08780,N,TEPSLB21E156M8RFT,NEO B2 CAPACITOR,7/3/2026 7:38,7/7/2026 17:15,7/15/2026 17:25,8,7/17/2026 0:00,11664,1664,10000
NEO,PSL B2,DummyEnd,Ta NEO Capacitor PSL series B2 case,6G17N08782,N,TEPSLB21E156M8RFT,NEO B2 CAPACITOR,7/3/2026 7:39,7/7/2026 1:04,7/16/2026 19:57,9.8,7/17/2026 0:00,11664,1182,12000
NEO,PSL B2,DummyEnd,Ta NEO Capacitor PSL series B2 case,6G17N08783,N,TEPSLB21E156M8RFT,NEO B2 CAPACITOR,7/3/2026 7:39,7/7/2026 1:04,7/15/2026 6:16,8.2,7/17/2026 0:00,11664,1664,10000
NEO,PSL B2,DummyEnd,Ta NEO Capacitor PSL series B2 case,6G17N08784,N,TEPSLB21E156M8RFT,NEO B2 CAPACITOR,7/3/2026 7:39,7/7/2026 4:51,7/16/2026 21:33,9.7,7/17/2026 0:00,11598,1941,10000
NEO,PSL B2,DummyEnd,Ta NEO Capacitor PSL series B2 case,6G17N08785,N,TEPSLB21E156M8RFT,NEO B2 CAPACITOR,7/3/2026 7:39,7/6/2026 12:36,7/15/2026 18:33,9.3,7/17/2026 0:00,11664,1664,10000
NEO,PSL B2,DummyEnd,Ta NEO Capacitor PSL series B2 case,6G17N08786,N,TEPSLB21E156M8RFT,NEO B2 CAPACITOR,7/3/2026 7:39,7/7/2026 4:50,7/16/2026 10:39,9.3,7/17/2026 0:00,11664,2810,10000
NEO,PSL B2,DummyEnd,Ta NEO Capacitor PSL series B2 case,6G17N08787,N,TEPSLB21E156M8RFT,NEO B2 CAPACITOR,7/3/2026 7:39,7/7/2026 4:50,7/16/2026 6:35,9.1,7/17/2026 0:00,11664,1664,10000
NEO,PSL B2,DummyEnd,Ta NEO Capacitor PSL series B2 case,6G17N08788,N,TEPSLB21E156M8RFT,NEO B2 CAPACITOR,7/3/2026 7:39,7/8/2026 15:27,7/16/2026 21:32,8.3,7/17/2026 0:00,11664,842,12000
NEO,PSL B2,DummyEnd,Ta NEO Capacitor PSL series B2 case,6G17N08789,N,TEPSLB21E156M8RFT,NEO B2 CAPACITOR,7/3/2026 7:39,7/8/2026 17:08,7/16/2026 19:56,8.1,7/17/2026 0:00,11664,1664,10000
NEO,PSL B2,DummyEnd,Ta NEO Capacitor PSL series B2 case,6G17N08790,N,TEPSLB21E156M8RFT,NEO B2 CAPACITOR,7/3/2026 7:39,7/8/2026 18:58,7/17/2026 8:53,8.6,7/17/2026 0:00,11588,704,12000
NEO,PSL B2,DummyEnd,Ta NEO Capacitor PSL series B2 case,6G17N08792,N,TEPSLB21E156M1008RKT2,NEO B2 CAPACITOR,7/3/2026 7:40,7/7/2026 22:42,7/16/2026 6:31,8.3,7/17/2026 0:00,11664,786,12000
NEO,PSL B2,DummyEnd,Ta NEO Capacitor PSL series B2 case,6G17N08793,N,TEPSLB21E156M1008RKT2,NEO B2 CAPACITOR,7/3/2026 7:40,7/7/2026 22:42,7/16/2026 19:52,8.9,7/17/2026 0:00,11520,756,12000
NEO,PSL B2,DummyEnd,Ta NEO Capacitor PSL series B2 case,6G17N08795,N,TEPSLB21E156M1008RKT2,NEO B2 CAPACITOR,7/3/2026 7:40,7/7/2026 22:42,7/15/2026 21:28,8,7/17/2026 0:00,11664,1091,12000
NEO,PSL B2,DummyEnd,Ta NEO Capacitor PSL series B2 case,6G17N08796,N,TEPSLB21E156M1008RKT2,NEO B2 CAPACITOR,7/3/2026 7:40,7/7/2026 22:42,7/17/2026 10:39,9.5,7/17/2026 0:00,11530,2560,10000
NEO,PSL B2,DummyEnd,Ta NEO Capacitor PSL series B2 case,6G17N08797,N,TEPSLB21E156M1008RKT2,NEO B2 CAPACITOR,7/3/2026 7:40,7/6/2026 2:09,7/14/2026 10:00,8.3,7/17/2026 0:00,11664,946,12000
NEO,PSL B2,DummyEnd,Ta NEO Capacitor PSL series B2 case,6G17N08798,N,TEPSLB21E156M1008RKT2,NEO B2 CAPACITOR,7/3/2026 7:40,7/6/2026 2:11,7/15/2026 18:32,9.7,7/17/2026 0:00,11664,2910,10000
NEO,PSL B2,DummyEnd,Ta NEO Capacitor PSL series B2 case,6G17N08799,N,TEPSLB21E156M1008RKT2,NEO B2 CAPACITOR,7/3/2026 7:40,7/6/2026 2:11,7/16/2026 10:41,10.3,7/17/2026 0:00,11664,1664,10000
NEO,PSL B2,DummyEnd,Ta NEO Capacitor PSL series B2 case,6G17N08800,N,TEPSLB21E156M1008RKT2,NEO B2 CAPACITOR,7/3/2026 7:41,7/6/2026 3:45,7/15/2026 18:35,9.6,7/17/2026 0:00,11664,3237,10000
NEO,PSL B2,DummyEnd,Ta NEO Capacitor PSL series B2 case,6G17N08801,N,TEPSLB21E156M1008RKT2,NEO B2 CAPACITOR,7/3/2026 7:41,7/6/2026 3:46,7/15/2026 21:26,9.8,7/17/2026 0:00,11664,1664,10000
NEO,PSL B2,DummyEnd,Ta NEO Capacitor PSL series B2 case,6G17N08802,N,TEPSLB21E156M1008RKT2,NEO B2 CAPACITOR,7/3/2026 7:41,7/6/2026 3:46,7/16/2026 17:20,10.6,7/17/2026 0:00,11664,1500,12000
NEO,PSL B2,DummyEnd,Ta NEO Capacitor PSL series B2 case,6G17N08803,N,TEPSLB21E156M1008RKT2,NEO B2 CAPACITOR,7/3/2026 7:41,7/7/2026 17:19,7/15/2026 14:32,7.9,7/17/2026 0:00,11664,2668,10000
NEO,PSL B2,DummyEnd,Ta NEO Capacitor PSL series B2 case,6G17N08804,N,TEPSLB21E156M1008RKT2,NEO B2 CAPACITOR,7/3/2026 7:42,7/7/2026 18:29,7/16/2026 6:18,8.5,7/17/2026 0:00,11664,1289,12000
NEO,PSL B2,DummyEnd,Ta NEO Capacitor PSL series B2 case,6G17N08805,N,TEPSLB21E156M1008RKT2,NEO B2 CAPACITOR,7/3/2026 7:42,7/7/2026 20:06,7/16/2026 19:57,9,7/17/2026 0:00,11664,981,12000
NEO,PSL B2,DummyEnd,Ta NEO Capacitor PSL series B2 case,6G17N08806,N,TEPSLB21E156M1008RKT2,NEO B2 CAPACITOR,7/3/2026 7:42,7/6/2026 12:37,7/16/2026 15:52,10.1,7/17/2026 0:00,11664,424,12000
NEO,PSL B2,DummyEnd,Ta NEO Capacitor PSL series B2 case,6G17N08807,N,TEPSLB21E156M1008RKT2,NEO B2 CAPACITOR,7/3/2026 7:42,7/6/2026 12:37,7/15/2026 13:31,9,7/17/2026 0:00,11664,1664,10000
NEO,PSL B2,DummyEnd,Ta NEO Capacitor PSL series B2 case,6G17N08808,N,TEPSLB21E156M1008RKT2,NEO B2 CAPACITOR,7/3/2026 7:42,7/6/2026 20:20,7/16/2026 15:52,9.8,7/17/2026 0:00,11633,1633,10000
NEO,PSL B2,DummyEnd,Ta NEO Capacitor PSL series B2 case,6G17N08809,N,TEPSLB21E156M1008RKT2,NEO B2 CAPACITOR,7/3/2026 7:43,7/6/2026 12:37,7/14/2026 9:59,7.9,7/17/2026 0:00,11664,2284,10000
NEO,PSL B2,DummyEnd,Ta NEO Capacitor PSL series B2 case,6G17N08810,N,TEPSLB21E156M1008RKT2,NEO B2 CAPACITOR,7/3/2026 7:43,7/6/2026 12:37,7/14/2026 21:30,8.4,7/17/2026 0:00,11664,1664,10000
NEO,PSL B2,DummyEnd,Ta NEO Capacitor PSL series B2 case,6G17N08811,N,TEPSLB21E156M1008RKT2,NEO B2 CAPACITOR,7/3/2026 7:43,7/7/2026 6:07,7/16/2026 20:24,9.6,7/17/2026 0:00,11625,2215,10000
NEO,PSL B2,DummyEnd,Ta NEO Capacitor PSL series B2 case,6G17N08812,N,TEPSLB21E156M1008RKT2,NEO B2 CAPACITOR,7/3/2026 7:43,7/8/2026 21:51,7/16/2026 15:50,7.8,7/17/2026 0:00,11664,885,12000
NEO,PSL B2,DummyEnd,Ta NEO Capacitor PSL series B2 case,6G17N08813,N,TEPSLB21E156M1008RKT2,NEO B2 CAPACITOR,7/3/2026 7:43,7/8/2026 22:19,7/17/2026 17:38,8.8,7/17/2026 0:00,11664,619,12000
NEO,PSL B2,DummyEnd,Ta NEO Capacitor PSL series B2 case,6G17N08814,N,TEPSLB21E156M1008RKT2,NEO B2 CAPACITOR,7/3/2026 7:43,7/8/2026 22:19,7/17/2026 11:08,8.5,7/17/2026 0:00,11619,1888,10000
NEO,PSL B2,DummyEnd,Ta NEO Capacitor PSL series B2 case,6G17N08815,N,TEPSLB21E156M1008RKT2,NEO B2 CAPACITOR,7/3/2026 7:43,7/8/2026 8:39,7/17/2026 9:34,9,7/17/2026 0:00,11664,2450,10000
NEO,PSL B2,DummyEnd,Ta NEO Capacitor PSL series B2 case,6G17N08816,N,TEPSLB21E156M1008RKT2,NEO B2 CAPACITOR,7/3/2026 7:43,7/8/2026 12:40,7/16/2026 21:32,8.4,7/17/2026 0:00,11664,878,12000
NEO,PSL B2,DummyEnd,Ta NEO Capacitor PSL series B2 case,6G17N08830,N,TEPSLB20J227M(25)8R,NEO B2 CAPACITOR,7/3/2026 7:45,7/7/2026 21:08,7/20/2026 3:40,12.3,7/17/2026 0:00,11664,1664,10000
NEO,PSL B2,DummyEnd,Ta NEO Capacitor PSL series B2 case,6G17N08831,N,TEPSLB20J227M(25)8R,NEO B2 CAPACITOR,7/3/2026 7:45,7/7/2026 21:08,7/19/2026 22:43,12,7/17/2026 0:00,11664,2477,10000
NEO,PSL B2,DummyEnd,Ta NEO Capacitor PSL series B2 case,6G17N08837,N,TEPSLB20J227M(25)8R,NEO B2 CAPACITOR,7/3/2026 7:46,7/8/2026 15:21,7/19/2026 21:37,11.3,7/17/2026 0:00,11664,1664,10000
NEO,PSL B2,DummyEnd,Ta NEO Capacitor PSL series B2 case,6G17N08842,N,TEPSLB20J227M(25)8R,NEO B2 CAPACITOR,7/3/2026 7:46,7/7/2026 22:30,7/19/2026 18:18,11.8,7/17/2026 0:00,11664,1664,10000
NEO,PSL B2,DummyEnd,Ta NEO Capacitor PSL series B2 case,6G17N08843,N,TEPSLB20J227M(25)8R,NEO B2 CAPACITOR,7/3/2026 7:46,7/7/2026 22:31,7/19/2026 18:30,11.8,7/17/2026 0:00,11664,1929,10000
NEO,PSL B2,DummyEnd,Ta NEO Capacitor PSL series B2 case,6G17N08844,N,TEPSLB20J227M(25)8R,NEO B2 CAPACITOR,7/3/2026 7:46,7/7/2026 22:31,7/19/2026 20:42,11.9,7/17/2026 0:00,11664,1664,10000
NEO,PSL B2,DummyEnd,Ta NEO Capacitor PSL series B2 case,6G17N08848,N,TEPSLB20J227M258RKT2,NEO B2 CAPACITOR,7/3/2026 7:47,7/5/2026 7:25,7/19/2026 11:16,14.2,7/17/2026 0:00,11664,1664,10000
NEO,PSL B2,DummyEnd,Ta NEO Capacitor PSL series B2 case,6G17N08851,N,TEPSLB20J227M258RKT2,NEO B2 CAPACITOR,7/3/2026 7:47,7/7/2026 3:44,7/19/2026 22:40,12.8,7/17/2026 0:00,11664,1664,10000
NEO,PSL B2,DummyEnd,Ta NEO Capacitor PSL series B2 case,6G17N08852,N,TEPSLB20J227M258RKT2,NEO B2 CAPACITOR,7/3/2026 7:47,7/7/2026 3:44,7/19/2026 18:37,12.6,7/17/2026 0:00,11664,1664,10000
NEO,PSL B2,DummyEnd,Ta NEO Capacitor PSL series B2 case,6G17N08853,N,TEPSLB20J227M258RKT2,NEO B2 CAPACITOR,7/3/2026 7:47,7/7/2026 3:44,7/19/2026 18:20,12.6,7/17/2026 0:00,11664,1664,10000
NEO,PSL B2,DummyEnd,Ta NEO Capacitor PSL series B2 case,6G17N08860,N,TEPSLB21A107M708RKT,NEO B2 CAPACITOR,7/3/2026 7:48,7/6/2026 4:22,7/17/2026 14:33,11.4,7/17/2026 0:00,11664,6461,6000
NEO,PSL B2,DummyEnd,Ta NEO Capacitor PSL series B2 case,6G17N08861,N,TEPSLB21A107M708RKT,NEO B2 CAPACITOR,7/3/2026 7:48,7/6/2026 4:23,7/17/2026 2:48,10.9,7/17/2026 0:00,11664,2427,10000
NEO,PSL B2,DummyEnd,Ta NEO Capacitor PSL series B2 case,6G17N08862,N,TEPSLB21A107M708RKT,NEO B2 CAPACITOR,7/3/2026 7:48,7/6/2026 4:23,7/16/2026 21:34,10.7,7/17/2026 0:00,11664,3664,8000
NEO,PSL B2,DummyEnd,Ta NEO Capacitor PSL series B2 case,6G17N08863,N,TEPSLB21A107M708RKT,NEO B2 CAPACITOR,7/3/2026 7:48,7/6/2026 20:15,7/18/2026 6:59,11.4,7/17/2026 0:00,11664,4275,8000
NEO,PSL B2,DummyEnd,Ta NEO Capacitor PSL series B2 case,6G17N08864,N,TEPSLB21A107M708RKT,NEO B2 CAPACITOR,7/3/2026 7:48,7/6/2026 20:15,7/17/2026 10:36,10.6,7/17/2026 0:00,11664,4399,8000
NEO,PSL B2,DummyEnd,Ta NEO Capacitor PSL series B2 case,6G17N08865,N,TEPSLB21A107M708RKT,NEO B2 CAPACITOR,7/3/2026 7:48,7/6/2026 20:18,7/18/2026 6:23,11.4,7/17/2026 0:00,11664,5664,6000
NEO,PSL B2,DummyEnd,Ta NEO Capacitor PSL series B2 case,6G17N08866,N,TEPSLB21A107M708RKT,NEO B2 CAPACITOR,7/3/2026 7:48,7/7/2026 13:16,7/17/2026 23:06,10.4,7/17/2026 0:00,11664,2414,10000
NEO,PSL B2,DummyEnd,Ta NEO Capacitor PSL series B2 case,6G17N08867,N,TEPSLB21A107M708RKT,NEO B2 CAPACITOR,7/3/2026 7:49,7/7/2026 13:16,7/18/2026 19:32,11.3,7/17/2026 0:00,11664,1664,10000
NEO,PSL B2,DummyEnd,Ta NEO Capacitor PSL series B2 case,6G17N08868,N,TEPSLB21A107M708RKT,NEO B2 CAPACITOR,7/3/2026 7:49,7/8/2026 13:20,7/17/2026 23:13,9.4,7/17/2026 0:00,11501,2561,10000
NEO,PSL B2,DummyEnd,Ta NEO Capacitor PSL series B2 case,6G19N10031,N,TEPSLB20J157M18HF8R,NEO B2 CAPACITOR,7/6/2026 9:09,7/10/2026 15:58,7/19/2026 23:22,9.3,7/19/2026 0:00,11664,1004,12000
NEO,PSL B2,DummyEnd,Ta NEO Capacitor PSL series B2 case,6G19N10034,N,TEPSLB20J157M18HF8R,NEO B2 CAPACITOR,7/6/2026 9:09,7/10/2026 17:48,7/19/2026 19:53,9.1,7/19/2026 0:00,11664,659,12000
NEO,PSL B2,DummyEnd,Ta NEO Capacitor PSL series B2 case,6G19N10035,N,TEPSLB20J157M18HF8R,NEO B2 CAPACITOR,7/6/2026 9:09,7/10/2026 18:48,7/19/2026 8:41,8.6,7/19/2026 0:00,11664,1664,10000
NEO,PSL B2,DummyEnd,Ta NEO Capacitor PSL series B2 case,6G19N10036,N,TEPSLB20J157M18HF8R,NEO B2 CAPACITOR,7/6/2026 9:09,7/10/2026 19:42,7/20/2026 3:48,9.3,7/19/2026 0:00,11664,1664,10000
NEO,PSL B2,DummyEnd,Ta NEO Capacitor PSL series B2 case,6G19N10037,N,TEPSLB20J157M18HF8R,NEO B2 CAPACITOR,7/6/2026 9:09,7/10/2026 10:19,7/19/2026 6:23,8.8,7/19/2026 0:00,11664,1664,10000
NEO,PSL B2,DummyEnd,Ta NEO Capacitor PSL series B2 case,6G19N10038,N,TEPSLB20J157M18HF8R,NEO B2 CAPACITOR,7/6/2026 9:09,7/10/2026 15:06,7/19/2026 11:14,8.8,7/19/2026 0:00,11664,1664,10000
NEO,PSL B2,DummyEnd,Ta NEO Capacitor PSL series B2 case,6G19N10039,N,TEPSLB20J157M18HF8R,NEO B2 CAPACITOR,7/6/2026 9:10,7/10/2026 13:11,7/19/2026 22:45,9.4,7/19/2026 0:00,11664,1664,10000
NEO,PSL B2,DummyEnd,Ta NEO Capacitor PSL series B2 case,6G19N10040,N,TEPSLB20J157M18HF8R,NEO B2 CAPACITOR,7/6/2026 9:10,7/10/2026 2:03,7/19/2026 5:28,9.1,7/19/2026 0:00,11664,905,12000
NEO,PSL B2,DummyEnd,Ta NEO Capacitor PSL series B2 case,6G19N10041,N,TEPSLB20J157M18HF8R,NEO B2 CAPACITOR,7/6/2026 9:10,7/10/2026 3:28,7/19/2026 3:22,9,7/19/2026 0:00,11664,1664,10000
NEO,PSL B2,DummyEnd,Ta NEO Capacitor PSL series B2 case,6G19N10043,N,TEPSLB20J157M18HF8R,NEO B2 CAPACITOR,7/6/2026 9:10,7/10/2026 13:05,7/20/2026 3:59,9.6,7/19/2026 0:00,11664,813,12000
NEO,PSL B2,DummyEnd,Ta NEO Capacitor PSL series B2 case,6G19N10044,N,TEPSLB20J157M18HF8R,NEO B2 CAPACITOR,7/6/2026 9:10,7/10/2026 13:35,7/18/2026 23:20,8.4,7/19/2026 0:00,11664,1664,10000
NEO,PSL B2,DummyEnd,Ta NEO Capacitor PSL series B2 case,6G19N10047,N,TEPSLB20J157M18HF8R,NEO B2 CAPACITOR,7/6/2026 9:10,7/11/2026 1:09,7/19/2026 21:34,8.8,7/19/2026 0:00,11664,2348,10000
NEO,PSL B2,DummyEnd,Ta NEO Capacitor PSL series B2 case,6G19N10048,N,TEPSLB20J157M18HF8R,NEO B2 CAPACITOR,7/6/2026 9:10,7/11/2026 1:10,7/19/2026 23:20,8.9,7/19/2026 0:00,11664,1664,10000
NEO,PSL B2,DummyEnd,Ta NEO Capacitor PSL series B2 case,6G19N10053,N,TEPSLB20J157M(35)8R,NEO B2 CAPACITOR,7/6/2026 9:11,7/11/2026 2:06,7/19/2026 20:48,8.8,7/19/2026 0:00,11664,1022,12000
NEO,PSL B2,DummyEnd,Ta NEO Capacitor PSL series B2 case,6G19N10056,N,TEPSLB20J157M(35)8R,NEO B2 CAPACITOR,7/6/2026 9:11,7/10/2026 17:05,7/19/2026 23:19,9.3,7/19/2026 0:00,11664,1664,10000
NEO,PSL B2,DummyEnd,Ta NEO Capacitor PSL series B2 case,6G19N10073,N,TEPSLB20J157M(45)8R,NEO B2 CAPACITOR,7/6/2026 9:12,7/11/2026 10:03,7/20/2026 3:45,8.7,7/19/2026 0:00,11664,1664,10000
NEO,PSL B2,DummyEnd,Ta NEO Capacitor PSL series B2 case,6G19N10075,N,TEPSLB20J157M(45)8R,NEO B2 CAPACITOR,7/6/2026 9:13,7/11/2026 10:03,7/20/2026 3:46,8.7,7/19/2026 0:00,11664,1079,12000
NEO,PSL B2,DummyEnd,Ta NEO Capacitor PSL series B2 case,6G19N10080,N,TEPSLB20J157M(45)8R,NEO B2 CAPACITOR,7/6/2026 9:13,7/10/2026 0:35,7/19/2026 22:44,9.9,7/19/2026 0:00,11664,1664,10000
NEO,PSL B2,DummyEnd,Ta NEO Capacitor PSL series B2 case,6G19N10086,N,TEPSLB21E156M8R,NEO B2 CAPACITOR,7/6/2026 9:13,7/11/2026 18:02,7/19/2026 23:14,8.2,7/19/2026 0:00,11664,1664,10000
NEO,PSL B2,DummyEnd,Ta NEO Capacitor PSL series B2 case,6G19N10088,N,TEPSLB21E156M8R,NEO B2 CAPACITOR,7/6/2026 9:14,7/11/2026 0:51,7/18/2026 22:28,7.9,7/19/2026 0:00,11664,1664,10000
NEO,PSL B2,DummyEnd,Ta NEO Capacitor PSL series B2 case,6G19N10089,N,TEPSLB21E156M8R,NEO B2 CAPACITOR,7/6/2026 9:14,7/11/2026 3:18,7/19/2026 8:46,8.2,7/19/2026 0:00,11664,1664,10000
NEO,PSL B2,DummyEnd,Ta NEO Capacitor PSL series B2 case,6G19N10090,N,TEPSLB21E156M8R,NEO B2 CAPACITOR,7/6/2026 9:14,7/11/2026 3:18,7/19/2026 3:30,8,7/19/2026 0:00,11633,916,12000
NEO,PSL B2,DummyEnd,Ta NEO Capacitor PSL series B2 case,6G19N10095,N,TEPSLB21E156M8RFT,NEO B2 CAPACITOR,7/6/2026 9:14,7/11/2026 5:51,7/19/2026 18:28,8.5,7/19/2026 0:00,11664,1664,10000
NEO,PSL B2,DummyEnd,Ta NEO Capacitor PSL series B2 case,6G19N10096,N,TEPSLB21E156M8RFT,NEO B2 CAPACITOR,7/6/2026 9:14,7/11/2026 5:51,7/19/2026 8:37,8.1,7/19/2026 0:00,11664,1664,10000
NEO,PSL B2,DummyEnd,Ta NEO Capacitor PSL series B2 case,6G19N10097,N,TEPSLB21E156M8RFT,NEO B2 CAPACITOR,7/6/2026 9:14,7/10/2026 21:15,7/18/2026 20:54,8,7/19/2026 0:00,11664,778,12000
NEO,PSL B2,DummyEnd,Ta NEO Capacitor PSL series B2 case,6G19N10099,N,TEPSLB21E156M8RFT,NEO B2 CAPACITOR,7/6/2026 9:15,7/11/2026 1:36,7/19/2026 3:38,8.1,7/19/2026 0:00,11664,883,12000
NEO,PSL B2,DummyEnd,Ta NEO Capacitor PSL series B2 case,6G19N10100,N,TEPSLB21E156M8RFT,NEO B2 CAPACITOR,7/6/2026 9:15,7/12/2026 2:17,7/19/2026 19:20,7.7,7/19/2026 0:00,11664,1001,12000
NEO,PSL B2,DummyEnd,Ta NEO Capacitor PSL series B2 case,6G19N10103,N,TEPSLB21E156M8RFT,NEO B2 CAPACITOR,7/6/2026 9:15,7/10/2026 13:11,7/18/2026 21:54,8.3,7/19/2026 0:00,11664,1664,10000
NEO,PSL B2,DummyEnd,Ta NEO Capacitor PSL series B2 case,6G19N10104,N,TEPSLB21E156M8RFT,NEO B2 CAPACITOR,7/6/2026 9:15,7/10/2026 13:11,7/18/2026 10:11,7.9,7/19/2026 0:00,11664,1664,10000
NEO,PSL B2,DummyEnd,Ta NEO Capacitor PSL series B2 case,6G19N10105,N,TEPSLB21E156M8RFT,NEO B2 CAPACITOR,7/6/2026 9:15,7/10/2026 13:11,7/19/2026 10:28,8.9,7/19/2026 0:00,11572,3572,8000
NEO,PSL B2,DummyEnd,Ta NEO Capacitor PSL series B2 case,6G19N10106,N,TEPSLB21E156M1008RKT2,NEO B2 CAPACITOR,7/6/2026 9:15,7/10/2026 4:14,7/18/2026 11:22,8.3,7/19/2026 0:00,11664,814,12000
NEO,PSL B2,DummyEnd,Ta NEO Capacitor PSL series B2 case,6G19N10107,N,TEPSLB21E156M1008RKT2,NEO B2 CAPACITOR,7/6/2026 9:15,7/10/2026 6:48,7/18/2026 10:19,8.2,7/19/2026 0:00,11664,976,12000
NEO,PSL B2,DummyEnd,Ta NEO Capacitor PSL series B2 case,6G19N10109,N,TEPSLB21E156M1008RKT2,NEO B2 CAPACITOR,7/6/2026 9:15,7/9/2026 16:15,7/18/2026 10:20,8.8,7/19/2026 0:00,11664,681,12000
NEO,PSL B2,DummyEnd,Ta NEO Capacitor PSL series B2 case,6G19N10110,N,TEPSLB21E156M1008RKT2,NEO B2 CAPACITOR,7/6/2026 9:15,7/9/2026 17:12,7/17/2026 23:12,8.3,7/19/2026 0:00,11664,2155,10000
NEO,PSL B2,DummyEnd,Ta NEO Capacitor PSL series B2 case,6G19N10111,N,TEPSLB21E156M1008RKT2,NEO B2 CAPACITOR,7/6/2026 9:16,7/9/2026 17:12,7/17/2026 23:13,8.3,7/19/2026 0:00,11664,1033,12000
NEO,PSL B2,DummyEnd,Ta NEO Capacitor PSL series B2 case,6G19N10116,N,TEPSLB21E156M1008RKT2,NEO B2 CAPACITOR,7/6/2026 9:16,7/9/2026 22:01,7/18/2026 10:11,8.5,7/19/2026 0:00,11664,1664,10000
NEO,PSL B2,DummyEnd,Ta NEO Capacitor PSL series B2 case,6G19N10117,N,TEPSLB21E156M1008RKT2,NEO B2 CAPACITOR,7/6/2026 9:16,7/10/2026 1:11,7/18/2026 6:20,8.2,7/19/2026 0:00,11664,1560,12000
NEO,PSL B2,DummyEnd,Ta NEO Capacitor PSL series B2 case,6G19N10118,N,TEPSLB21E156M1008RKT2,NEO B2 CAPACITOR,7/6/2026 9:16,7/10/2026 4:15,7/18/2026 10:34,8.3,7/19/2026 0:00,11611,2104,10000
NEO,PSL B2,DummyEnd,Ta NEO Capacitor PSL series B2 case,6G19N10119,N,TEPSLB21E156M1008RKT2,NEO B2 CAPACITOR,7/6/2026 9:16,7/9/2026 22:01,7/17/2026 17:30,7.8,7/19/2026 0:00,11664,2846,10000
NEO,PSL B2,DummyEnd,Ta NEO Capacitor PSL series B2 case,6G19N10120,N,TEPSLB21E156M1008RKT2,NEO B2 CAPACITOR,7/6/2026 9:16,7/10/2026 1:10,7/18/2026 11:17,8.4,7/19/2026 0:00,11664,1531,12000
NEO,PSL B2,DummyEnd,Ta NEO Capacitor PSL series B2 case,6G19N10121,N,TEPSLB21E156M1008RKT2,NEO B2 CAPACITOR,7/6/2026 9:16,7/10/2026 2:03,7/18/2026 16:41,8.6,7/19/2026 0:00,11664,2419,10000
NEO,PSL B2,DummyEnd,Ta NEO Capacitor PSL series B2 case,6G19N10128,N,TEPSLB21E156M1008RKT2,NEO B2 CAPACITOR,7/6/2026 9:17,7/10/2026 17:05,7/18/2026 15:34,7.9,7/19/2026 0:00,11664,1664,10000
NEO,PSL B2,DummyEnd,Ta NEO Capacitor PSL series B2 case,6G19N10129,N,TEPSLB21E156M1008RKT2,NEO B2 CAPACITOR,7/6/2026 9:17,7/10/2026 17:08,7/19/2026 8:36,8.6,7/19/2026 0:00,11664,1838,10000
NEO,PSL B2,DummyEnd,Ta NEO Capacitor PSL series B2 case,6G19N10130,N,TEPSLB21E156M1008RKT2,NEO B2 CAPACITOR,7/6/2026 9:17,7/10/2026 17:08,7/18/2026 19:32,8.1,7/19/2026 0:00,11533,524,12000
NEO,PSL B2,DummyEnd,Ta NEO Capacitor PSL series B2 case,6G19N10131,N,TEPSLB21E156M1008RKT2,NEO B2 CAPACITOR,7/6/2026 9:17,7/9/2026 19:40,7/17/2026 15:27,7.8,7/19/2026 0:00,11664,1481,12000
NEO,PSL B2,DummyEnd,Ta NEO Capacitor PSL series B2 case,6G19N10132,N,TEPSLB21E156M1008RKT2,NEO B2 CAPACITOR,7/6/2026 9:17,7/9/2026 20:35,7/17/2026 22:24,8.1,7/19/2026 0:00,11664,1664,10000
NEO,PSL B2,DummyEnd,Ta NEO Capacitor PSL series B2 case,6G19N10133,N,TEPSLB21E156M1008RKT2,NEO B2 CAPACITOR,7/6/2026 9:17,7/10/2026 1:10,7/18/2026 10:30,8.4,7/19/2026 0:00,11664,2157,10000
NEO,PSL B2,DummyEnd,Ta NEO Capacitor PSL series B2 case,6G19N10134,N,TEPSLB21E156M1008RKT2,NEO B2 CAPACITOR,7/6/2026 9:17,7/11/2026 9:10,7/19/2026 20:41,8.5,7/19/2026 0:00,11664,718,12000
NEO,PSL B2,DummyEnd,Ta NEO Capacitor PSL series B2 case,6G19N10166,N,TEPSLB21E156M1008RKT2,NEO B2 CAPACITOR,7/6/2026 9:25,7/11/2026 9:11,7/19/2026 3:42,7.8,7/19/2026 0:00,11479,1479,10000
NEO,PSL B2,DummyEnd,Ta NEO Capacitor PSL series B2 case,6G19N10168,N,TEPSLB21E156M1008RKT2,NEO B2 CAPACITOR,7/6/2026 9:26,7/10/2026 13:40,7/18/2026 23:10,8.4,7/19/2026 0:00,11664,1304,12000
NEO,PSL B2,DummyEnd,Ta NEO Capacitor PSL series B2 case,6G19N10169,N,TEPSLB21E156M1008RKT2,NEO B2 CAPACITOR,7/6/2026 9:26,7/10/2026 13:40,7/19/2026 3:43,8.6,7/19/2026 0:00,11645,1645,10000
NEO,PSL B2,DummyEnd,Ta NEO Capacitor PSL series B2 case,6G19N10171,N,TEPSLB21E156M1008RKT2,NEO B2 CAPACITOR,7/6/2026 9:26,7/12/2026 3:39,7/19/2026 21:26,7.8,7/19/2026 0:00,11664,2065,10000
NEO,PSL B2,DummyEnd,Ta NEO Capacitor PSL series B2 case,6G19N10173,N,TEPSLB21E156M1008RKT2,NEO B2 CAPACITOR,7/6/2026 9:26,7/10/2026 21:45,7/19/2026 18:23,8.9,7/19/2026 0:00,11664,1069,12000
NEO,PSL B2,DummyEnd,Ta NEO Capacitor PSL series B2 case,6G19N10174,N,TEPSLB21E156M1008RKT2,NEO B2 CAPACITOR,7/6/2026 9:26,7/11/2026 1:37,7/19/2026 9:37,8.3,7/19/2026 0:00,11664,1629,12000
NEO,PSL B2,DummyEnd,Ta NEO Capacitor PSL series B2 case,6G19N10179,N,TEPSLB21A107M708RKT,NEO B2 CAPACITOR,7/6/2026 9:27,7/10/2026 7:47,7/19/2026 21:32,9.6,7/19/2026 0:00,11664,1664,10000
NEO,PSL B2,DummyEnd,Ta NEO Capacitor PSL series B2 case,6G21N10600,N,TEPSLB21E156M8R,NEO B2 CAPACITOR,7/7/2026 8:11,7/11/2026 13:18,7/19/2026 22:44,8.4,7/21/2026 0:00,11664,1664,10000
NEO,PSL B2,DummyEnd,Ta NEO Capacitor PSL series B2 case,6G21N10601,N,TEPSLB21E156M8R,NEO B2 CAPACITOR,7/7/2026 8:11,7/11/2026 13:18,7/19/2026 8:40,7.8,7/21/2026 0:00,11664,1886,10000
NEO,PSL B2,DummyEnd,Ta NEO Capacitor PSL series B2 case,6G21N10602,N,TEPSLB21E156M8R,NEO B2 CAPACITOR,7/7/2026 8:11,7/11/2026 13:18,7/19/2026 20:24,8.3,7/21/2026 0:00,11507,1507,10000
NEO,PSL B2,DummyEnd,Ta NEO Capacitor PSL series B2 case,6G21N10615,N,TEPSLB21E156M8RFT,NEO B2 CAPACITOR,7/7/2026 8:12,7/12/2026 2:47,7/20/2026 3:20,8,7/21/2026 0:00,11664,1664,10000
NEO,PSL B2,DummyEnd,Ta NEO Capacitor PSL series B2 case,6G21N10616,N,TEPSLB21E156M8RFT,NEO B2 CAPACITOR,7/7/2026 8:13,7/12/2026 2:47,7/20/2026 4:03,8.1,7/21/2026 0:00,11664,1664,10000
NEO,PSL B2,DummyEnd,Ta NEO Capacitor PSL series B2 case,6G21N10621,N,TEPSLB21E156M1008RKT2,NEO B2 CAPACITOR,7/7/2026 8:13,7/11/2026 6:22,7/19/2026 19:04,8.5,7/21/2026 0:00,11664,1194,12000
NEO,PSL B2,DummyEnd,Ta NEO Capacitor PSL series B2 case,6G21N10622,N,TEPSLB21E156M1008RKT2,NEO B2 CAPACITOR,7/7/2026 8:13,7/11/2026 5:57,7/19/2026 9:32,8.2,7/21/2026 0:00,11664,342,12000
NEO,PSL B2,DummyEnd,Ta NEO Capacitor PSL series B2 case,6G21N10623,N,TEPSLB21E156M1008RKT2,NEO B2 CAPACITOR,7/7/2026 8:13,7/11/2026 5:56,7/19/2026 9:31,8.2,7/21/2026 0:00,11573,2584,10000
NEO,PSL B2,DummyEnd,Ta NEO Capacitor PSL series B2 case,6G21N10627,N,TEPSLB21E156M1008RKT2,NEO B2 CAPACITOR,7/7/2026 8:14,7/11/2026 13:53,7/19/2026 10:29,7.9,7/21/2026 0:00,11664,674,12000
NEO,PSL B2,DummyEnd,Ta NEO Capacitor PSL series B2 case,6G21N10628,N,TEPSLB21E156M1008RKT2,NEO B2 CAPACITOR,7/7/2026 8:14,7/11/2026 13:53,7/19/2026 18:45,8.2,7/21/2026 0:00,11664,2107,10000
NEO,PSL B2,DummyEnd,Ta NEO Capacitor PSL series B2 case,6G21N10629,N,TEPSLB21E156M1008RKT2,NEO B2 CAPACITOR,7/7/2026 8:14,7/11/2026 13:54,7/19/2026 23:18,8.4,7/21/2026 0:00,11664,1664,10000
NEO,PSL B2,DummyEnd,Ta NEO Capacitor PSL series B2 case,6G21N10633,N,TEPSLB20J227M258RKT2,NEO B2 CAPACITOR,7/7/2026 8:14,7/9/2026 2:40,7/19/2026 20:38,10.8,7/21/2026 0:00,11664,1664,10000
NEO,PSL B2,DummyEnd,Ta NEO Capacitor PSL series B2 case,6G21N10634,N,TEPSLB20J227M258RKT2,NEO B2 CAPACITOR,7/7/2026 8:14,7/8/2026 22:16,7/19/2026 19:07,10.9,7/21/2026 0:00,11664,858,12000
NEO,PSL B2,DummyEnd,Ta NEO Capacitor PSL series B2 case,6G21N10639,N,TEPSLB20J227M258RKT2,NEO B2 CAPACITOR,7/7/2026 8:15,7/8/2026 16:02,7/19/2026 21:26,11.2,7/21/2026 0:00,11664,2015,10000
NEO,PSL B2,DummyEnd,Ta NEO Capacitor PSL series B2 case,6G21N10640,N,TEPSLB20J227M258RKT2,NEO B2 CAPACITOR,7/7/2026 8:15,7/8/2026 19:30,7/19/2026 19:16,11,7/21/2026 0:00,11664,1997,10000
NEO,PSL B2,DummyEnd,Ta NEO Capacitor PSL series B2 case,6G21N10641,N,TEPSLB20J227M258RKT2,NEO B2 CAPACITOR,7/7/2026 8:15,7/8/2026 19:51,7/19/2026 10:30,10.6,7/21/2026 0:00,11657,1657,10000
NEO,PSL B2,DummyEnd,Ta NEO Capacitor PSL series B2 case,6G21N10642,N,TEPSLB20J227M258RKT2,NEO B2 CAPACITOR,7/7/2026 8:15,7/8/2026 10:19,7/19/2026 21:28,11.5,7/21/2026 0:00,11664,905,12000
NEO,PSL B2,DummyEnd,Ta NEO Capacitor PSL series B2 case,6G21N10643,N,TEPSLB20J227M258RKT2,NEO B2 CAPACITOR,7/7/2026 8:15,7/8/2026 12:54,7/19/2026 22:48,11.4,7/21/2026 0:00,11664,1664,10000
NEO,PSL B2,DummyEnd,Ta NEO Capacitor PSL series B2 case,6G21N10644,N,TEPSLB20J227M258RKT2,NEO B2 CAPACITOR,7/7/2026 8:15,7/8/2026 13:37,7/19/2026 23:20,11.4,7/21/2026 0:00,11651,1313,12000
NEO,PSL B2,DummyEnd,Ta NEO Capacitor PSL series B2 case,6G21N10648,N,TEPSLB20J227M258RKT2,NEO B2 CAPACITOR,7/7/2026 8:15,7/8/2026 3:27,7/19/2026 19:14,11.7,7/21/2026 0:00,11664,1664,10000
NEO,PSL B2,DummyEnd,Ta NEO Capacitor PSL series B2 case,6G21N10649,N,TEPSLB20J227M258RKT2,NEO B2 CAPACITOR,7/7/2026 8:16,7/8/2026 3:27,7/19/2026 20:40,11.7,7/21/2026 0:00,11664,2775,10000
NEO,PSL B2,DummyEnd,Ta NEO Capacitor PSL series B2 case,6G21N10650,N,TEPSLB20J227M258RKT2,NEO B2 CAPACITOR,7/7/2026 8:16,7/8/2026 3:27,7/19/2026 19:09,11.7,7/21/2026 0:00,11664,1664,10000
NEO,PSL B2,DummyEnd,Ta NEO Capacitor PSL series B2 case,6G21N10662,N,TEPSLB21E226M8R,NEO B2 CAPACITOR,7/7/2026 8:22,7/10/2026 3:29,7/18/2026 10:17,8.3,7/21/2026 0:00,11664,1664,10000
NEO,PSL B2,DummyEnd,Ta NEO Capacitor PSL series B2 case,6G21N10663,N,TEPSLB21E226M8R,NEO B2 CAPACITOR,7/7/2026 8:22,7/10/2026 13:32,7/18/2026 22:30,8.4,7/21/2026 0:00,11664,1664,10000
NEO,PSL B2,DummyEnd,Ta NEO Capacitor PSL series B2 case,6G22N10925,N,TEPSLB21E156M1008RKT2,NEO B2 CAPACITOR,7/8/2026 7:47,7/10/2026 20:42,7/18/2026 18:27,7.9,7/22/2026 0:00,11664,1350,12000
NEO,PSL B2,DummyEnd,Ta NEO Capacitor PSL series B2 case,6G22N10927,N,TEPSLB21E156M1008RKT2,NEO B2 CAPACITOR,7/8/2026 7:47,7/11/2026 5:13,7/19/2026 20:28,8.6,7/22/2026 0:00,11420,1420,10000
NEO,PSL B2,DummyEnd,Ta NEO Capacitor PSL series B2 case,6G22N10928,N,TEPSLB21E156M1008RKT2,NEO B2 CAPACITOR,7/8/2026 7:47,7/10/2026 4:15,7/18/2026 15:34,8.5,7/22/2026 0:00,11664,741,12000
NEO,PSL B2,DummyEnd,Ta NEO Capacitor PSL series B2 case,6G22N10929,N,TEPSLB21E156M1008RKT2,NEO B2 CAPACITOR,7/8/2026 7:48,7/10/2026 6:48,7/18/2026 18:28,8.5,7/22/2026 0:00,11664,1011,12000
NEO,PSL B2,DummyEnd,Ta NEO Capacitor PSL series B2 case,6G22N10930,N,TEPSLB21E156M1008RKT2,NEO B2 CAPACITOR,7/8/2026 7:48,7/10/2026 7:47,7/19/2026 11:21,9.2,7/22/2026 0:00,11540,2220,10000
NEO,PSL B2,DummyEnd,Ta NEO Capacitor PSL series B2 case,6G22N10931,N,TEPSLB21E156M1008RKT2,NEO B2 CAPACITOR,7/8/2026 7:48,7/10/2026 9:43,7/18/2026 19:34,8.4,7/22/2026 0:00,11664,2439,10000
NEO,PSL B2,DummyEnd,Ta NEO Capacitor PSL series B2 case,6G22N10932,N,TEPSLB21E156M1008RKT2,NEO B2 CAPACITOR,7/8/2026 7:48,7/10/2026 10:59,7/18/2026 15:33,8.2,7/22/2026 0:00,11664,1958,10000
NEO,PSL B2,DummyEnd,Ta NEO Capacitor PSL series B2 case,6G22N10933,N,TEPSLB21E156M1008RKT2,NEO B2 CAPACITOR,7/8/2026 7:48,7/10/2026 13:11,7/18/2026 21:49,8.3,7/22/2026 0:00,11651,859,12000
NEO,PSL B2,DummyEnd,Ta NEO Capacitor PSL series B2 case,6G22N10936,N,TEPSLB21E156M1008RKT2,NEO B2 CAPACITOR,7/8/2026 7:48,7/10/2026 12:27,7/19/2026 9:38,8.9,7/22/2026 0:00,11651,1651,10000
NEO,PSL B2,DummyEnd,Ta NEO Capacitor PSL series B2 case,6G23N11785,N,TEPSLB21E156M1008RKT2,NEO B2 CAPACITOR,7/9/2026 7:30,7/11/2026 16:32,7/19/2026 3:41,7.5,7/23/2026 0:00,11664,1664,10000
NEO,PSL B2,DummyEnd,Ta NEO Capacitor PSL series B2 case,6G23N11786,N,TEPSLB21E156M1008RKT2,NEO B2 CAPACITOR,7/9/2026 7:30,7/11/2026 16:32,7/19/2026 9:38,7.7,7/23/2026 0:00,11664,1664,10000
NEO,PSL B2,DummyEnd,Ta NEO Capacitor PSL series B2 case,6G23N11787,N,TEPSLB21E156M1008RKT2,NEO B2 CAPACITOR,7/9/2026 7:30,7/11/2026 16:32,7/19/2026 11:10,7.8,7/23/2026 0:00,11664,1024,12000
NEO,PSL B2,DummyEnd,Ta NEO Capacitor PSL series B2 case,6G23N11788,N,TEPSLB21E156M1008RKT2,NEO B2 CAPACITOR,7/9/2026 7:30,7/11/2026 13:52,7/18/2026 22:36,7.4,7/23/2026 0:00,11664,1892,10000
NEO,PSL B2,DummyEnd,Ta NEO Capacitor PSL series B2 case,6G23N11789,N,TEPSLB21E156M1008RKT2,NEO B2 CAPACITOR,7/9/2026 7:30,7/11/2026 13:53,7/19/2026 3:39,7.6,7/23/2026 0:00,11664,584,12000
NEO,PSL B2,DummyEnd,Ta NEO Capacitor PSL series B2 case,6G23N11790,N,TEPSLB21E156M1008RKT2,NEO B2 CAPACITOR,7/9/2026 7:30,7/11/2026 13:53,7/19/2026 18:41,8.2,7/23/2026 0:00,11606,590,12000
NEO,PSL B2,DummyEnd,Ta NEO Capacitor PSL series B2 case,6G23N11792,N,TEPSLB21E156M1008RKT2,NEO B2 CAPACITOR,7/9/2026 7:30,7/11/2026 18:00,7/20/2026 3:16,8.4,7/23/2026 0:00,11664,1672,10000
NEO,PSL B2,DummyEnd,Ta NEO Capacitor PSL series B2 case,6G23N11793,N,TEPSLB21E156M1008RKT2,NEO B2 CAPACITOR,7/9/2026 7:31,7/11/2026 18:00,7/19/2026 20:29,8.1,7/23/2026 0:00,11664,1664,10000
NEO,PSL B2,DummyEnd,Semi-Finished Good apply in Racking (BoL),6H00011,N,2212191829,TP- 1874MDTZF-2T,7/9/2026 12:52,7/9/2026 13:21,7/11/2026 15:11,2.1,8/1/2026 0:00,11664,0,11664
NEO,PSL B2,DummyEnd,Semi-Finished Good apply in Racking (BoL),6H00012,N,2212191829,TP- 1874MDTZF-2T,7/9/2026 12:53,7/9/2026 13:21,7/12/2026 14:32,3,8/1/2026 0:00,11664,0,11664
NEO,PSL B2,DummyEnd,Semi-Finished Good apply in Racking (BoL),6H00013,N,2212191829,TP- 1874MDTZF-2T,7/9/2026 12:53,7/9/2026 13:21,7/11/2026 15:11,2.1,8/1/2026 0:00,11664,0,11664
NEO,PSL B2,DummyEnd,Semi-Finished Good apply in Racking (BoL),6H00014,N,2212191829,TP- 1874MDTZF-2T,7/9/2026 12:53,7/9/2026 13:21,7/11/2026 15:10,2.1,8/1/2026 0:00,11664,26,11638
NEO,PSL B2,DummyEnd,Semi-Finished Good apply in Racking (BoL),6H00015,N,2212191829,TP- 1874MDTZF-2T,7/9/2026 12:53,7/9/2026 13:22,7/11/2026 15:11,2.1,8/1/2026 0:00,11664,0,11664
NEO,PSL B2,DummyEnd,Semi-Finished Good apply in Racking (BoL),6H00016,N,2212191829,TP- 1874MDTZF-2T,7/9/2026 12:53,7/9/2026 13:22,7/12/2026 14:32,3,8/1/2026 0:00,11664,6,11658
NEO,PSL B2,DummyEnd,Semi-Finished Good apply in Racking (BoL),6H00038,N,2212191829,TP- 1874MDTZF-2T,7/10/2026 2:37,7/10/2026 2:45,7/12/2026 14:32,2.5,8/1/2026 0:00,11664,0,11664
NEO,PSL B2,DummyEnd,Semi-Finished Good apply in Racking (BoL),6H00039,N,2212191829,TP- 1874MDTZF-2T,7/10/2026 2:37,7/10/2026 2:46,7/11/2026 15:11,1.5,8/1/2026 0:00,11664,16,11648
NEO,PSL B2,DummyEnd,Semi-Finished Good apply in Racking (BoL),6H00040,N,2212191829,TP- 1874MDTZF-2T,7/10/2026 2:38,7/10/2026 2:46,7/12/2026 14:32,2.5,8/1/2026 0:00,11664,0,11664
NEO,PSL B2,DummyEnd,Semi-Finished Good apply in Racking (BoL),6H00041,N,2212191829,TP- 1874MDTZF-2T,7/10/2026 2:38,7/10/2026 2:46,7/11/2026 15:10,1.5,8/1/2026 0:00,11664,0,11664
NEO,PSL B2,DummyEnd,Semi-Finished Good apply in Racking (BoL),6H00042,N,2212191829,TP- 1874MDTZF-2T,7/10/2026 2:38,7/10/2026 2:47,7/12/2026 14:32,2.5,8/1/2026 0:00,11664,0,11664
NEO,PSL B2,DummyEnd,Semi-Finished Good apply in Racking (BoL),6H00046,N,2212191829,TP- 1874MDTZF-2T,7/10/2026 14:53,7/10/2026 14:58,7/13/2026 18:55,3.2,8/1/2026 0:00,11664,43,11621
NEO,PSL B2,DummyEnd,Semi-Finished Good apply in Racking (BoL),6H00049,N,2212191829,TP- 1874MDTZF-2T,7/10/2026 15:35,7/10/2026 15:40,7/12/2026 14:31,2,8/1/2026 0:00,11664,25,11639
NEO,PSL B2,DummyEnd,Semi-Finished Good apply in Racking (BoL),6H00052,N,2212191829,TP- 1874MDTZF-2T,7/11/2026 2:13,7/11/2026 2:19,7/13/2026 18:55,2.7,8/1/2026 0:00,11664,32,11632
NEO,PSL B2,DummyEnd,Semi-Finished Good apply in Racking (BoL),6H00053,N,2212191829,TP- 1874MDTZF-2T,7/11/2026 2:13,7/11/2026 2:19,7/13/2026 18:54,2.7,8/1/2026 0:00,11664,0,11664
NEO,PSL B2,DummyEnd,Semi-Finished Good apply in Racking (BoL),6H00063,N,2212191829,TP- 1874MDTZF-2T,7/11/2026 4:58,7/11/2026 5:05,7/13/2026 18:54,2.5,8/1/2026 0:00,11664,0,11664
NEO,PSL B2,DummyEnd,Semi-Finished Good apply in Racking (BoL),6H00064,N,2212191829,TP- 1874MDTZF-2T,7/11/2026 4:58,7/11/2026 5:05,7/14/2026 13:03,3.3,8/2/2026 0:00,11664,0,11664
NEO,PSL B2,DummyEnd,Semi-Finished Good apply in Racking (BoL),6H00073,N,2212191829,TP- 1874MDTZF-2T,7/11/2026 13:20,7/11/2026 13:26,7/13/2026 18:55,2.2,8/2/2026 0:00,11664,0,11664
NEO,PSL B2,DummyEnd,Semi-Finished Good apply in Racking (BoL),6H00074,N,2212191829,TP- 1874MDTZF-2T,7/11/2026 13:21,7/11/2026 13:26,7/14/2026 13:04,3,8/2/2026 0:00,11664,0,11664
NEO,PSL B2,DummyEnd,Semi-Finished Good apply in Racking (BoL),6H00075,N,2212191829,TP- 1874MDTZF-2T,7/11/2026 13:21,7/11/2026 13:26,7/14/2026 13:05,3,8/2/2026 0:00,11664,0,11664
NEO,PSL B2,DummyEnd,Semi-Finished Good apply in Racking (BoL),6H00092,N,2212191829,TP- 1874MDTZF-2T,7/12/2026 2:03,7/12/2026 2:08,7/14/2026 13:05,2.5,8/2/2026 0:00,11664,12,11652
NEO,PSL B2,DummyEnd,Semi-Finished Good apply in Racking (BoL),6H00093,N,2212191829,TP- 1874MDTZF-2T,7/12/2026 2:03,7/12/2026 2:08,7/13/2026 18:54,1.7,8/2/2026 0:00,11664,78,11586
NEO,PSL B2,DummyEnd,Semi-Finished Good apply in Racking (BoL),6H00094,N,2212191829,TP- 1874MDTZF-2T,7/12/2026 2:03,7/12/2026 2:08,7/14/2026 13:05,2.5,8/2/2026 0:00,11664,53,11611
NEO,PSL B2,DummyEnd,Semi-Finished Good apply in Racking (BoL),6H00104,N,2212191829,TP- 1874MDTZF-2T,7/12/2026 2:47,7/12/2026 2:56,7/14/2026 13:04,2.5,8/2/2026 0:00,11664,0,11664
NEO,PSL B2,DummyEnd,Semi-Finished Good apply in Racking (BoL),6H00105,N,2212191829,TP- 1874MDTZF-2T,7/12/2026 2:47,7/12/2026 2:57,7/14/2026 13:04,2.5,8/2/2026 0:00,11664,0,11664
NEO,PSL B2,DummyEnd,Semi-Finished Good apply in Racking (BoL),6H00114,N,2212191829,TP- 1874MDTZF-2T,7/12/2026 14:15,7/12/2026 14:17,7/14/2026 13:04,2,8/2/2026 0:00,11664,0,11664
NEO,PSL B2,DummyEnd,Semi-Finished Good apply in Racking (BoL),6H00115,N,2212191829,TP- 1874MDTZF-2T,7/12/2026 14:15,7/12/2026 14:17,7/15/2026 17:58,3.1,8/2/2026 0:00,11664,0,11664
NEO,PSL B2,DummyEnd,Semi-Finished Good apply in Racking (BoL),6H00125,N,2212191829,TP- 1874MDTZF-2T,7/12/2026 20:13,7/12/2026 20:15,7/15/2026 17:59,2.9,8/2/2026 0:00,11664,42,11622
NEO,PSL B2,DummyEnd,Semi-Finished Good apply in Racking (BoL),6H00126,N,2212191829,TP- 1874MDTZF-2T,7/13/2026 1:42,7/13/2026 1:45,7/15/2026 17:57,2.7,8/2/2026 0:00,11664,0,11664
NEO,PSL B2,DummyEnd,Semi-Finished Good apply in Racking (BoL),6H00127,N,2212191829,TP- 1874MDTZF-2T,7/13/2026 1:42,7/13/2026 1:46,7/14/2026 13:05,1.5,8/2/2026 0:00,11664,0,11664
NEO,PSL B2,DummyEnd,Semi-Finished Good apply in Racking (BoL),6H00128,N,2212191829,TP- 1874MDTZF-2T,7/13/2026 3:27,7/13/2026 3:30,7/15/2026 17:59,2.6,8/2/2026 0:00,11664,0,11664
NEO,PSL B2,DummyEnd,Semi-Finished Good apply in Racking (BoL),6H00129,N,2212191829,TP- 1874MDTZF-2T,7/13/2026 3:27,7/13/2026 3:30,7/16/2026 15:25,3.5,8/3/2026 0:00,11664,0,11664
NEO,PSL B2,DummyEnd,Semi-Finished Good apply in Racking (BoL),6H00139,N,2212191829,TP- 1874MDTZF-2T,7/13/2026 12:43,7/13/2026 12:47,7/15/2026 17:58,2.2,8/3/2026 0:00,11664,23,11641
NEO,PSL B2,DummyEnd,Semi-Finished Good apply in Racking (BoL),6H00144,N,2212191829,TP- 1874MDTZF-2T,7/13/2026 13:26,7/13/2026 13:30,7/15/2026 17:57,2.2,8/3/2026 0:00,11664,0,11664
NEO,PSL B2,DummyEnd,Semi-Finished Good apply in Racking (BoL),6H00145,N,2212191829,TP- 1874MDTZF-2T,7/13/2026 13:26,7/13/2026 13:30,7/15/2026 17:57,2.2,8/3/2026 0:00,11664,0,11664
NEO,PSL B2,DummyEnd,Semi-Finished Good apply in Racking (BoL),6H00158,N,2212191829,TP- 1874MDTZF-2T,7/14/2026 3:56,7/14/2026 3:57,7/15/2026 17:56,1.6,8/3/2026 0:00,11664,0,11664
NEO,PSL B2,DummyEnd,Semi-Finished Good apply in Racking (BoL),6H00159,N,2212191829,TP- 1874MDTZF-2T,7/14/2026 3:56,7/14/2026 3:57,7/15/2026 17:58,1.6,8/3/2026 0:00,11664,11,11653
NEO,PSL B2,DummyEnd,Semi-Finished Good apply in Racking (BoL),6H00163,N,2212191829,TP- 1874MDTZF-2T,7/14/2026 4:07,7/14/2026 4:10,7/16/2026 15:24,2.5,8/3/2026 0:00,11664,0,11664
NEO,PSL B2,DummyEnd,Semi-Finished Good apply in Racking (BoL),6H00164,N,2212191829,TP- 1874MDTZF-2T,7/14/2026 4:07,7/14/2026 4:11,7/16/2026 15:24,2.5,8/3/2026 0:00,11664,0,11664
NEO,PSL B2,DummyEnd,Semi-Finished Good apply in Racking (BoL),6H00180,N,2212191829,TP- 1874MDTZF-2T,7/14/2026 13:36,7/14/2026 13:40,7/16/2026 15:27,2.1,8/3/2026 0:00,11664,0,11664
NEO,PSL B2,DummyEnd,Semi-Finished Good apply in Racking (BoL),6H00181,N,2212191829,TP- 1874MDTZF-2T,7/14/2026 13:36,7/14/2026 13:41,7/16/2026 15:27,2.1,8/3/2026 0:00,11664,0,11664
NEO,PSL B2,DummyEnd,Semi-Finished Good apply in Racking (BoL),6H00184,N,2212191829,TP- 1874MDTZF-2T,7/14/2026 13:48,7/14/2026 13:52,7/16/2026 15:20,2.1,8/3/2026 0:00,11664,26,11638
NEO,PSL B2,DummyEnd,Semi-Finished Good apply in Racking (BoL),6H00185,N,2212191829,TP- 1874MDTZF-2T,7/14/2026 13:48,7/14/2026 13:52,7/16/2026 15:20,2.1,8/3/2026 0:00,11664,0,11664
NEO,PSL B2,DummyEnd,Semi-Finished Good apply in Racking (BoL),6H00186,N,2212191829,TP- 1874MDTZF-2T,7/14/2026 13:48,7/14/2026 13:52,7/16/2026 15:20,2.1,8/3/2026 0:00,11664,0,11664
NEO,PSL B2,DummyEnd,Semi-Finished Good apply in Racking (BoL),6H00214,N,2212191829,TP- 1874MDTZF-2T,7/15/2026 1:14,7/15/2026 1:18,7/16/2026 15:27,1.6,8/3/2026 0:00,11664,0,11664
NEO,PSL B2,DummyEnd,Semi-Finished Good apply in Racking (BoL),6H00215,N,2212191829,TP- 1874MDTZF-2T,7/15/2026 1:15,7/15/2026 1:18,7/17/2026 15:31,2.6,8/3/2026 0:00,11664,13,11651
NEO,PSL B2,DummyEnd,Semi-Finished Good apply in Racking (BoL),6H00216,N,2212191829,TP- 1874MDTZF-2T,7/15/2026 1:15,7/15/2026 1:18,7/17/2026 15:31,2.6,8/3/2026 0:00,11664,0,11664
NEO,PSL B2,DummyEnd,Semi-Finished Good apply in Racking (BoL),6H00238,N,2212191829,TP- 1874MDTZF-2T,7/15/2026 4:03,7/15/2026 4:08,7/17/2026 15:30,2.5,8/4/2026 0:00,11664,29,11635
NEO,PSL B2,DummyEnd,Semi-Finished Good apply in Racking (BoL),6H00256,N,2212191829,TP- 1874MDTZF-2T,7/15/2026 14:25,7/15/2026 14:34,7/17/2026 15:31,2,8/4/2026 0:00,11664,69,11595
NEO,PSL B2,DummyEnd,Semi-Finished Good apply in Racking (BoL),6H00257,N,2212191829,TP- 1874MDTZF-2T,7/15/2026 14:25,7/15/2026 14:34,7/17/2026 15:30,2,8/4/2026 0:00,11664,0,11664
NEO,PSL B2,DummyEnd,Semi-Finished Good apply in Racking (BoL),6H00270,N,2212191829,TP- 1874MDTZF-2T,7/15/2026 17:00,7/15/2026 17:11,7/17/2026 15:29,1.9,8/4/2026 0:00,11664,0,11664
NEO,PSL B2,DummyEnd,Semi-Finished Good apply in Racking (BoL),6H00271,N,2212191829,TP- 1874MDTZF-2T,7/15/2026 17:00,7/15/2026 17:11,7/17/2026 15:30,1.9,8/4/2026 0:00,11664,0,11664
NEO,PSL B2,DummyEnd,Semi-Finished Good apply in Racking (BoL),6H00301,N,2212191829,TP- 1874MDTZF-2T,7/16/2026 2:16,7/16/2026 2:29,7/18/2026 15:13,2.5,8/4/2026 0:00,11664,0,11664
NEO,PSL B2,DummyEnd,Semi-Finished Good apply in Racking (BoL),6H00302,N,2212191829,TP- 1874MDTZF-2T,7/16/2026 2:16,7/16/2026 2:29,7/17/2026 15:31,1.5,8/4/2026 0:00,11664,0,11664
NEO,PSL B2,DummyEnd,Semi-Finished Good apply in Racking (BoL),6H00310,N,2212191829,TP- 1874MDTZF-2T,7/16/2026 2:35,7/16/2026 2:38,7/17/2026 15:32,1.5,8/4/2026 0:00,11664,86,11578
NEO,PSL B2,DummyEnd,Semi-Finished Good apply in Racking (BoL),6H00319,N,2212191829,TP- 1874MDTZF-2T,7/16/2026 14:39,7/16/2026 14:43,7/18/2026 15:14,2,8/4/2026 0:00,11664,7,11657
NEO,PSL B2,DummyEnd,Semi-Finished Good apply in Racking (BoL),6H00320,N,2212191829,TP- 1874MDTZF-2T,7/16/2026 14:39,7/16/2026 14:44,7/18/2026 15:14,2,8/4/2026 0:00,11664,0,11664
NEO,PSL B2,DummyEnd,Semi-Finished Good apply in Racking (BoL),6H00342,N,2212191829,TP- 1874MDTZF-2T,7/16/2026 18:51,7/16/2026 18:56,7/18/2026 15:15,1.9,8/10/2026 0:00,11664,19,11645
NEO,PSL B2,DummyEnd,Semi-Finished Good apply in Racking (BoL),6H00343,N,2212191829,TP- 1874MDTZF-2T,7/16/2026 18:51,7/16/2026 18:56,7/18/2026 15:14,1.9,8/10/2026 0:00,11664,0,11664
NEO,PSL B2,DummyEnd,Semi-Finished Good apply in Racking (BoL),6H00350,N,2212191829,TP- 1874MDTZF-2T,7/17/2026 1:26,7/17/2026 1:31,7/18/2026 15:14,1.6,8/4/2026 0:00,11664,0,11664
NEO,PSL B2,DummyEnd,Semi-Finished Good apply in Racking (BoL),6H00351,N,2212191829,TP- 1874MDTZF-2T,7/17/2026 1:27,7/17/2026 1:31,7/18/2026 15:15,1.6,8/4/2026 0:00,11664,0,11664
NEO,PSL B2,DummyEnd,Semi-Finished Good apply in Racking (BoL),6H00363,N,2212191829,TP- 1874MDTZF-2T,7/17/2026 1:40,7/17/2026 1:51,7/18/2026 15:14,1.6,8/4/2026 0:00,11664,0,11664
NEO,PSL B2,DummyEnd,Semi-Finished Good apply in Racking (BoL),6H00381,N,2212191829,TP- 1874MDTZF-2T,7/17/2026 14:43,7/17/2026 14:49,7/18/2026 15:13,1,8/4/2026 0:00,11664,0,11664
NEO,PSL B2,DummyEnd,Semi-Finished Good apply in Racking (BoL),6H00382,N,2212191829,TP- 1874MDTZF-2T,7/17/2026 14:43,7/17/2026 14:49,7/19/2026 9:14,1.8,8/4/2026 0:00,11664,53,11611
NEO,PSL B2,DummyEnd,Semi-Finished Good apply in Racking (BoL),6H00383,N,2212191829,TP- 1874MDTZF-2T,7/17/2026 14:55,7/17/2026 14:59,7/19/2026 9:17,1.8,8/4/2026 0:00,11664,6,11658
NEO,PSL B2,DummyEnd,Semi-Finished Good apply in Racking (BoL),6H00384,N,2212191829,TP- 1874MDTZF-2T,7/17/2026 14:55,7/17/2026 15:00,7/19/2026 9:17,1.8,8/5/2026 0:00,11664,0,11664
NEO,PSL B2,DummyEnd,Semi-Finished Good apply in Racking (BoL),6H00407,N,2212191829,TP- 1874MDTZF-2T,7/18/2026 1:54,7/18/2026 2:00,7/19/2026 9:16,1.3,8/5/2026 0:00,11664,0,11664
NEO,PSL B2,DummyEnd,Semi-Finished Good apply in Racking (BoL),6H00409,N,2212191829,TP- 1874MDTZF-2T,7/18/2026 2:49,7/18/2026 2:49,7/19/2026 9:14,1.3,8/5/2026 0:00,11664,22,11642
NEO,PSL B2,DummyEnd,Semi-Finished Good apply in Racking (BoL),6H00410,N,2212191829,TP- 1874MDTZF-2T,7/18/2026 2:49,7/18/2026 2:50,7/19/2026 9:17,1.3,8/5/2026 0:00,11664,0,11664
